トライアロー 株式会社,https://www.green-japan.com/job/115070,青森県，岩手県，宮城県，秋田県，山形県，福島県
nmsエンジニアリング株式会社（旧：日本マニュファクチャリングサービス株式会社 エンジニアリング事業部）,https://www.green-japan.com/job/114420,北海道
クラフトバンク 株式会社,https://www.green-japan.com/job/114297,東京都
株式会社 TMJ,https://www.green-japan.com/job/107351,東京都
GPSSホールディングス 株式会社,https://www.green-japan.com/job/111661,東京都
合同会社 AMDlab,https://www.green-japan.com/job/110246,埼玉県，千葉県，神奈川県，愛知県，大阪府，福岡県
株式会社 アウトソーシングテクノロジー R&D事業本部,https://www.green-japan.com/job/108950,大阪府
株式会社 ジャパネットホールディングス,https://www.green-japan.com/job/106909,福岡県
株式会社 アーキ・ジャパン,https://www.green-japan.com/job/87206,青森県，岩手県，宮城県，秋田県，山形県，福島県，茨城県，栃木県，群馬県，新潟県，富山県，石川県，福井県，山梨県，長野県，岐阜県，静岡県，三重県，滋賀県，奈良県，和歌山県，鳥取県，島根県，岡山県，広島県，山口県，徳島県，香川県，愛媛県，高知県，佐賀県，長崎県，熊本県，大分県，宮崎県，鹿児島県，沖縄県
株式会社 WAKUWAKU,https://www.green-japan.com/job/110206,神奈川県
株式会社 サクラ,https://www.green-japan.com/job/54609,栃木県
シンテグレート 合同会社,https://www.green-japan.com/job/96790,東京都
ソニーネットワークコミュニケーションズ 株式会社,https://www.green-japan.com/job/111486,東京都
株式会社 クリーク・アンド・リバー社,https://www.green-japan.com/job/107030,東京都
株式会社 サンプロ,https://www.green-japan.com/job/59408,長野県
グラビティ 株式会社,https://www.green-japan.com/job/104403,神奈川県
ラッキー工芸 株式会社,https://www.green-japan.com/job/113262,大阪府
QuEST Global Services Pte. Ltd.,https://www.green-japan.com/job/108168,海外
株式会社 ストロボライト,https://www.green-japan.com/job/113045,東京都
ピットデザイン 株式会社,https://www.green-japan.com/job/70881,大阪府
株式会社 綜合デザイン,https://www.green-japan.com/job/112765,東京都，大阪府
SUGUNI 株式会社,https://www.green-japan.com/job/17745,大阪府，全国
株式会社 田中衡機工業所,https://www.green-japan.com/job/98753,新潟県
ハーバーハウス 株式会社,https://www.green-japan.com/job/56559,新潟県，長野県
株式会社 アスラボ,https://www.green-japan.com/job/102712,東京都
矢野建設 株式会社,https://www.green-japan.com/job/27072,大阪府
英進設計工業 株式会社,https://www.green-japan.com/job/28983,大阪府，兵庫県
ピーディーシー 株式会社,https://www.green-japan.com/job/49898,東京都
株式会社 夢真ホールディングス,https://www.green-japan.com/job/71046,全国
ジャパン・トゥエンティワン 株式会社,https://www.green-japan.com/job/102073,東京都，愛知県
株式会社 KSK,https://www.green-japan.com/job/82265,茨城県
ADEKA総合設備 株式会社,https://www.green-japan.com/job/10972,東京都
株式会社 レックス,https://www.green-japan.com/job/79916,兵庫県
株式会社 アイプラン,https://www.green-japan.com/job/76599,福岡県
株式会社 アイルミッション(旧クリティックミッションジャパン),https://www.green-japan.com/job/86883,神奈川県
YBS 株式会社,https://www.green-japan.com/job/105845,兵庫県
田中土建工業 株式会社,https://www.green-japan.com/job/3291,埼玉県，東京都，神奈川県
株式会社 ファイナルゲート,https://www.green-japan.com/job/17715,東京都
アイ-ウッド 株式会社,https://www.green-japan.com/job/61707,熊本県
株式会社 エム・ビー・アイ,https://www.green-japan.com/job/16630,東京都
ニュージャパンコンサルタンツ 株式会社,https://www.green-japan.com/job/11055,東京都
株式会社 全農林,https://www.green-japan.com/job/27213,岐阜県
