株式会社 サクラ,栃木県,https://www.green-japan.com/job/54609,https://itp.ne.jp/keyword/?keyword=%E6%A0%AA%E5%BC%8F%E4%BC%9A%E7%A4%BE%20%E3%82%B5%E3%82%AF%E3%83%A9&sort=01&sbmap=false
トライアロー 株式会社,青森県，岩手県，宮城県，秋田県，山形県，福島県,https://www.green-japan.com/job/115070,https://itp.ne.jp/keyword/?keyword=%E3%83%88%E3%83%A9%E3%82%A4%E3%82%A2%E3%83%AD%E3%83%BC%20%E6%A0%AA%E5%BC%8F%E4%BC%9A%E7%A4%BE&sort=01&sbmap=false
nmsエンジニアリング株式会社（旧：日本マニュファクチャリングサービス株式会社 エンジニアリング事業部）,北海道,https://www.green-japan.com/job/114420,https://itp.ne.jp/keyword/?keyword=nms%E3%82%A8%E3%83%B3%E3%82%B8%E3%83%8B%E3%82%A2%E3%83%AA%E3%83%B3%E3%82%B0%E6%A0%AA%E5%BC%8F%E4%BC%9A%E7%A4%BE%EF%BC%88%E6%97%A7%EF%BC%9A%E6%97%A5%E6%9C%AC%E3%83%9E%E3%83%8B%E3%83%A5%E3%83%95%E3%82%A1%E3%82%AF%E3%83%81%E3%83%A3%E3%83%AA%E3%83%B3%E3%82%B0%E3%82%B5%E3%83%BC%E3%83%93%E3%82%B9%E6%A0%AA%E5%BC%8F%E4%BC%9A%E7%A4%BE%20%E3%82%A8%E3%83%B3%E3%82%B8%E3%83%8B%E3%82%A2%E3%83%AA%E3%83%B3%E3%82%B0%E4%BA%8B%E6%A5%AD%E9%83%A8%EF%BC%89&sort=01&sbmap=false
クラフトバンク 株式会社,東京都,https://www.green-japan.com/job/114297,https://itp.ne.jp/keyword/?keyword=%E3%82%AF%E3%83%A9%E3%83%95%E3%83%88%E3%83%90%E3%83%B3%E3%82%AF%20%E6%A0%AA%E5%BC%8F%E4%BC%9A%E7%A4%BE&sort=01&sbmap=false
株式会社 TMJ,東京都,https://www.green-japan.com/job/107351,https://itp.ne.jp/keyword/?keyword=%E6%A0%AA%E5%BC%8F%E4%BC%9A%E7%A4%BE%20TMJ&sort=01&sbmap=false
GPSSホールディングス 株式会社,東京都,https://www.green-japan.com/job/111661,https://itp.ne.jp/keyword/?keyword=GPSS%E3%83%9B%E3%83%BC%E3%83%AB%E3%83%87%E3%82%A3%E3%83%B3%E3%82%B0%E3%82%B9%20%E6%A0%AA%E5%BC%8F%E4%BC%9A%E7%A4%BE&sort=01&sbmap=false
合同会社 AMDlab,埼玉県，千葉県，神奈川県，愛知県，大阪府，福岡県,https://www.green-japan.com/job/110246,https://itp.ne.jp/keyword/?keyword=%E5%90%88%E5%90%8C%E4%BC%9A%E7%A4%BE%20AMDlab&sort=01&sbmap=false
株式会社 アウトソーシングテクノロジー R&D事業本部,大阪府,https://www.green-japan.com/job/108950,https://itp.ne.jp/keyword/?keyword=%E6%A0%AA%E5%BC%8F%E4%BC%9A%E7%A4%BE%20%E3%82%A2%E3%82%A6%E3%83%88%E3%82%BD%E3%83%BC%E3%82%B7%E3%83%B3%E3%82%B0%E3%83%86%E3%82%AF%E3%83%8E%E3%83%AD%E3%82%B8%E3%83%BC%20R%26D%E4%BA%8B%E6%A5%AD%E6%9C%AC%E9%83%A8&sort=01&sbmap=false
株式会社 ジャパネットホールディングス,福岡県,https://www.green-japan.com/job/106909,https://itp.ne.jp/keyword/?keyword=%E6%A0%AA%E5%BC%8F%E4%BC%9A%E7%A4%BE%20%E3%82%B8%E3%83%A3%E3%83%91%E3%83%8D%E3%83%83%E3%83%88%E3%83%9B%E3%83%BC%E3%83%AB%E3%83%87%E3%82%A3%E3%83%B3%E3%82%B0%E3%82%B9&sort=01&sbmap=false
株式会社 アーキ・ジャパン,青森県，岩手県，宮城県，秋田県，山形県，福島県，茨城県，栃木県，群馬県，新潟県，富山県，石川県，福井県，山梨県，長野県，岐阜県，静岡県，三重県，滋賀県，奈良県，和歌山県，鳥取県，島根県，岡山県，広島県，山口県，徳島県，香川県，愛媛県，高知県，佐賀県，長崎県，熊本県，大分県，宮崎県，鹿児島県，沖縄県,https://www.green-japan.com/job/87206,https://itp.ne.jp/keyword/?keyword=%E6%A0%AA%E5%BC%8F%E4%BC%9A%E7%A4%BE%20%E3%82%A2%E3%83%BC%E3%82%AD%E3%83%BB%E3%82%B8%E3%83%A3%E3%83%91%E3%83%B3&sort=01&sbmap=false
株式会社 WAKUWAKU,神奈川県,https://www.green-japan.com/job/110206,https://itp.ne.jp/keyword/?keyword=%E6%A0%AA%E5%BC%8F%E4%BC%9A%E7%A4%BE%20WAKUWAKU&sort=01&sbmap=false
株式会社 サクラ,栃木県,https://www.green-japan.com/job/54609,https://itp.ne.jp/keyword/?keyword=%E6%A0%AA%E5%BC%8F%E4%BC%9A%E7%A4%BE%20%E3%82%B5%E3%82%AF%E3%83%A9&sort=01&sbmap=false
シンテグレート 合同会社,東京都,https://www.green-japan.com/job/96790,https://itp.ne.jp/keyword/?keyword=%E3%82%B7%E3%83%B3%E3%83%86%E3%82%B0%E3%83%AC%E3%83%BC%E3%83%88%20%E5%90%88%E5%90%8C%E4%BC%9A%E7%A4%BE&sort=01&sbmap=false
ソニーネットワークコミュニケーションズ 株式会社,東京都,https://www.green-japan.com/job/111486,https://itp.ne.jp/keyword/?keyword=%E3%82%BD%E3%83%8B%E3%83%BC%E3%83%8D%E3%83%83%E3%83%88%E3%83%AF%E3%83%BC%E3%82%AF%E3%82%B3%E3%83%9F%E3%83%A5%E3%83%8B%E3%82%B1%E3%83%BC%E3%82%B7%E3%83%A7%E3%83%B3%E3%82%BA%20%E6%A0%AA%E5%BC%8F%E4%BC%9A%E7%A4%BE&sort=01&sbmap=false
株式会社 クリーク・アンド・リバー社,東京都,https://www.green-japan.com/job/107030,https://itp.ne.jp/keyword/?keyword=%E6%A0%AA%E5%BC%8F%E4%BC%9A%E7%A4%BE%20%E3%82%AF%E3%83%AA%E3%83%BC%E3%82%AF%E3%83%BB%E3%82%A2%E3%83%B3%E3%83%89%E3%83%BB%E3%83%AA%E3%83%90%E3%83%BC%E7%A4%BE&sort=01&sbmap=false
株式会社 サンプロ,長野県,https://www.green-japan.com/job/59408,https://itp.ne.jp/keyword/?keyword=%E6%A0%AA%E5%BC%8F%E4%BC%9A%E7%A4%BE%20%E3%82%B5%E3%83%B3%E3%83%97%E3%83%AD&sort=01&sbmap=false
グラビティ 株式会社,神奈川県,https://www.green-japan.com/job/104403,https://itp.ne.jp/keyword/?keyword=%E3%82%B0%E3%83%A9%E3%83%93%E3%83%86%E3%82%A3%20%E6%A0%AA%E5%BC%8F%E4%BC%9A%E7%A4%BE&sort=01&sbmap=false
ラッキー工芸 株式会社,大阪府,https://www.green-japan.com/job/113262,https://itp.ne.jp/keyword/?keyword=%E3%83%A9%E3%83%83%E3%82%AD%E3%83%BC%E5%B7%A5%E8%8A%B8%20%E6%A0%AA%E5%BC%8F%E4%BC%9A%E7%A4%BE&sort=01&sbmap=false
QuEST Global Services Pte. Ltd.,海外,https://www.green-japan.com/job/108168,https://itp.ne.jp/keyword/?keyword=QuEST%20Global%20Services%20Pte.%20Ltd.&sort=01&sbmap=false
株式会社 ストロボライト,東京都,https://www.green-japan.com/job/113045,https://itp.ne.jp/keyword/?keyword=%E6%A0%AA%E5%BC%8F%E4%BC%9A%E7%A4%BE%20%E3%82%B9%E3%83%88%E3%83%AD%E3%83%9C%E3%83%A9%E3%82%A4%E3%83%88&sort=01&sbmap=false
ピットデザイン 株式会社,大阪府,https://www.green-japan.com/job/70881,https://itp.ne.jp/keyword/?keyword=%E3%83%94%E3%83%83%E3%83%88%E3%83%87%E3%82%B6%E3%82%A4%E3%83%B3%20%E6%A0%AA%E5%BC%8F%E4%BC%9A%E7%A4%BE&sort=01&sbmap=false
株式会社 綜合デザイン,東京都，大阪府,https://www.green-japan.com/job/112765,https://itp.ne.jp/keyword/?keyword=%E6%A0%AA%E5%BC%8F%E4%BC%9A%E7%A4%BE%20%E7%B6%9C%E5%90%88%E3%83%87%E3%82%B6%E3%82%A4%E3%83%B3&sort=01&sbmap=false
SUGUNI 株式会社,大阪府，全国,https://www.green-japan.com/job/17745,https://itp.ne.jp/keyword/?keyword=SUGUNI%20%E6%A0%AA%E5%BC%8F%E4%BC%9A%E7%A4%BE&sort=01&sbmap=false
株式会社 田中衡機工業所,新潟県,https://www.green-japan.com/job/98753,https://itp.ne.jp/keyword/?keyword=%E6%A0%AA%E5%BC%8F%E4%BC%9A%E7%A4%BE%20%E7%94%B0%E4%B8%AD%E8%A1%A1%E6%A9%9F%E5%B7%A5%E6%A5%AD%E6%89%80&sort=01&sbmap=false
ハーバーハウス 株式会社,新潟県，長野県,https://www.green-japan.com/job/56559,https://itp.ne.jp/keyword/?keyword=%E3%83%8F%E3%83%BC%E3%83%90%E3%83%BC%E3%83%8F%E3%82%A6%E3%82%B9%20%E6%A0%AA%E5%BC%8F%E4%BC%9A%E7%A4%BE&sort=01&sbmap=false
株式会社 アスラボ,東京都,https://www.green-japan.com/job/102712,https://itp.ne.jp/keyword/?keyword=%E6%A0%AA%E5%BC%8F%E4%BC%9A%E7%A4%BE%20%E3%82%A2%E3%82%B9%E3%83%A9%E3%83%9C&sort=01&sbmap=false
矢野建設 株式会社,大阪府,https://www.green-japan.com/job/27072,https://itp.ne.jp/keyword/?keyword=%E7%9F%A2%E9%87%8E%E5%BB%BA%E8%A8%AD%20%E6%A0%AA%E5%BC%8F%E4%BC%9A%E7%A4%BE&sort=01&sbmap=false
英進設計工業 株式会社,大阪府，兵庫県,https://www.green-japan.com/job/28983,https://itp.ne.jp/keyword/?keyword=%E8%8B%B1%E9%80%B2%E8%A8%AD%E8%A8%88%E5%B7%A5%E6%A5%AD%20%E6%A0%AA%E5%BC%8F%E4%BC%9A%E7%A4%BE&sort=01&sbmap=false
ピーディーシー 株式会社,東京都,https://www.green-japan.com/job/49898,https://itp.ne.jp/keyword/?keyword=%E3%83%94%E3%83%BC%E3%83%87%E3%82%A3%E3%83%BC%E3%82%B7%E3%83%BC%20%E6%A0%AA%E5%BC%8F%E4%BC%9A%E7%A4%BE&sort=01&sbmap=false
株式会社 夢真ホールディングス,全国,https://www.green-japan.com/job/71046,https://itp.ne.jp/keyword/?keyword=%E6%A0%AA%E5%BC%8F%E4%BC%9A%E7%A4%BE%20%E5%A4%A2%E7%9C%9F%E3%83%9B%E3%83%BC%E3%83%AB%E3%83%87%E3%82%A3%E3%83%B3%E3%82%B0%E3%82%B9&sort=01&sbmap=false
ジャパン・トゥエンティワン 株式会社,東京都，愛知県,https://www.green-japan.com/job/102073,https://itp.ne.jp/keyword/?keyword=%E3%82%B8%E3%83%A3%E3%83%91%E3%83%B3%E3%83%BB%E3%83%88%E3%82%A5%E3%82%A8%E3%83%B3%E3%83%86%E3%82%A3%E3%83%AF%E3%83%B3%20%E6%A0%AA%E5%BC%8F%E4%BC%9A%E7%A4%BE&sort=01&sbmap=false
株式会社 KSK,茨城県,https://www.green-japan.com/job/82265,https://itp.ne.jp/keyword/?keyword=%E6%A0%AA%E5%BC%8F%E4%BC%9A%E7%A4%BE%20KSK&sort=01&sbmap=false
ADEKA総合設備 株式会社,東京都,https://www.green-japan.com/job/10972,https://itp.ne.jp/keyword/?keyword=ADEKA%E7%B7%8F%E5%90%88%E8%A8%AD%E5%82%99%20%E6%A0%AA%E5%BC%8F%E4%BC%9A%E7%A4%BE&sort=01&sbmap=false
株式会社 レックス,兵庫県,https://www.green-japan.com/job/79916,https://itp.ne.jp/keyword/?keyword=%E6%A0%AA%E5%BC%8F%E4%BC%9A%E7%A4%BE%20%E3%83%AC%E3%83%83%E3%82%AF%E3%82%B9&sort=01&sbmap=false
株式会社 アイプラン,福岡県,https://www.green-japan.com/job/76599,https://itp.ne.jp/keyword/?keyword=%E6%A0%AA%E5%BC%8F%E4%BC%9A%E7%A4%BE%20%E3%82%A2%E3%82%A4%E3%83%97%E3%83%A9%E3%83%B3&sort=01&sbmap=false
株式会社 アイルミッション(旧クリティックミッションジャパン),神奈川県,https://www.green-japan.com/job/86883,https://itp.ne.jp/keyword/?keyword=%E6%A0%AA%E5%BC%8F%E4%BC%9A%E7%A4%BE%20%E3%82%A2%E3%82%A4%E3%83%AB%E3%83%9F%E3%83%83%E3%82%B7%E3%83%A7%E3%83%B3%28%E6%97%A7%E3%82%AF%E3%83%AA%E3%83%86%E3%82%A3%E3%83%83%E3%82%AF%E3%83%9F%E3%83%83%E3%82%B7%E3%83%A7%E3%83%B3%E3%82%B8%E3%83%A3%E3%83%91%E3%83%B3%29&sort=01&sbmap=false
YBS 株式会社,兵庫県,https://www.green-japan.com/job/105845,https://itp.ne.jp/keyword/?keyword=YBS%20%E6%A0%AA%E5%BC%8F%E4%BC%9A%E7%A4%BE&sort=01&sbmap=false
田中土建工業 株式会社,埼玉県，東京都，神奈川県,https://www.green-japan.com/job/3291,https://itp.ne.jp/keyword/?keyword=%E7%94%B0%E4%B8%AD%E5%9C%9F%E5%BB%BA%E5%B7%A5%E6%A5%AD%20%E6%A0%AA%E5%BC%8F%E4%BC%9A%E7%A4%BE&sort=01&sbmap=false
株式会社 ファイナルゲート,東京都,https://www.green-japan.com/job/17715,https://itp.ne.jp/keyword/?keyword=%E6%A0%AA%E5%BC%8F%E4%BC%9A%E7%A4%BE%20%E3%83%95%E3%82%A1%E3%82%A4%E3%83%8A%E3%83%AB%E3%82%B2%E3%83%BC%E3%83%88&sort=01&sbmap=false
アイ-ウッド 株式会社,熊本県,https://www.green-japan.com/job/61707,https://itp.ne.jp/keyword/?keyword=%E3%82%A2%E3%82%A4-%E3%82%A6%E3%83%83%E3%83%89%20%E6%A0%AA%E5%BC%8F%E4%BC%9A%E7%A4%BE&sort=01&sbmap=false
株式会社 エム・ビー・アイ,東京都,https://www.green-japan.com/job/16630,https://itp.ne.jp/keyword/?keyword=%E6%A0%AA%E5%BC%8F%E4%BC%9A%E7%A4%BE%20%E3%82%A8%E3%83%A0%E3%83%BB%E3%83%93%E3%83%BC%E3%83%BB%E3%82%A2%E3%82%A4&sort=01&sbmap=false
ニュージャパンコンサルタンツ 株式会社,東京都,https://www.green-japan.com/job/11055,https://itp.ne.jp/keyword/?keyword=%E3%83%8B%E3%83%A5%E3%83%BC%E3%82%B8%E3%83%A3%E3%83%91%E3%83%B3%E3%82%B3%E3%83%B3%E3%82%B5%E3%83%AB%E3%82%BF%E3%83%B3%E3%83%84%20%E6%A0%AA%E5%BC%8F%E4%BC%9A%E7%A4%BE&sort=01&sbmap=false
株式会社 全農林,岐阜県,https://www.green-japan.com/job/27213,https://itp.ne.jp/keyword/?keyword=%E6%A0%AA%E5%BC%8F%E4%BC%9A%E7%A4%BE%20%E5%85%A8%E8%BE%B2%E6%9E%97&sort=01&sbmap=false
