name,url
株式会社アクロビジョン,https://employment.en-japan.com:443/desc_1032233/?PK=DC75CA&arearoute=1
"ワークスアイディ株式会社（Works ID Co.,Ltd.）",https://employment.en-japan.com:443/desc_1033046/?PK=DC75CA&arearoute=1
株式会社エスアイイー,https://employment.en-japan.com:443/desc_1034203/?PK=DC75CA&arearoute=1
株式会社夢テクノロジー,https://employment.en-japan.com:443/desc_1035996/?PK=DC75CA&arearoute=1
株式会社富士通ゼネラルOSテクノロジー,https://employment.en-japan.com:443/desc_1037862/?PK=DC75CA&arearoute=1
株式会社スタッフサービス エンジニアリング事業本部（リクルートグループ）,https://employment.en-japan.com:443/desc_1037936/?PK=DC75CA&arearoute=1
株式会社Branding Engineer（東証マザーズ上場）,https://employment.en-japan.com:443/desc_1038356/?PK=DC75CA&arearoute=1
"ワークスアイディ株式会社（Works ID Co.,Ltd.）",https://employment.en-japan.com:443/desc_1039044/?PK=DC75CA&arearoute=1
ユー・アイ・ソリューションズ株式会社,https://employment.en-japan.com:443/desc_1039735/?PK=DC75CA&arearoute=1
株式会社CROSS ONE,https://employment.en-japan.com:443/desc_1026425/?PK=DC75CA&arearoute=1
株式会社新生ビジネスパートナーズ,https://employment.en-japan.com:443/desc_1028793/?PK=DC75CA&arearoute=1
株式会社C3アドバンステクノロジー,https://employment.en-japan.com:443/desc_1034133/?PK=DC75CA&arearoute=1
i.Color株式会社,https://employment.en-japan.com:443/desc_1036713/?PK=DC75CA&arearoute=1
株式会社ビジネクスト,https://employment.en-japan.com:443/desc_1036806/?PK=DC75CA&arearoute=1
東海興業株式会社,https://employment.en-japan.com:443/desc_1038102/?PK=DC75CA&arearoute=1
株式会社アーシャルデザイン,https://employment.en-japan.com:443/desc_1038131/?PK=DC75CA&arearoute=1
アドバンステクノロジー株式会社,https://employment.en-japan.com:443/desc_1038144/?PK=DC75CA&arearoute=1
株式会社リーディ,https://employment.en-japan.com:443/desc_1038765/?PK=DC75CA&arearoute=1
AppTime株式会社,https://employment.en-japan.com:443/desc_1039108/?PK=DC75CA&arearoute=1
シスネット株式会社,https://employment.en-japan.com:443/desc_1039116/?PK=DC75CA&arearoute=1
株式会社新都市情報システム,https://employment.en-japan.com:443/desc_1039277/?PK=DC75CA&arearoute=1
住友化学株式会社（東証一部上場）,https://employment.en-japan.com:443/desc_1040677/?PK=DC75CA&arearoute=1
株式会社クルーズ,https://employment.en-japan.com:443/desc_1040747/?PK=DC75CA&arearoute=1
株式会社BTM,https://employment.en-japan.com:443/desc_1040817/?PK=DC75CA&arearoute=1
株式会社宇部情報システム,https://employment.en-japan.com:443/desc_1040889/?PK=DC75CA&arearoute=1
株式会社日立ソリューションズ,https://employment.en-japan.com:443/desc_1040894/?PK=DC75CA&arearoute=1
住化ロジスティクス株式会社,https://employment.en-japan.com:443/desc_1040914/?PK=DC75CA&arearoute=1
株式会社ビスカス,https://employment.en-japan.com:443/desc_1041243/?PK=DC75CA&arearoute=1
株式会社ファンコミュニケーションズ（東証一部上場）,https://employment.en-japan.com:443/desc_1041247/?PK=DC75CA&arearoute=1
佐野器械株式会社,https://employment.en-japan.com:443/desc_1041263/?PK=DC75CA&arearoute=1
岡田装飾金物株式会社,https://employment.en-japan.com:443/desc_1041265/?PK=DC75CA&arearoute=1
株式会社サンビット,https://employment.en-japan.com:443/desc_1041271/?PK=DC75CA&arearoute=1
株式会社ぐるなび（東証一部上場）,https://employment.en-japan.com:443/desc_1041353/?PK=DC75CA&arearoute=1
メタルテック株式会社,https://employment.en-japan.com:443/desc_1041625/?PK=DC75CA&arearoute=1
株式会社フューチャーショップ,https://employment.en-japan.com:443/desc_1041660/?PK=DC75CA&arearoute=1
株式会社ダイサン（東証二部上場）,https://employment.en-japan.com:443/desc_1041664/?PK=DC75CA&arearoute=1
株式会社ブルックス,https://employment.en-japan.com:443/desc_1041669/?PK=DC75CA&arearoute=1
株式会社シノケングループ（東証JASDAQ上場）,https://employment.en-japan.com:443/desc_1041678/?PK=DC75CA&arearoute=1
株式会社ネクソン（東証一部上場）,https://employment.en-japan.com:443/desc_1041682/?PK=DC75CA&arearoute=1
株式会社ネクソン（東証一部上場）,https://employment.en-japan.com:443/desc_1041683/?PK=DC75CA&arearoute=1
株式会社ハイマックス（東証一部上場）,https://employment.en-japan.com:443/desc_1041685/?PK=DC75CA&arearoute=1
株式会社ハイマックス（東証一部上場）,https://employment.en-japan.com:443/desc_1041687/?PK=DC75CA&arearoute=1
株式会社ラクス（東証マザーズ上場）,https://employment.en-japan.com:443/desc_1041692/?PK=DC75CA&arearoute=1
株式会社ラクス（東証マザーズ上場）,https://employment.en-japan.com:443/desc_1041693/?PK=DC75CA&arearoute=1
株式会社セットアップ,https://employment.en-japan.com:443/desc_1041703/?PK=DC75CA&arearoute=1
株式会社タイテック,https://employment.en-japan.com:443/desc_1041704/?PK=DC75CA&arearoute=1
株式会社サイバーセキュリティクラウド（東証マザーズ上場）,https://employment.en-japan.com:443/desc_1041705/?PK=DC75CA&arearoute=1
株式会社パートナー,https://employment.en-japan.com:443/desc_1041707/?PK=DC75CA&arearoute=1
株式会社テラスカイ（東証一部上場）,https://employment.en-japan.com:443/desc_1041708/?PK=DC75CA&arearoute=1
