s1_name,s3_location,s2_a_url,https://itp.ne.jp/keyword/?keyword=s1_name&areaword=s3_location&sort=01&sbmap=false
17LIVE 株式会社,東京都,https://www.green-japan.com/job/111617,https://itp.ne.jp/keyword/?keyword=17LIVE%20%E6%A0%AA%E5%BC%8F%E4%BC%9A%E7%A4%BE&areaword=%E6%9D%B1%E4%BA%AC%E9%83%BD&sort=01&sbmap=false
学校法人 麻生塾,福岡県,https://www.green-japan.com/job/116114,https://itp.ne.jp/keyword/?keyword=%E5%AD%A6%E6%A0%A1%E6%B3%95%E4%BA%BA%20%E9%BA%BB%E7%94%9F%E5%A1%BE&areaword=%E7%A6%8F%E5%B2%A1%E7%9C%8C&sort=01&sbmap=false
パイオニア 株式会社,東京都,https://www.green-japan.com/job/115567,https://itp.ne.jp/keyword/?keyword=%E3%83%91%E3%82%A4%E3%82%AA%E3%83%8B%E3%82%A2%20%E6%A0%AA%E5%BC%8F%E4%BC%9A%E7%A4%BE&areaword=%E6%9D%B1%E4%BA%AC%E9%83%BD&sort=01&sbmap=false
株式会社 システナ,東京都,https://www.green-japan.com/job/115364,https://itp.ne.jp/keyword/?keyword=%E6%A0%AA%E5%BC%8F%E4%BC%9A%E7%A4%BE%20%E3%82%B7%E3%82%B9%E3%83%86%E3%83%8A&areaword=%E6%9D%B1%E4%BA%AC%E9%83%BD&sort=01&sbmap=false
FACTO PTE. LTD. ,東京都，全国，海外,https://www.green-japan.com/job/106337,https://itp.ne.jp/keyword/?keyword=FACTO%20PTE.%20LTD.%20&areaword=%E6%9D%B1%E4%BA%AC%E9%83%BD%EF%BC%8C%E5%85%A8%E5%9B%BD%EF%BC%8C%E6%B5%B7%E5%A4%96&sort=01&sbmap=false
bravesoft 株式会社,東京都,https://www.green-japan.com/job/110016,https://itp.ne.jp/keyword/?keyword=bravesoft%20%E6%A0%AA%E5%BC%8F%E4%BC%9A%E7%A4%BE&areaword=%E6%9D%B1%E4%BA%AC%E9%83%BD&sort=01&sbmap=false
株式会社 アクア,東京都,https://www.green-japan.com/job/116001,https://itp.ne.jp/keyword/?keyword=%E6%A0%AA%E5%BC%8F%E4%BC%9A%E7%A4%BE%20%E3%82%A2%E3%82%AF%E3%82%A2&areaword=%E6%9D%B1%E4%BA%AC%E9%83%BD&sort=01&sbmap=false
株式会社 AXSEED,東京都,https://www.green-japan.com/job/106474,https://itp.ne.jp/keyword/?keyword=%E6%A0%AA%E5%BC%8F%E4%BC%9A%E7%A4%BE%20AXSEED&areaword=%E6%9D%B1%E4%BA%AC%E9%83%BD&sort=01&sbmap=false
CAPS 株式会社,東京都,https://www.green-japan.com/job/116020,https://itp.ne.jp/keyword/?keyword=CAPS%20%E6%A0%AA%E5%BC%8F%E4%BC%9A%E7%A4%BE&areaword=%E6%9D%B1%E4%BA%AC%E9%83%BD&sort=01&sbmap=false
株式会社 イープラス,東京都,https://www.green-japan.com/job/115836,https://itp.ne.jp/keyword/?keyword=%E6%A0%AA%E5%BC%8F%E4%BC%9A%E7%A4%BE%20%E3%82%A4%E3%83%BC%E3%83%97%E3%83%A9%E3%82%B9&areaword=%E6%9D%B1%E4%BA%AC%E9%83%BD&sort=01&sbmap=false
株式会社 インヴァランス,東京都,https://www.green-japan.com/job/114991,https://itp.ne.jp/keyword/?keyword=%E6%A0%AA%E5%BC%8F%E4%BC%9A%E7%A4%BE%20%E3%82%A4%E3%83%B3%E3%83%B4%E3%82%A1%E3%83%A9%E3%83%B3%E3%82%B9&areaword=%E6%9D%B1%E4%BA%AC%E9%83%BD&sort=01&sbmap=false
ナレッジスイート 株式会社,東京都,https://www.green-japan.com/job/114333,https://itp.ne.jp/keyword/?keyword=%E3%83%8A%E3%83%AC%E3%83%83%E3%82%B8%E3%82%B9%E3%82%A4%E3%83%BC%E3%83%88%20%E6%A0%AA%E5%BC%8F%E4%BC%9A%E7%A4%BE&areaword=%E6%9D%B1%E4%BA%AC%E9%83%BD&sort=01&sbmap=false
株式会社 BIGBANG,東京都,https://www.green-japan.com/job/100559,https://itp.ne.jp/keyword/?keyword=%E6%A0%AA%E5%BC%8F%E4%BC%9A%E7%A4%BE%20BIGBANG&areaword=%E6%9D%B1%E4%BA%AC%E9%83%BD&sort=01&sbmap=false
カレント自動車 株式会社,神奈川県,https://www.green-japan.com/job/115645,https://itp.ne.jp/keyword/?keyword=%E3%82%AB%E3%83%AC%E3%83%B3%E3%83%88%E8%87%AA%E5%8B%95%E8%BB%8A%20%E6%A0%AA%E5%BC%8F%E4%BC%9A%E7%A4%BE&areaword=%E7%A5%9E%E5%A5%88%E5%B7%9D%E7%9C%8C&sort=01&sbmap=false
パーソルプロセス＆テクノロジー株式会社（旧：株式会社インテリジェンス ビジネスソリューションズ）,東京都,https://www.green-japan.com/job/115960,https://itp.ne.jp/keyword/?keyword=%E3%83%91%E3%83%BC%E3%82%BD%E3%83%AB%E3%83%97%E3%83%AD%E3%82%BB%E3%82%B9%EF%BC%86%E3%83%86%E3%82%AF%E3%83%8E%E3%83%AD%E3%82%B8%E3%83%BC%E6%A0%AA%E5%BC%8F%E4%BC%9A%E7%A4%BE%EF%BC%88%E6%97%A7%EF%BC%9A%E6%A0%AA%E5%BC%8F%E4%BC%9A%E7%A4%BE%E3%82%A4%E3%83%B3%E3%83%86%E3%83%AA%E3%82%B8%E3%82%A7%E3%83%B3%E3%82%B9%20%E3%83%93%E3%82%B8%E3%83%8D%E3%82%B9%E3%82%BD%E3%83%AA%E3%83%A5%E3%83%BC%E3%82%B7%E3%83%A7%E3%83%B3%E3%82%BA%EF%BC%89&areaword=%E6%9D%B1%E4%BA%AC%E9%83%BD&sort=01&sbmap=false
TOONE 株式会社,東京都,https://www.green-japan.com/job/115090,https://itp.ne.jp/keyword/?keyword=TOONE%20%E6%A0%AA%E5%BC%8F%E4%BC%9A%E7%A4%BE&areaword=%E6%9D%B1%E4%BA%AC%E9%83%BD&sort=01&sbmap=false
株式会社 本間ゴルフ,東京都,https://www.green-japan.com/job/115609,https://itp.ne.jp/keyword/?keyword=%E6%A0%AA%E5%BC%8F%E4%BC%9A%E7%A4%BE%20%E6%9C%AC%E9%96%93%E3%82%B4%E3%83%AB%E3%83%95&areaword=%E6%9D%B1%E4%BA%AC%E9%83%BD&sort=01&sbmap=false
株式会社 アンドパッド,東京都,https://www.green-japan.com/job/115848,https://itp.ne.jp/keyword/?keyword=%E6%A0%AA%E5%BC%8F%E4%BC%9A%E7%A4%BE%20%E3%82%A2%E3%83%B3%E3%83%89%E3%83%91%E3%83%83%E3%83%89&areaword=%E6%9D%B1%E4%BA%AC%E9%83%BD&sort=01&sbmap=false
株式会社 シンカ,東京都,https://www.green-japan.com/job/85563,https://itp.ne.jp/keyword/?keyword=%E6%A0%AA%E5%BC%8F%E4%BC%9A%E7%A4%BE%20%E3%82%B7%E3%83%B3%E3%82%AB&areaword=%E6%9D%B1%E4%BA%AC%E9%83%BD&sort=01&sbmap=false
フリービット 株式会社,東京都,https://www.green-japan.com/job/114448,https://itp.ne.jp/keyword/?keyword=%E3%83%95%E3%83%AA%E3%83%BC%E3%83%93%E3%83%83%E3%83%88%20%E6%A0%AA%E5%BC%8F%E4%BC%9A%E7%A4%BE&areaword=%E6%9D%B1%E4%BA%AC%E9%83%BD&sort=01&sbmap=false
株式会社 シェアウィズ,大阪府,https://www.green-japan.com/job/113480,https://itp.ne.jp/keyword/?keyword=%E6%A0%AA%E5%BC%8F%E4%BC%9A%E7%A4%BE%20%E3%82%B7%E3%82%A7%E3%82%A2%E3%82%A6%E3%82%A3%E3%82%BA&areaword=%E5%A4%A7%E9%98%AA%E5%BA%9C&sort=01&sbmap=false
株式会社 EXIDEA,東京都,https://www.green-japan.com/job/114822,https://itp.ne.jp/keyword/?keyword=%E6%A0%AA%E5%BC%8F%E4%BC%9A%E7%A4%BE%20EXIDEA&areaword=%E6%9D%B1%E4%BA%AC%E9%83%BD&sort=01&sbmap=false
株式会社 Colorful Palette,東京都,https://www.green-japan.com/job/102875,https://itp.ne.jp/keyword/?keyword=%E6%A0%AA%E5%BC%8F%E4%BC%9A%E7%A4%BE%20Colorful%20Palette&areaword=%E6%9D%B1%E4%BA%AC%E9%83%BD&sort=01&sbmap=false
株式会社 TENTIAL,東京都,https://www.green-japan.com/job/115447,https://itp.ne.jp/keyword/?keyword=%E6%A0%AA%E5%BC%8F%E4%BC%9A%E7%A4%BE%20TENTIAL&areaword=%E6%9D%B1%E4%BA%AC%E9%83%BD&sort=01&sbmap=false
FISM 株式会社,東京都,https://www.green-japan.com/job/96100,https://itp.ne.jp/keyword/?keyword=FISM%20%E6%A0%AA%E5%BC%8F%E4%BC%9A%E7%A4%BE&areaword=%E6%9D%B1%E4%BA%AC%E9%83%BD&sort=01&sbmap=false
株式会社 セレス,東京都,https://www.green-japan.com/job/115729,https://itp.ne.jp/keyword/?keyword=%E6%A0%AA%E5%BC%8F%E4%BC%9A%E7%A4%BE%20%E3%82%BB%E3%83%AC%E3%82%B9&areaword=%E6%9D%B1%E4%BA%AC%E9%83%BD&sort=01&sbmap=false
アズポケット 株式会社,全国,https://www.green-japan.com/job/115444,https://itp.ne.jp/keyword/?keyword=%E3%82%A2%E3%82%BA%E3%83%9D%E3%82%B1%E3%83%83%E3%83%88%20%E6%A0%AA%E5%BC%8F%E4%BC%9A%E7%A4%BE&areaword=%E5%85%A8%E5%9B%BD&sort=01&sbmap=false
株式会社 iCARE,東京都,https://www.green-japan.com/job/115532,https://itp.ne.jp/keyword/?keyword=%E6%A0%AA%E5%BC%8F%E4%BC%9A%E7%A4%BE%20iCARE&areaword=%E6%9D%B1%E4%BA%AC%E9%83%BD&sort=01&sbmap=false
スパイダープラス株式会社（旧：株式会社レゴリス）,東京都,https://www.green-japan.com/job/114721,https://itp.ne.jp/keyword/?keyword=%E3%82%B9%E3%83%91%E3%82%A4%E3%83%80%E3%83%BC%E3%83%97%E3%83%A9%E3%82%B9%E6%A0%AA%E5%BC%8F%E4%BC%9A%E7%A4%BE%EF%BC%88%E6%97%A7%EF%BC%9A%E6%A0%AA%E5%BC%8F%E4%BC%9A%E7%A4%BE%E3%83%AC%E3%82%B4%E3%83%AA%E3%82%B9%EF%BC%89&areaword=%E6%9D%B1%E4%BA%AC%E9%83%BD&sort=01&sbmap=false
ビズメイツ 株式会社,東京都,https://www.green-japan.com/job/114985,https://itp.ne.jp/keyword/?keyword=%E3%83%93%E3%82%BA%E3%83%A1%E3%82%A4%E3%83%84%20%E6%A0%AA%E5%BC%8F%E4%BC%9A%E7%A4%BE&areaword=%E6%9D%B1%E4%BA%AC%E9%83%BD&sort=01&sbmap=false
THECOO 株式会社,東京都,https://www.green-japan.com/job/115689,https://itp.ne.jp/keyword/?keyword=THECOO%20%E6%A0%AA%E5%BC%8F%E4%BC%9A%E7%A4%BE&areaword=%E6%9D%B1%E4%BA%AC%E9%83%BD&sort=01&sbmap=false
株式会社 ランチェスター,東京都,https://www.green-japan.com/job/84663,https://itp.ne.jp/keyword/?keyword=%E6%A0%AA%E5%BC%8F%E4%BC%9A%E7%A4%BE%20%E3%83%A9%E3%83%B3%E3%83%81%E3%82%A7%E3%82%B9%E3%82%BF%E3%83%BC&areaword=%E6%9D%B1%E4%BA%AC%E9%83%BD&sort=01&sbmap=false
Tres Innovation 株式会社,東京都,https://www.green-japan.com/job/115826,https://itp.ne.jp/keyword/?keyword=Tres%20Innovation%20%E6%A0%AA%E5%BC%8F%E4%BC%9A%E7%A4%BE&areaword=%E6%9D%B1%E4%BA%AC%E9%83%BD&sort=01&sbmap=false
株式会社 f4samurai,東京都,https://www.green-japan.com/job/68756,https://itp.ne.jp/keyword/?keyword=%E6%A0%AA%E5%BC%8F%E4%BC%9A%E7%A4%BE%20f4samurai&areaword=%E6%9D%B1%E4%BA%AC%E9%83%BD&sort=01&sbmap=false
株式会社 Amazia,東京都,https://www.green-japan.com/job/92548,https://itp.ne.jp/keyword/?keyword=%E6%A0%AA%E5%BC%8F%E4%BC%9A%E7%A4%BE%20Amazia&areaword=%E6%9D%B1%E4%BA%AC%E9%83%BD&sort=01&sbmap=false
株式会社 FIXER,三重県,https://www.green-japan.com/job/115269,https://itp.ne.jp/keyword/?keyword=%E6%A0%AA%E5%BC%8F%E4%BC%9A%E7%A4%BE%20FIXER&areaword=%E4%B8%89%E9%87%8D%E7%9C%8C&sort=01&sbmap=false
株式会社 SP,東京都,https://www.green-japan.com/job/114489,https://itp.ne.jp/keyword/?keyword=%E6%A0%AA%E5%BC%8F%E4%BC%9A%E7%A4%BE%20SP&areaword=%E6%9D%B1%E4%BA%AC%E9%83%BD&sort=01&sbmap=false
a-works 株式会社,大阪府,https://www.green-japan.com/job/115815,https://itp.ne.jp/keyword/?keyword=a-works%20%E6%A0%AA%E5%BC%8F%E4%BC%9A%E7%A4%BE&areaword=%E5%A4%A7%E9%98%AA%E5%BA%9C&sort=01&sbmap=false
株式会社 インサイトテクノロジー,東京都,https://www.green-japan.com/job/100515,https://itp.ne.jp/keyword/?keyword=%E6%A0%AA%E5%BC%8F%E4%BC%9A%E7%A4%BE%20%E3%82%A4%E3%83%B3%E3%82%B5%E3%82%A4%E3%83%88%E3%83%86%E3%82%AF%E3%83%8E%E3%83%AD%E3%82%B8%E3%83%BC&areaword=%E6%9D%B1%E4%BA%AC%E9%83%BD&sort=01&sbmap=false
株式会社 gumi,東京都,https://www.green-japan.com/job/115872,https://itp.ne.jp/keyword/?keyword=%E6%A0%AA%E5%BC%8F%E4%BC%9A%E7%A4%BE%20gumi&areaword=%E6%9D%B1%E4%BA%AC%E9%83%BD&sort=01&sbmap=false
株式会社 GENOVA,東京都,https://www.green-japan.com/job/116229,https://itp.ne.jp/keyword/?keyword=%E6%A0%AA%E5%BC%8F%E4%BC%9A%E7%A4%BE%20GENOVA&areaword=%E6%9D%B1%E4%BA%AC%E9%83%BD&sort=01&sbmap=false
ポスタス 株式会社,東京都,https://www.green-japan.com/job/115970,https://itp.ne.jp/keyword/?keyword=%E3%83%9D%E3%82%B9%E3%82%BF%E3%82%B9%20%E6%A0%AA%E5%BC%8F%E4%BC%9A%E7%A4%BE&areaword=%E6%9D%B1%E4%BA%AC%E9%83%BD&sort=01&sbmap=false
株式会社 Ｄｏｎｕｔｓ,東京都,https://www.green-japan.com/job/110179,https://itp.ne.jp/keyword/?keyword=%E6%A0%AA%E5%BC%8F%E4%BC%9A%E7%A4%BE%20%EF%BC%A4%EF%BD%8F%EF%BD%8E%EF%BD%95%EF%BD%94%EF%BD%93&areaword=%E6%9D%B1%E4%BA%AC%E9%83%BD&sort=01&sbmap=false
株式会社 グローマス,東京都,https://www.green-japan.com/job/113432,https://itp.ne.jp/keyword/?keyword=%E6%A0%AA%E5%BC%8F%E4%BC%9A%E7%A4%BE%20%E3%82%B0%E3%83%AD%E3%83%BC%E3%83%9E%E3%82%B9&areaword=%E6%9D%B1%E4%BA%AC%E9%83%BD&sort=01&sbmap=false
株式会社 Stock,東京都,https://www.green-japan.com/job/106815,https://itp.ne.jp/keyword/?keyword=%E6%A0%AA%E5%BC%8F%E4%BC%9A%E7%A4%BE%20Stock&areaword=%E6%9D%B1%E4%BA%AC%E9%83%BD&sort=01&sbmap=false
株式会社 サイバー・バズ,東京都,https://www.green-japan.com/job/41277,https://itp.ne.jp/keyword/?keyword=%E6%A0%AA%E5%BC%8F%E4%BC%9A%E7%A4%BE%20%E3%82%B5%E3%82%A4%E3%83%90%E3%83%BC%E3%83%BB%E3%83%90%E3%82%BA&areaword=%E6%9D%B1%E4%BA%AC%E9%83%BD&sort=01&sbmap=false
株式会社 BNGパートナーズ,東京都,https://www.green-japan.com/job/115994,https://itp.ne.jp/keyword/?keyword=%E6%A0%AA%E5%BC%8F%E4%BC%9A%E7%A4%BE%20BNG%E3%83%91%E3%83%BC%E3%83%88%E3%83%8A%E3%83%BC%E3%82%BA&areaword=%E6%9D%B1%E4%BA%AC%E9%83%BD&sort=01&sbmap=false
株式会社 マトリックス,東京都,https://www.green-japan.com/job/110969,https://itp.ne.jp/keyword/?keyword=%E6%A0%AA%E5%BC%8F%E4%BC%9A%E7%A4%BE%20%E3%83%9E%E3%83%88%E3%83%AA%E3%83%83%E3%82%AF%E3%82%B9&areaword=%E6%9D%B1%E4%BA%AC%E9%83%BD&sort=01&sbmap=false
株式会社 アースサイド,東京都，京都府,https://www.green-japan.com/job/116230,https://itp.ne.jp/keyword/?keyword=%E6%A0%AA%E5%BC%8F%E4%BC%9A%E7%A4%BE%20%E3%82%A2%E3%83%BC%E3%82%B9%E3%82%B5%E3%82%A4%E3%83%89&areaword=%E6%9D%B1%E4%BA%AC%E9%83%BD%EF%BC%8C%E4%BA%AC%E9%83%BD%E5%BA%9C&sort=01&sbmap=false
株式会社 エージェンテック,東京都,https://www.green-japan.com/job/115687,https://itp.ne.jp/keyword/?keyword=%E6%A0%AA%E5%BC%8F%E4%BC%9A%E7%A4%BE%20%E3%82%A8%E3%83%BC%E3%82%B8%E3%82%A7%E3%83%B3%E3%83%86%E3%83%83%E3%82%AF&areaword=%E6%9D%B1%E4%BA%AC%E9%83%BD&sort=01&sbmap=false
エックスサーバー 株式会社,大阪府,https://www.green-japan.com/job/115360,https://itp.ne.jp/keyword/?keyword=%E3%82%A8%E3%83%83%E3%82%AF%E3%82%B9%E3%82%B5%E3%83%BC%E3%83%90%E3%83%BC%20%E6%A0%AA%E5%BC%8F%E4%BC%9A%E7%A4%BE&areaword=%E5%A4%A7%E9%98%AA%E5%BA%9C&sort=01&sbmap=false
株式会社 ゲームフリーク,東京都,https://www.green-japan.com/job/44921,https://itp.ne.jp/keyword/?keyword=%E6%A0%AA%E5%BC%8F%E4%BC%9A%E7%A4%BE%20%E3%82%B2%E3%83%BC%E3%83%A0%E3%83%95%E3%83%AA%E3%83%BC%E3%82%AF&areaword=%E6%9D%B1%E4%BA%AC%E9%83%BD&sort=01&sbmap=false
株式会社 GOOYA,東京都,https://www.green-japan.com/job/115762,https://itp.ne.jp/keyword/?keyword=%E6%A0%AA%E5%BC%8F%E4%BC%9A%E7%A4%BE%20GOOYA&areaword=%E6%9D%B1%E4%BA%AC%E9%83%BD&sort=01&sbmap=false
株式会社 WARC,東京都,https://www.green-japan.com/job/115988,https://itp.ne.jp/keyword/?keyword=%E6%A0%AA%E5%BC%8F%E4%BC%9A%E7%A4%BE%20WARC&areaword=%E6%9D%B1%E4%BA%AC%E9%83%BD&sort=01&sbmap=false
株式会社 Roseau Pensant,東京都,https://www.green-japan.com/job/92438,https://itp.ne.jp/keyword/?keyword=%E6%A0%AA%E5%BC%8F%E4%BC%9A%E7%A4%BE%20Roseau%20Pensant&areaword=%E6%9D%B1%E4%BA%AC%E9%83%BD&sort=01&sbmap=false
株式会社 ウェルクス,東京都,https://www.green-japan.com/job/115852,https://itp.ne.jp/keyword/?keyword=%E6%A0%AA%E5%BC%8F%E4%BC%9A%E7%A4%BE%20%E3%82%A6%E3%82%A7%E3%83%AB%E3%82%AF%E3%82%B9&areaword=%E6%9D%B1%E4%BA%AC%E9%83%BD&sort=01&sbmap=false
株式会社 サンブリッジ,東京都,https://www.green-japan.com/job/116250,https://itp.ne.jp/keyword/?keyword=%E6%A0%AA%E5%BC%8F%E4%BC%9A%E7%A4%BE%20%E3%82%B5%E3%83%B3%E3%83%96%E3%83%AA%E3%83%83%E3%82%B8&areaword=%E6%9D%B1%E4%BA%AC%E9%83%BD&sort=01&sbmap=false
株式会社 TMJ,東京都,https://www.green-japan.com/job/116197,https://itp.ne.jp/keyword/?keyword=%E6%A0%AA%E5%BC%8F%E4%BC%9A%E7%A4%BE%20TMJ&areaword=%E6%9D%B1%E4%BA%AC%E9%83%BD&sort=01&sbmap=false
note 株式会社,東京都,https://www.green-japan.com/job/100679,https://itp.ne.jp/keyword/?keyword=note%20%E6%A0%AA%E5%BC%8F%E4%BC%9A%E7%A4%BE&areaword=%E6%9D%B1%E4%BA%AC%E9%83%BD&sort=01&sbmap=false
株式会社 ペライチ,東京都,https://www.green-japan.com/job/115638,https://itp.ne.jp/keyword/?keyword=%E6%A0%AA%E5%BC%8F%E4%BC%9A%E7%A4%BE%20%E3%83%9A%E3%83%A9%E3%82%A4%E3%83%81&areaword=%E6%9D%B1%E4%BA%AC%E9%83%BD&sort=01&sbmap=false
株式会社 レアジョブ,東京都,https://www.green-japan.com/job/96671,https://itp.ne.jp/keyword/?keyword=%E6%A0%AA%E5%BC%8F%E4%BC%9A%E7%A4%BE%20%E3%83%AC%E3%82%A2%E3%82%B8%E3%83%A7%E3%83%96&areaword=%E6%9D%B1%E4%BA%AC%E9%83%BD&sort=01&sbmap=false
株式会社 PIGNUS,東京都,https://www.green-japan.com/job/115703,https://itp.ne.jp/keyword/?keyword=%E6%A0%AA%E5%BC%8F%E4%BC%9A%E7%A4%BE%20PIGNUS&areaword=%E6%9D%B1%E4%BA%AC%E9%83%BD&sort=01&sbmap=false
株式会社 クリエイターズマッチ,東京都,https://www.green-japan.com/job/115626,https://itp.ne.jp/keyword/?keyword=%E6%A0%AA%E5%BC%8F%E4%BC%9A%E7%A4%BE%20%E3%82%AF%E3%83%AA%E3%82%A8%E3%82%A4%E3%82%BF%E3%83%BC%E3%82%BA%E3%83%9E%E3%83%83%E3%83%81&areaword=%E6%9D%B1%E4%BA%AC%E9%83%BD&sort=01&sbmap=false
株式会社 アトラス,東京都,https://www.green-japan.com/job/115846,https://itp.ne.jp/keyword/?keyword=%E6%A0%AA%E5%BC%8F%E4%BC%9A%E7%A4%BE%20%E3%82%A2%E3%83%88%E3%83%A9%E3%82%B9&areaword=%E6%9D%B1%E4%BA%AC%E9%83%BD&sort=01&sbmap=false
株式会社 ディアイスクエア,東京都,https://www.green-japan.com/job/116263,https://itp.ne.jp/keyword/?keyword=%E6%A0%AA%E5%BC%8F%E4%BC%9A%E7%A4%BE%20%E3%83%87%E3%82%A3%E3%82%A2%E3%82%A4%E3%82%B9%E3%82%AF%E3%82%A8%E3%82%A2&areaword=%E6%9D%B1%E4%BA%AC%E9%83%BD&sort=01&sbmap=false
株式会社 サイバーセキュリティクラウド,東京都,https://www.green-japan.com/job/115850,https://itp.ne.jp/keyword/?keyword=%E6%A0%AA%E5%BC%8F%E4%BC%9A%E7%A4%BE%20%E3%82%B5%E3%82%A4%E3%83%90%E3%83%BC%E3%82%BB%E3%82%AD%E3%83%A5%E3%83%AA%E3%83%86%E3%82%A3%E3%82%AF%E3%83%A9%E3%82%A6%E3%83%89&areaword=%E6%9D%B1%E4%BA%AC%E9%83%BD&sort=01&sbmap=false
株式会社 ライナフ,東京都,https://www.green-japan.com/job/115935,https://itp.ne.jp/keyword/?keyword=%E6%A0%AA%E5%BC%8F%E4%BC%9A%E7%A4%BE%20%E3%83%A9%E3%82%A4%E3%83%8A%E3%83%95&areaword=%E6%9D%B1%E4%BA%AC%E9%83%BD&sort=01&sbmap=false
Baseconnect 株式会社,京都府,https://www.green-japan.com/job/115077,https://itp.ne.jp/keyword/?keyword=Baseconnect%20%E6%A0%AA%E5%BC%8F%E4%BC%9A%E7%A4%BE&areaword=%E4%BA%AC%E9%83%BD%E5%BA%9C&sort=01&sbmap=false
リビン・テクノロジーズ 株式会社,東京都,https://www.green-japan.com/job/112245,https://itp.ne.jp/keyword/?keyword=%E3%83%AA%E3%83%93%E3%83%B3%E3%83%BB%E3%83%86%E3%82%AF%E3%83%8E%E3%83%AD%E3%82%B8%E3%83%BC%E3%82%BA%20%E6%A0%AA%E5%BC%8F%E4%BC%9A%E7%A4%BE&areaword=%E6%9D%B1%E4%BA%AC%E9%83%BD&sort=01&sbmap=false
株式会社 LegalForce,東京都,https://www.green-japan.com/job/116150,https://itp.ne.jp/keyword/?keyword=%E6%A0%AA%E5%BC%8F%E4%BC%9A%E7%A4%BE%20LegalForce&areaword=%E6%9D%B1%E4%BA%AC%E9%83%BD&sort=01&sbmap=false
株式会社 アズライト,東京都,https://www.green-japan.com/job/110790,https://itp.ne.jp/keyword/?keyword=%E6%A0%AA%E5%BC%8F%E4%BC%9A%E7%A4%BE%20%E3%82%A2%E3%82%BA%E3%83%A9%E3%82%A4%E3%83%88&areaword=%E6%9D%B1%E4%BA%AC%E9%83%BD&sort=01&sbmap=false
株式会社 ワンキャリア,東京都,https://www.green-japan.com/job/41635,https://itp.ne.jp/keyword/?keyword=%E6%A0%AA%E5%BC%8F%E4%BC%9A%E7%A4%BE%20%E3%83%AF%E3%83%B3%E3%82%AD%E3%83%A3%E3%83%AA%E3%82%A2&areaword=%E6%9D%B1%E4%BA%AC%E9%83%BD&sort=01&sbmap=false
アルファアーキテクト 株式会社,東京都,https://www.green-japan.com/job/116278,https://itp.ne.jp/keyword/?keyword=%E3%82%A2%E3%83%AB%E3%83%95%E3%82%A1%E3%82%A2%E3%83%BC%E3%82%AD%E3%83%86%E3%82%AF%E3%83%88%20%E6%A0%AA%E5%BC%8F%E4%BC%9A%E7%A4%BE&areaword=%E6%9D%B1%E4%BA%AC%E9%83%BD&sort=01&sbmap=false
株式会社 エヌエルプラス,東京都,https://www.green-japan.com/job/109594,https://itp.ne.jp/keyword/?keyword=%E6%A0%AA%E5%BC%8F%E4%BC%9A%E7%A4%BE%20%E3%82%A8%E3%83%8C%E3%82%A8%E3%83%AB%E3%83%97%E3%83%A9%E3%82%B9&areaword=%E6%9D%B1%E4%BA%AC%E9%83%BD&sort=01&sbmap=false
株式会社 アウトソーシングテクノロジー R&D事業本部,茨城県,https://www.green-japan.com/job/115897,https://itp.ne.jp/keyword/?keyword=%E6%A0%AA%E5%BC%8F%E4%BC%9A%E7%A4%BE%20%E3%82%A2%E3%82%A6%E3%83%88%E3%82%BD%E3%83%BC%E3%82%B7%E3%83%B3%E3%82%B0%E3%83%86%E3%82%AF%E3%83%8E%E3%83%AD%E3%82%B8%E3%83%BC%20R%26D%E4%BA%8B%E6%A5%AD%E6%9C%AC%E9%83%A8&areaword=%E8%8C%A8%E5%9F%8E%E7%9C%8C&sort=01&sbmap=false
株式会社 モトアップ,東京都,https://www.green-japan.com/job/114663,https://itp.ne.jp/keyword/?keyword=%E6%A0%AA%E5%BC%8F%E4%BC%9A%E7%A4%BE%20%E3%83%A2%E3%83%88%E3%82%A2%E3%83%83%E3%83%97&areaword=%E6%9D%B1%E4%BA%AC%E9%83%BD&sort=01&sbmap=false
エフアンドエムネット 株式会社,大阪府,https://www.green-japan.com/job/113485,https://itp.ne.jp/keyword/?keyword=%E3%82%A8%E3%83%95%E3%82%A2%E3%83%B3%E3%83%89%E3%82%A8%E3%83%A0%E3%83%8D%E3%83%83%E3%83%88%20%E6%A0%AA%E5%BC%8F%E4%BC%9A%E7%A4%BE&areaword=%E5%A4%A7%E9%98%AA%E5%BA%9C&sort=01&sbmap=false
株式会社 BTM,東京都,https://www.green-japan.com/job/108800,https://itp.ne.jp/keyword/?keyword=%E6%A0%AA%E5%BC%8F%E4%BC%9A%E7%A4%BE%20BTM&areaword=%E6%9D%B1%E4%BA%AC%E9%83%BD&sort=01&sbmap=false
株式会社 Diverse,東京都,https://www.green-japan.com/job/115340,https://itp.ne.jp/keyword/?keyword=%E6%A0%AA%E5%BC%8F%E4%BC%9A%E7%A4%BE%20Diverse&areaword=%E6%9D%B1%E4%BA%AC%E9%83%BD&sort=01&sbmap=false
株式会社 ジオコード,東京都,https://www.green-japan.com/job/115909,https://itp.ne.jp/keyword/?keyword=%E6%A0%AA%E5%BC%8F%E4%BC%9A%E7%A4%BE%20%E3%82%B8%E3%82%AA%E3%82%B3%E3%83%BC%E3%83%89&areaword=%E6%9D%B1%E4%BA%AC%E9%83%BD&sort=01&sbmap=false
テラスマイル 株式会社,宮崎県,https://www.green-japan.com/job/116299,https://itp.ne.jp/keyword/?keyword=%E3%83%86%E3%83%A9%E3%82%B9%E3%83%9E%E3%82%A4%E3%83%AB%20%E6%A0%AA%E5%BC%8F%E4%BC%9A%E7%A4%BE&areaword=%E5%AE%AE%E5%B4%8E%E7%9C%8C&sort=01&sbmap=false
株式会社 PLUS,北海道,https://www.green-japan.com/job/109604,https://itp.ne.jp/keyword/?keyword=%E6%A0%AA%E5%BC%8F%E4%BC%9A%E7%A4%BE%20PLUS&areaword=%E5%8C%97%E6%B5%B7%E9%81%93&sort=01&sbmap=false
株式会社 クラス,東京都,https://www.green-japan.com/job/108714,https://itp.ne.jp/keyword/?keyword=%E6%A0%AA%E5%BC%8F%E4%BC%9A%E7%A4%BE%20%E3%82%AF%E3%83%A9%E3%82%B9&areaword=%E6%9D%B1%E4%BA%AC%E9%83%BD&sort=01&sbmap=false
株式会社 ペイロール,東京都,https://www.green-japan.com/job/116177,https://itp.ne.jp/keyword/?keyword=%E6%A0%AA%E5%BC%8F%E4%BC%9A%E7%A4%BE%20%E3%83%9A%E3%82%A4%E3%83%AD%E3%83%BC%E3%83%AB&areaword=%E6%9D%B1%E4%BA%AC%E9%83%BD&sort=01&sbmap=false
Supership 株式会社,東京都,https://www.green-japan.com/job/114287,https://itp.ne.jp/keyword/?keyword=Supership%20%E6%A0%AA%E5%BC%8F%E4%BC%9A%E7%A4%BE&areaword=%E6%9D%B1%E4%BA%AC%E9%83%BD&sort=01&sbmap=false
株式会社 SKIYAKI,東京都,https://www.green-japan.com/job/115380,https://itp.ne.jp/keyword/?keyword=%E6%A0%AA%E5%BC%8F%E4%BC%9A%E7%A4%BE%20SKIYAKI&areaword=%E6%9D%B1%E4%BA%AC%E9%83%BD&sort=01&sbmap=false
株式会社 TWO,東京都,https://www.green-japan.com/job/114035,https://itp.ne.jp/keyword/?keyword=%E6%A0%AA%E5%BC%8F%E4%BC%9A%E7%A4%BE%20TWO&areaword=%E6%9D%B1%E4%BA%AC%E9%83%BD&sort=01&sbmap=false
株式会社 ＦＦＲＩセキュリティ,東京都,https://www.green-japan.com/job/115911,https://itp.ne.jp/keyword/?keyword=%E6%A0%AA%E5%BC%8F%E4%BC%9A%E7%A4%BE%20%EF%BC%A6%EF%BC%A6%EF%BC%B2%EF%BC%A9%E3%82%BB%E3%82%AD%E3%83%A5%E3%83%AA%E3%83%86%E3%82%A3&areaword=%E6%9D%B1%E4%BA%AC%E9%83%BD&sort=01&sbmap=false
ジェイレックス・コーポレーション 株式会社,東京都,https://www.green-japan.com/job/98689,https://itp.ne.jp/keyword/?keyword=%E3%82%B8%E3%82%A7%E3%82%A4%E3%83%AC%E3%83%83%E3%82%AF%E3%82%B9%E3%83%BB%E3%82%B3%E3%83%BC%E3%83%9D%E3%83%AC%E3%83%BC%E3%82%B7%E3%83%A7%E3%83%B3%20%E6%A0%AA%E5%BC%8F%E4%BC%9A%E7%A4%BE&areaword=%E6%9D%B1%E4%BA%AC%E9%83%BD&sort=01&sbmap=false
ナイル 株式会社,東京都,https://www.green-japan.com/job/115711,https://itp.ne.jp/keyword/?keyword=%E3%83%8A%E3%82%A4%E3%83%AB%20%E6%A0%AA%E5%BC%8F%E4%BC%9A%E7%A4%BE&areaword=%E6%9D%B1%E4%BA%AC%E9%83%BD&sort=01&sbmap=false
monoAI technology 株式会社,東京都,https://www.green-japan.com/job/116085,https://itp.ne.jp/keyword/?keyword=monoAI%20technology%20%E6%A0%AA%E5%BC%8F%E4%BC%9A%E7%A4%BE&areaword=%E6%9D%B1%E4%BA%AC%E9%83%BD&sort=01&sbmap=false
株式会社 ネクストビート,東京都,https://www.green-japan.com/job/55876,https://itp.ne.jp/keyword/?keyword=%E6%A0%AA%E5%BC%8F%E4%BC%9A%E7%A4%BE%20%E3%83%8D%E3%82%AF%E3%82%B9%E3%83%88%E3%83%93%E3%83%BC%E3%83%88&areaword=%E6%9D%B1%E4%BA%AC%E9%83%BD&sort=01&sbmap=false
株式会社 グッドフェローズ,東京都,https://www.green-japan.com/job/85001,https://itp.ne.jp/keyword/?keyword=%E6%A0%AA%E5%BC%8F%E4%BC%9A%E7%A4%BE%20%E3%82%B0%E3%83%83%E3%83%89%E3%83%95%E3%82%A7%E3%83%AD%E3%83%BC%E3%82%BA&areaword=%E6%9D%B1%E4%BA%AC%E9%83%BD&sort=01&sbmap=false
and factory 株式会社,東京都,https://www.green-japan.com/job/115538,https://itp.ne.jp/keyword/?keyword=and%20factory%20%E6%A0%AA%E5%BC%8F%E4%BC%9A%E7%A4%BE&areaword=%E6%9D%B1%E4%BA%AC%E9%83%BD&sort=01&sbmap=false
株式会社 ベアーズ,東京都,https://www.green-japan.com/job/115392,https://itp.ne.jp/keyword/?keyword=%E6%A0%AA%E5%BC%8F%E4%BC%9A%E7%A4%BE%20%E3%83%99%E3%82%A2%E3%83%BC%E3%82%BA&areaword=%E6%9D%B1%E4%BA%AC%E9%83%BD&sort=01&sbmap=false
グリーンモンスター 株式会社,東京都,https://www.green-japan.com/job/115037,https://itp.ne.jp/keyword/?keyword=%E3%82%B0%E3%83%AA%E3%83%BC%E3%83%B3%E3%83%A2%E3%83%B3%E3%82%B9%E3%82%BF%E3%83%BC%20%E6%A0%AA%E5%BC%8F%E4%BC%9A%E7%A4%BE&areaword=%E6%9D%B1%E4%BA%AC%E9%83%BD&sort=01&sbmap=false
株式会社 アーリーワークス,東京都,https://www.green-japan.com/job/86902,https://itp.ne.jp/keyword/?keyword=%E6%A0%AA%E5%BC%8F%E4%BC%9A%E7%A4%BE%20%E3%82%A2%E3%83%BC%E3%83%AA%E3%83%BC%E3%83%AF%E3%83%BC%E3%82%AF%E3%82%B9&areaword=%E6%9D%B1%E4%BA%AC%E9%83%BD&sort=01&sbmap=false
アスタミューゼ 株式会社,東京都,https://www.green-japan.com/job/25950,https://itp.ne.jp/keyword/?keyword=%E3%82%A2%E3%82%B9%E3%82%BF%E3%83%9F%E3%83%A5%E3%83%BC%E3%82%BC%20%E6%A0%AA%E5%BC%8F%E4%BC%9A%E7%A4%BE&areaword=%E6%9D%B1%E4%BA%AC%E9%83%BD&sort=01&sbmap=false
株式会社 デンタルアシスト,東京都,https://www.green-japan.com/job/113975,https://itp.ne.jp/keyword/?keyword=%E6%A0%AA%E5%BC%8F%E4%BC%9A%E7%A4%BE%20%E3%83%87%E3%83%B3%E3%82%BF%E3%83%AB%E3%82%A2%E3%82%B7%E3%82%B9%E3%83%88&areaword=%E6%9D%B1%E4%BA%AC%E9%83%BD&sort=01&sbmap=false
スマートキャンプ 株式会社,北海道,https://www.green-japan.com/job/105967,https://itp.ne.jp/keyword/?keyword=%E3%82%B9%E3%83%9E%E3%83%BC%E3%83%88%E3%82%AD%E3%83%A3%E3%83%B3%E3%83%97%20%E6%A0%AA%E5%BC%8F%E4%BC%9A%E7%A4%BE&areaword=%E5%8C%97%E6%B5%B7%E9%81%93&sort=01&sbmap=false
株式会社 TAPP,東京都,https://www.green-japan.com/job/99398,https://itp.ne.jp/keyword/?keyword=%E6%A0%AA%E5%BC%8F%E4%BC%9A%E7%A4%BE%20TAPP&areaword=%E6%9D%B1%E4%BA%AC%E9%83%BD&sort=01&sbmap=false
株式会社 クーリエ,東京都,https://www.green-japan.com/job/93282,https://itp.ne.jp/keyword/?keyword=%E6%A0%AA%E5%BC%8F%E4%BC%9A%E7%A4%BE%20%E3%82%AF%E3%83%BC%E3%83%AA%E3%82%A8&areaword=%E6%9D%B1%E4%BA%AC%E9%83%BD&sort=01&sbmap=false
ハイブリィド 株式会社,東京都,https://www.green-japan.com/job/59752,https://itp.ne.jp/keyword/?keyword=%E3%83%8F%E3%82%A4%E3%83%96%E3%83%AA%E3%82%A3%E3%83%89%20%E6%A0%AA%E5%BC%8F%E4%BC%9A%E7%A4%BE&areaword=%E6%9D%B1%E4%BA%AC%E9%83%BD&sort=01&sbmap=false
株式会社 アシスト北海道,北海道,https://www.green-japan.com/job/95867,https://itp.ne.jp/keyword/?keyword=%E6%A0%AA%E5%BC%8F%E4%BC%9A%E7%A4%BE%20%E3%82%A2%E3%82%B7%E3%82%B9%E3%83%88%E5%8C%97%E6%B5%B7%E9%81%93&areaword=%E5%8C%97%E6%B5%B7%E9%81%93&sort=01&sbmap=false
株式会社 ブロードリーフ,福岡県,https://www.green-japan.com/job/107385,https://itp.ne.jp/keyword/?keyword=%E6%A0%AA%E5%BC%8F%E4%BC%9A%E7%A4%BE%20%E3%83%96%E3%83%AD%E3%83%BC%E3%83%89%E3%83%AA%E3%83%BC%E3%83%95&areaword=%E7%A6%8F%E5%B2%A1%E7%9C%8C&sort=01&sbmap=false
dely 株式会社,東京都,https://www.green-japan.com/job/114894,https://itp.ne.jp/keyword/?keyword=dely%20%E6%A0%AA%E5%BC%8F%E4%BC%9A%E7%A4%BE&areaword=%E6%9D%B1%E4%BA%AC%E9%83%BD&sort=01&sbmap=false
株式会社 オプティマイザー,東京都,https://www.green-japan.com/job/114197,https://itp.ne.jp/keyword/?keyword=%E6%A0%AA%E5%BC%8F%E4%BC%9A%E7%A4%BE%20%E3%82%AA%E3%83%97%E3%83%86%E3%82%A3%E3%83%9E%E3%82%A4%E3%82%B6%E3%83%BC&areaword=%E6%9D%B1%E4%BA%AC%E9%83%BD&sort=01&sbmap=false
株式会社 マイナビ,東京都,https://www.green-japan.com/job/106621,https://itp.ne.jp/keyword/?keyword=%E6%A0%AA%E5%BC%8F%E4%BC%9A%E7%A4%BE%20%E3%83%9E%E3%82%A4%E3%83%8A%E3%83%93&areaword=%E6%9D%B1%E4%BA%AC%E9%83%BD&sort=01&sbmap=false
FANTAS technology 株式会社,東京都,https://www.green-japan.com/job/69101,https://itp.ne.jp/keyword/?keyword=FANTAS%20technology%20%E6%A0%AA%E5%BC%8F%E4%BC%9A%E7%A4%BE&areaword=%E6%9D%B1%E4%BA%AC%E9%83%BD&sort=01&sbmap=false
株式会社 トラント,東京都,https://www.green-japan.com/job/111584,https://itp.ne.jp/keyword/?keyword=%E6%A0%AA%E5%BC%8F%E4%BC%9A%E7%A4%BE%20%E3%83%88%E3%83%A9%E3%83%B3%E3%83%88&areaword=%E6%9D%B1%E4%BA%AC%E9%83%BD&sort=01&sbmap=false
Luche Holdings.Pte.Ltd. (LUCHE GROUP),石川県，福井県,https://www.green-japan.com/job/111775,https://itp.ne.jp/keyword/?keyword=Luche%20Holdings.Pte.Ltd.%20%28LUCHE%20GROUP%29&areaword=%E7%9F%B3%E5%B7%9D%E7%9C%8C%EF%BC%8C%E7%A6%8F%E4%BA%95%E7%9C%8C&sort=01&sbmap=false
ビルコム 株式会社,東京都,https://www.green-japan.com/job/113546,https://itp.ne.jp/keyword/?keyword=%E3%83%93%E3%83%AB%E3%82%B3%E3%83%A0%20%E6%A0%AA%E5%BC%8F%E4%BC%9A%E7%A4%BE&areaword=%E6%9D%B1%E4%BA%AC%E9%83%BD&sort=01&sbmap=false
シェアリングテクノロジー 株式会社,愛知県,https://www.green-japan.com/job/115073,https://itp.ne.jp/keyword/?keyword=%E3%82%B7%E3%82%A7%E3%82%A2%E3%83%AA%E3%83%B3%E3%82%B0%E3%83%86%E3%82%AF%E3%83%8E%E3%83%AD%E3%82%B8%E3%83%BC%20%E6%A0%AA%E5%BC%8F%E4%BC%9A%E7%A4%BE&areaword=%E6%84%9B%E7%9F%A5%E7%9C%8C&sort=01&sbmap=false
シンフォニーマーケティング 株式会社,東京都,https://www.green-japan.com/job/105050,https://itp.ne.jp/keyword/?keyword=%E3%82%B7%E3%83%B3%E3%83%95%E3%82%A9%E3%83%8B%E3%83%BC%E3%83%9E%E3%83%BC%E3%82%B1%E3%83%86%E3%82%A3%E3%83%B3%E3%82%B0%20%E6%A0%AA%E5%BC%8F%E4%BC%9A%E7%A4%BE&areaword=%E6%9D%B1%E4%BA%AC%E9%83%BD&sort=01&sbmap=false
株式会社 テクノモバイル,東京都,https://www.green-japan.com/job/90580,https://itp.ne.jp/keyword/?keyword=%E6%A0%AA%E5%BC%8F%E4%BC%9A%E7%A4%BE%20%E3%83%86%E3%82%AF%E3%83%8E%E3%83%A2%E3%83%90%E3%82%A4%E3%83%AB&areaword=%E6%9D%B1%E4%BA%AC%E9%83%BD&sort=01&sbmap=false
株式会社 ケップル,東京都,https://www.green-japan.com/job/114482,https://itp.ne.jp/keyword/?keyword=%E6%A0%AA%E5%BC%8F%E4%BC%9A%E7%A4%BE%20%E3%82%B1%E3%83%83%E3%83%97%E3%83%AB&areaword=%E6%9D%B1%E4%BA%AC%E9%83%BD&sort=01&sbmap=false
株式会社 ブリッジ,東京都,https://www.green-japan.com/job/110765,https://itp.ne.jp/keyword/?keyword=%E6%A0%AA%E5%BC%8F%E4%BC%9A%E7%A4%BE%20%E3%83%96%E3%83%AA%E3%83%83%E3%82%B8&areaword=%E6%9D%B1%E4%BA%AC%E9%83%BD&sort=01&sbmap=false
株式会社 ＲＥ,大阪府,https://www.green-japan.com/job/34410,https://itp.ne.jp/keyword/?keyword=%E6%A0%AA%E5%BC%8F%E4%BC%9A%E7%A4%BE%20%EF%BC%B2%EF%BC%A5&areaword=%E5%A4%A7%E9%98%AA%E5%BA%9C&sort=01&sbmap=false
トレノケート 株式会社（旧名：グローバルナレッジネットワーク株式会社）,東京都,https://www.green-japan.com/job/66442,https://itp.ne.jp/keyword/?keyword=%E3%83%88%E3%83%AC%E3%83%8E%E3%82%B1%E3%83%BC%E3%83%88%20%E6%A0%AA%E5%BC%8F%E4%BC%9A%E7%A4%BE%EF%BC%88%E6%97%A7%E5%90%8D%EF%BC%9A%E3%82%B0%E3%83%AD%E3%83%BC%E3%83%90%E3%83%AB%E3%83%8A%E3%83%AC%E3%83%83%E3%82%B8%E3%83%8D%E3%83%83%E3%83%88%E3%83%AF%E3%83%BC%E3%82%AF%E6%A0%AA%E5%BC%8F%E4%BC%9A%E7%A4%BE%EF%BC%89&areaword=%E6%9D%B1%E4%BA%AC%E9%83%BD&sort=01&sbmap=false
株式会社 Hacobu,東京都,https://www.green-japan.com/job/114174,https://itp.ne.jp/keyword/?keyword=%E6%A0%AA%E5%BC%8F%E4%BC%9A%E7%A4%BE%20Hacobu&areaword=%E6%9D%B1%E4%BA%AC%E9%83%BD&sort=01&sbmap=false
株式会社 日立製作所,東京都,https://www.green-japan.com/job/107025,https://itp.ne.jp/keyword/?keyword=%E6%A0%AA%E5%BC%8F%E4%BC%9A%E7%A4%BE%20%E6%97%A5%E7%AB%8B%E8%A3%BD%E4%BD%9C%E6%89%80&areaword=%E6%9D%B1%E4%BA%AC%E9%83%BD&sort=01&sbmap=false
株式会社 チームスピリット,東京都,https://www.green-japan.com/job/89153,https://itp.ne.jp/keyword/?keyword=%E6%A0%AA%E5%BC%8F%E4%BC%9A%E7%A4%BE%20%E3%83%81%E3%83%BC%E3%83%A0%E3%82%B9%E3%83%94%E3%83%AA%E3%83%83%E3%83%88&areaword=%E6%9D%B1%E4%BA%AC%E9%83%BD&sort=01&sbmap=false
エンバカデロ・テクノロジーズ 合同会社,東京都,https://www.green-japan.com/job/98712,https://itp.ne.jp/keyword/?keyword=%E3%82%A8%E3%83%B3%E3%83%90%E3%82%AB%E3%83%87%E3%83%AD%E3%83%BB%E3%83%86%E3%82%AF%E3%83%8E%E3%83%AD%E3%82%B8%E3%83%BC%E3%82%BA%20%E5%90%88%E5%90%8C%E4%BC%9A%E7%A4%BE&areaword=%E6%9D%B1%E4%BA%AC%E9%83%BD&sort=01&sbmap=false
サークレイス 株式会社,東京都,https://www.green-japan.com/job/87162,https://itp.ne.jp/keyword/?keyword=%E3%82%B5%E3%83%BC%E3%82%AF%E3%83%AC%E3%82%A4%E3%82%B9%20%E6%A0%AA%E5%BC%8F%E4%BC%9A%E7%A4%BE&areaword=%E6%9D%B1%E4%BA%AC%E9%83%BD&sort=01&sbmap=false
株式会社 サイトビジット,東京都,https://www.green-japan.com/job/115031,https://itp.ne.jp/keyword/?keyword=%E6%A0%AA%E5%BC%8F%E4%BC%9A%E7%A4%BE%20%E3%82%B5%E3%82%A4%E3%83%88%E3%83%93%E3%82%B8%E3%83%83%E3%83%88&areaword=%E6%9D%B1%E4%BA%AC%E9%83%BD&sort=01&sbmap=false
ケイスリー 株式会社,東京都,https://www.green-japan.com/job/108602,https://itp.ne.jp/keyword/?keyword=%E3%82%B1%E3%82%A4%E3%82%B9%E3%83%AA%E3%83%BC%20%E6%A0%AA%E5%BC%8F%E4%BC%9A%E7%A4%BE&areaword=%E6%9D%B1%E4%BA%AC%E9%83%BD&sort=01&sbmap=false
株式会社 グラフ,東京都,https://www.green-japan.com/job/112863,https://itp.ne.jp/keyword/?keyword=%E6%A0%AA%E5%BC%8F%E4%BC%9A%E7%A4%BE%20%E3%82%B0%E3%83%A9%E3%83%95&areaword=%E6%9D%B1%E4%BA%AC%E9%83%BD&sort=01&sbmap=false
GPSSホールディングス 株式会社,東京都,https://www.green-japan.com/job/111661,https://itp.ne.jp/keyword/?keyword=GPSS%E3%83%9B%E3%83%BC%E3%83%AB%E3%83%87%E3%82%A3%E3%83%B3%E3%82%B0%E3%82%B9%20%E6%A0%AA%E5%BC%8F%E4%BC%9A%E7%A4%BE&areaword=%E6%9D%B1%E4%BA%AC%E9%83%BD&sort=01&sbmap=false
株式会社 セラク,大阪府,https://www.green-japan.com/job/111482,https://itp.ne.jp/keyword/?keyword=%E6%A0%AA%E5%BC%8F%E4%BC%9A%E7%A4%BE%20%E3%82%BB%E3%83%A9%E3%82%AF&areaword=%E5%A4%A7%E9%98%AA%E5%BA%9C&sort=01&sbmap=false
株式会社 UPDATA（旧：ダイヤモンドメディア株式会社）,東京都，全国,https://www.green-japan.com/job/114680,https://itp.ne.jp/keyword/?keyword=%E6%A0%AA%E5%BC%8F%E4%BC%9A%E7%A4%BE%20UPDATA%EF%BC%88%E6%97%A7%EF%BC%9A%E3%83%80%E3%82%A4%E3%83%A4%E3%83%A2%E3%83%B3%E3%83%89%E3%83%A1%E3%83%87%E3%82%A3%E3%82%A2%E6%A0%AA%E5%BC%8F%E4%BC%9A%E7%A4%BE%EF%BC%89&areaword=%E6%9D%B1%E4%BA%AC%E9%83%BD%EF%BC%8C%E5%85%A8%E5%9B%BD&sort=01&sbmap=false
株式会社 リブセンス,東京都,https://www.green-japan.com/job/87790,https://itp.ne.jp/keyword/?keyword=%E6%A0%AA%E5%BC%8F%E4%BC%9A%E7%A4%BE%20%E3%83%AA%E3%83%96%E3%82%BB%E3%83%B3%E3%82%B9&areaword=%E6%9D%B1%E4%BA%AC%E9%83%BD&sort=01&sbmap=false
クラウドエース 株式会社,東京都,https://www.green-japan.com/job/75430,https://itp.ne.jp/keyword/?keyword=%E3%82%AF%E3%83%A9%E3%82%A6%E3%83%89%E3%82%A8%E3%83%BC%E3%82%B9%20%E6%A0%AA%E5%BC%8F%E4%BC%9A%E7%A4%BE&areaword=%E6%9D%B1%E4%BA%AC%E9%83%BD&sort=01&sbmap=false
株式会社 wevnal,東京都,https://www.green-japan.com/job/110920,https://itp.ne.jp/keyword/?keyword=%E6%A0%AA%E5%BC%8F%E4%BC%9A%E7%A4%BE%20wevnal&areaword=%E6%9D%B1%E4%BA%AC%E9%83%BD&sort=01&sbmap=false
nmsエンジニアリング株式会社（旧：日本マニュファクチャリングサービス株式会社 エンジニアリング事業部）,北海道,https://www.green-japan.com/job/111544,https://itp.ne.jp/keyword/?keyword=nms%E3%82%A8%E3%83%B3%E3%82%B8%E3%83%8B%E3%82%A2%E3%83%AA%E3%83%B3%E3%82%B0%E6%A0%AA%E5%BC%8F%E4%BC%9A%E7%A4%BE%EF%BC%88%E6%97%A7%EF%BC%9A%E6%97%A5%E6%9C%AC%E3%83%9E%E3%83%8B%E3%83%A5%E3%83%95%E3%82%A1%E3%82%AF%E3%83%81%E3%83%A3%E3%83%AA%E3%83%B3%E3%82%B0%E3%82%B5%E3%83%BC%E3%83%93%E3%82%B9%E6%A0%AA%E5%BC%8F%E4%BC%9A%E7%A4%BE%20%E3%82%A8%E3%83%B3%E3%82%B8%E3%83%8B%E3%82%A2%E3%83%AA%E3%83%B3%E3%82%B0%E4%BA%8B%E6%A5%AD%E9%83%A8%EF%BC%89&areaword=%E5%8C%97%E6%B5%B7%E9%81%93&sort=01&sbmap=false
未知 株式会社,大阪府,https://www.green-japan.com/job/114194,https://itp.ne.jp/keyword/?keyword=%E6%9C%AA%E7%9F%A5%20%E6%A0%AA%E5%BC%8F%E4%BC%9A%E7%A4%BE&areaword=%E5%A4%A7%E9%98%AA%E5%BA%9C&sort=01&sbmap=false
株式会社 サクヤ,東京都,https://www.green-japan.com/job/112301,https://itp.ne.jp/keyword/?keyword=%E6%A0%AA%E5%BC%8F%E4%BC%9A%E7%A4%BE%20%E3%82%B5%E3%82%AF%E3%83%A4&areaword=%E6%9D%B1%E4%BA%AC%E9%83%BD&sort=01&sbmap=false
株式会社 エニグモ,東京都,https://www.green-japan.com/job/114870,https://itp.ne.jp/keyword/?keyword=%E6%A0%AA%E5%BC%8F%E4%BC%9A%E7%A4%BE%20%E3%82%A8%E3%83%8B%E3%82%B0%E3%83%A2&areaword=%E6%9D%B1%E4%BA%AC%E9%83%BD&sort=01&sbmap=false
株式会社 メドレー,東京都,https://www.green-japan.com/job/106599,https://itp.ne.jp/keyword/?keyword=%E6%A0%AA%E5%BC%8F%E4%BC%9A%E7%A4%BE%20%E3%83%A1%E3%83%89%E3%83%AC%E3%83%BC&areaword=%E6%9D%B1%E4%BA%AC%E9%83%BD&sort=01&sbmap=false
株式会社 CryptoPie,東京都,https://www.green-japan.com/job/108486,https://itp.ne.jp/keyword/?keyword=%E6%A0%AA%E5%BC%8F%E4%BC%9A%E7%A4%BE%20CryptoPie&areaword=%E6%9D%B1%E4%BA%AC%E9%83%BD&sort=01&sbmap=false
BEMAC 株式会社,香川県,https://www.green-japan.com/job/111348,https://itp.ne.jp/keyword/?keyword=BEMAC%20%E6%A0%AA%E5%BC%8F%E4%BC%9A%E7%A4%BE&areaword=%E9%A6%99%E5%B7%9D%E7%9C%8C&sort=01&sbmap=false
アソビュー 株式会社,東京都,https://www.green-japan.com/job/114192,https://itp.ne.jp/keyword/?keyword=%E3%82%A2%E3%82%BD%E3%83%93%E3%83%A5%E3%83%BC%20%E6%A0%AA%E5%BC%8F%E4%BC%9A%E7%A4%BE&areaword=%E6%9D%B1%E4%BA%AC%E9%83%BD&sort=01&sbmap=false
株式会社 ZIZAI,東京都,https://www.green-japan.com/job/99723,https://itp.ne.jp/keyword/?keyword=%E6%A0%AA%E5%BC%8F%E4%BC%9A%E7%A4%BE%20ZIZAI&areaword=%E6%9D%B1%E4%BA%AC%E9%83%BD&sort=01&sbmap=false
株式会社 PLAN-B,大阪府,https://www.green-japan.com/job/111882,https://itp.ne.jp/keyword/?keyword=%E6%A0%AA%E5%BC%8F%E4%BC%9A%E7%A4%BE%20PLAN-B&areaword=%E5%A4%A7%E9%98%AA%E5%BA%9C&sort=01&sbmap=false
セーフィー 株式会社,東京都,https://www.green-japan.com/job/113277,https://itp.ne.jp/keyword/?keyword=%E3%82%BB%E3%83%BC%E3%83%95%E3%82%A3%E3%83%BC%20%E6%A0%AA%E5%BC%8F%E4%BC%9A%E7%A4%BE&areaword=%E6%9D%B1%E4%BA%AC%E9%83%BD&sort=01&sbmap=false
株式会社 フィエルテ,東京都,https://www.green-japan.com/job/115030,https://itp.ne.jp/keyword/?keyword=%E6%A0%AA%E5%BC%8F%E4%BC%9A%E7%A4%BE%20%E3%83%95%E3%82%A3%E3%82%A8%E3%83%AB%E3%83%86&areaword=%E6%9D%B1%E4%BA%AC%E9%83%BD&sort=01&sbmap=false
株式会社 ライズクリエイション,奈良県,https://www.green-japan.com/job/110437,https://itp.ne.jp/keyword/?keyword=%E6%A0%AA%E5%BC%8F%E4%BC%9A%E7%A4%BE%20%E3%83%A9%E3%82%A4%E3%82%BA%E3%82%AF%E3%83%AA%E3%82%A8%E3%82%A4%E3%82%B7%E3%83%A7%E3%83%B3&areaword=%E5%A5%88%E8%89%AF%E7%9C%8C&sort=01&sbmap=false
株式会社 フルスピード,東京都,https://www.green-japan.com/job/111276,https://itp.ne.jp/keyword/?keyword=%E6%A0%AA%E5%BC%8F%E4%BC%9A%E7%A4%BE%20%E3%83%95%E3%83%AB%E3%82%B9%E3%83%94%E3%83%BC%E3%83%89&areaword=%E6%9D%B1%E4%BA%AC%E9%83%BD&sort=01&sbmap=false
株式会社 GameWith,東京都,https://www.green-japan.com/job/114134,https://itp.ne.jp/keyword/?keyword=%E6%A0%AA%E5%BC%8F%E4%BC%9A%E7%A4%BE%20GameWith&areaword=%E6%9D%B1%E4%BA%AC%E9%83%BD&sort=01&sbmap=false
株式会社 ジーネクスト,東京都,https://www.green-japan.com/job/114936,https://itp.ne.jp/keyword/?keyword=%E6%A0%AA%E5%BC%8F%E4%BC%9A%E7%A4%BE%20%E3%82%B8%E3%83%BC%E3%83%8D%E3%82%AF%E3%82%B9%E3%83%88&areaword=%E6%9D%B1%E4%BA%AC%E9%83%BD&sort=01&sbmap=false
株式会社 プラスアルファ・コンサルティング,東京都,https://www.green-japan.com/job/114913,https://itp.ne.jp/keyword/?keyword=%E6%A0%AA%E5%BC%8F%E4%BC%9A%E7%A4%BE%20%E3%83%97%E3%83%A9%E3%82%B9%E3%82%A2%E3%83%AB%E3%83%95%E3%82%A1%E3%83%BB%E3%82%B3%E3%83%B3%E3%82%B5%E3%83%AB%E3%83%86%E3%82%A3%E3%83%B3%E3%82%B0&areaword=%E6%9D%B1%E4%BA%AC%E9%83%BD&sort=01&sbmap=false
株式会社 オーネット,大阪府,https://www.green-japan.com/job/104594,https://itp.ne.jp/keyword/?keyword=%E6%A0%AA%E5%BC%8F%E4%BC%9A%E7%A4%BE%20%E3%82%AA%E3%83%BC%E3%83%8D%E3%83%83%E3%83%88&areaword=%E5%A4%A7%E9%98%AA%E5%BA%9C&sort=01&sbmap=false
ココン 株式会社,東京都,https://www.green-japan.com/job/114122,https://itp.ne.jp/keyword/?keyword=%E3%82%B3%E3%82%B3%E3%83%B3%20%E6%A0%AA%E5%BC%8F%E4%BC%9A%E7%A4%BE&areaword=%E6%9D%B1%E4%BA%AC%E9%83%BD&sort=01&sbmap=false
株式会社 Branding Engineer,東京都,https://www.green-japan.com/job/115583,https://itp.ne.jp/keyword/?keyword=%E6%A0%AA%E5%BC%8F%E4%BC%9A%E7%A4%BE%20Branding%20Engineer&areaword=%E6%9D%B1%E4%BA%AC%E9%83%BD&sort=01&sbmap=false
株式会社 デパート,東京都,https://www.green-japan.com/job/111555,https://itp.ne.jp/keyword/?keyword=%E6%A0%AA%E5%BC%8F%E4%BC%9A%E7%A4%BE%20%E3%83%87%E3%83%91%E3%83%BC%E3%83%88&areaword=%E6%9D%B1%E4%BA%AC%E9%83%BD&sort=01&sbmap=false
ファビウス 株式会社,東京都,https://www.green-japan.com/job/38756,https://itp.ne.jp/keyword/?keyword=%E3%83%95%E3%82%A1%E3%83%93%E3%82%A6%E3%82%B9%20%E6%A0%AA%E5%BC%8F%E4%BC%9A%E7%A4%BE&areaword=%E6%9D%B1%E4%BA%AC%E9%83%BD&sort=01&sbmap=false
AI CROSS 株式会社,東京都,https://www.green-japan.com/job/112537,https://itp.ne.jp/keyword/?keyword=AI%20CROSS%20%E6%A0%AA%E5%BC%8F%E4%BC%9A%E7%A4%BE&areaword=%E6%9D%B1%E4%BA%AC%E9%83%BD&sort=01&sbmap=false
株式会社 トップゲート,東京都,https://www.green-japan.com/job/108147,https://itp.ne.jp/keyword/?keyword=%E6%A0%AA%E5%BC%8F%E4%BC%9A%E7%A4%BE%20%E3%83%88%E3%83%83%E3%83%97%E3%82%B2%E3%83%BC%E3%83%88&areaword=%E6%9D%B1%E4%BA%AC%E9%83%BD&sort=01&sbmap=false
株式会社 アール・アンド・エー・シー,東京都,https://www.green-japan.com/job/115063,https://itp.ne.jp/keyword/?keyword=%E6%A0%AA%E5%BC%8F%E4%BC%9A%E7%A4%BE%20%E3%82%A2%E3%83%BC%E3%83%AB%E3%83%BB%E3%82%A2%E3%83%B3%E3%83%89%E3%83%BB%E3%82%A8%E3%83%BC%E3%83%BB%E3%82%B7%E3%83%BC&areaword=%E6%9D%B1%E4%BA%AC%E9%83%BD&sort=01&sbmap=false
"株式会社 オールアバウト (All About, Inc.)",東京都,https://www.green-japan.com/job/114864,"https://itp.ne.jp/keyword/?keyword=%E6%A0%AA%E5%BC%8F%E4%BC%9A%E7%A4%BE%20%E3%82%AA%E3%83%BC%E3%83%AB%E3%82%A2%E3%83%90%E3%82%A6%E3%83%88%20%28All%20About,%20Inc.%29&areaword=%E6%9D%B1%E4%BA%AC%E9%83%BD&sort=01&sbmap=false"
INCLUSIVE 株式会社,東京都,https://www.green-japan.com/job/33757,https://itp.ne.jp/keyword/?keyword=INCLUSIVE%20%E6%A0%AA%E5%BC%8F%E4%BC%9A%E7%A4%BE&areaword=%E6%9D%B1%E4%BA%AC%E9%83%BD&sort=01&sbmap=false
サイボウズ 株式会社,東京都,https://www.green-japan.com/job/115260,https://itp.ne.jp/keyword/?keyword=%E3%82%B5%E3%82%A4%E3%83%9C%E3%82%A6%E3%82%BA%20%E6%A0%AA%E5%BC%8F%E4%BC%9A%E7%A4%BE&areaword=%E6%9D%B1%E4%BA%AC%E9%83%BD&sort=01&sbmap=false
株式会社 ALL CONNECT,大阪府,https://www.green-japan.com/job/114862,https://itp.ne.jp/keyword/?keyword=%E6%A0%AA%E5%BC%8F%E4%BC%9A%E7%A4%BE%20ALL%20CONNECT&areaword=%E5%A4%A7%E9%98%AA%E5%BA%9C&sort=01&sbmap=false
Hamee 株式会社,神奈川県,https://www.green-japan.com/job/114993,https://itp.ne.jp/keyword/?keyword=Hamee%20%E6%A0%AA%E5%BC%8F%E4%BC%9A%E7%A4%BE&areaword=%E7%A5%9E%E5%A5%88%E5%B7%9D%E7%9C%8C&sort=01&sbmap=false
株式会社 テクロス,京都府,https://www.green-japan.com/job/82712,https://itp.ne.jp/keyword/?keyword=%E6%A0%AA%E5%BC%8F%E4%BC%9A%E7%A4%BE%20%E3%83%86%E3%82%AF%E3%83%AD%E3%82%B9&areaword=%E4%BA%AC%E9%83%BD%E5%BA%9C&sort=01&sbmap=false
株式会社 テンダ,東京都,https://www.green-japan.com/job/112331,https://itp.ne.jp/keyword/?keyword=%E6%A0%AA%E5%BC%8F%E4%BC%9A%E7%A4%BE%20%E3%83%86%E3%83%B3%E3%83%80&areaword=%E6%9D%B1%E4%BA%AC%E9%83%BD&sort=01&sbmap=false
カクテルメイク 株式会社,東京都,https://www.green-japan.com/job/115158,https://itp.ne.jp/keyword/?keyword=%E3%82%AB%E3%82%AF%E3%83%86%E3%83%AB%E3%83%A1%E3%82%A4%E3%82%AF%20%E6%A0%AA%E5%BC%8F%E4%BC%9A%E7%A4%BE&areaword=%E6%9D%B1%E4%BA%AC%E9%83%BD&sort=01&sbmap=false
日研トータルソーシング 株式会社,青森県，岩手県，宮城県，秋田県，山形県，福島県，茨城県，栃木県，群馬県，新潟県，富山県，石川県，福井県，山梨県，長野県，岐阜県，静岡県，三重県，滋賀県，奈良県，和歌山県，鳥取県，島根県，岡山県，広島県，山口県，徳島県，香川県，愛媛県，高知県，佐賀県，長崎県，熊本県，大分県，宮崎県，鹿児島県,https://www.green-japan.com/job/87069,https://itp.ne.jp/keyword/?keyword=%E6%97%A5%E7%A0%94%E3%83%88%E3%83%BC%E3%82%BF%E3%83%AB%E3%82%BD%E3%83%BC%E3%82%B7%E3%83%B3%E3%82%B0%20%E6%A0%AA%E5%BC%8F%E4%BC%9A%E7%A4%BE&areaword=%E9%9D%92%E6%A3%AE%E7%9C%8C%EF%BC%8C%E5%B2%A9%E6%89%8B%E7%9C%8C%EF%BC%8C%E5%AE%AE%E5%9F%8E%E7%9C%8C%EF%BC%8C%E7%A7%8B%E7%94%B0%E7%9C%8C%EF%BC%8C%E5%B1%B1%E5%BD%A2%E7%9C%8C%EF%BC%8C%E7%A6%8F%E5%B3%B6%E7%9C%8C%EF%BC%8C%E8%8C%A8%E5%9F%8E%E7%9C%8C%EF%BC%8C%E6%A0%83%E6%9C%A8%E7%9C%8C%EF%BC%8C%E7%BE%A4%E9%A6%AC%E7%9C%8C%EF%BC%8C%E6%96%B0%E6%BD%9F%E7%9C%8C%EF%BC%8C%E5%AF%8C%E5%B1%B1%E7%9C%8C%EF%BC%8C%E7%9F%B3%E5%B7%9D%E7%9C%8C%EF%BC%8C%E7%A6%8F%E4%BA%95%E7%9C%8C%EF%BC%8C%E5%B1%B1%E6%A2%A8%E7%9C%8C%EF%BC%8C%E9%95%B7%E9%87%8E%E7%9C%8C%EF%BC%8C%E5%B2%90%E9%98%9C%E7%9C%8C%EF%BC%8C%E9%9D%99%E5%B2%A1%E7%9C%8C%EF%BC%8C%E4%B8%89%E9%87%8D%E7%9C%8C%EF%BC%8C%E6%BB%8B%E8%B3%80%E7%9C%8C%EF%BC%8C%E5%A5%88%E8%89%AF%E7%9C%8C%EF%BC%8C%E5%92%8C%E6%AD%8C%E5%B1%B1%E7%9C%8C%EF%BC%8C%E9%B3%A5%E5%8F%96%E7%9C%8C%EF%BC%8C%E5%B3%B6%E6%A0%B9%E7%9C%8C%EF%BC%8C%E5%B2%A1%E5%B1%B1%E7%9C%8C%EF%BC%8C%E5%BA%83%E5%B3%B6%E7%9C%8C%EF%BC%8C%E5%B1%B1%E5%8F%A3%E7%9C%8C%EF%BC%8C%E5%BE%B3%E5%B3%B6%E7%9C%8C%EF%BC%8C%E9%A6%99%E5%B7%9D%E7%9C%8C%EF%BC%8C%E6%84%9B%E5%AA%9B%E7%9C%8C%EF%BC%8C%E9%AB%98%E7%9F%A5%E7%9C%8C%EF%BC%8C%E4%BD%90%E8%B3%80%E7%9C%8C%EF%BC%8C%E9%95%B7%E5%B4%8E%E7%9C%8C%EF%BC%8C%E7%86%8A%E6%9C%AC%E7%9C%8C%EF%BC%8C%E5%A4%A7%E5%88%86%E7%9C%8C%EF%BC%8C%E5%AE%AE%E5%B4%8E%E7%9C%8C%EF%BC%8C%E9%B9%BF%E5%85%90%E5%B3%B6%E7%9C%8C&sort=01&sbmap=false
株式会社 アガルート,東京都,https://www.green-japan.com/job/84829,https://itp.ne.jp/keyword/?keyword=%E6%A0%AA%E5%BC%8F%E4%BC%9A%E7%A4%BE%20%E3%82%A2%E3%82%AC%E3%83%AB%E3%83%BC%E3%83%88&areaword=%E6%9D%B1%E4%BA%AC%E9%83%BD&sort=01&sbmap=false
株式会社 トレタ,東京都,https://www.green-japan.com/job/110021,https://itp.ne.jp/keyword/?keyword=%E6%A0%AA%E5%BC%8F%E4%BC%9A%E7%A4%BE%20%E3%83%88%E3%83%AC%E3%82%BF&areaword=%E6%9D%B1%E4%BA%AC%E9%83%BD&sort=01&sbmap=false
アシアル 株式会社,東京都,https://www.green-japan.com/job/115185,https://itp.ne.jp/keyword/?keyword=%E3%82%A2%E3%82%B7%E3%82%A2%E3%83%AB%20%E6%A0%AA%E5%BC%8F%E4%BC%9A%E7%A4%BE&areaword=%E6%9D%B1%E4%BA%AC%E9%83%BD&sort=01&sbmap=false
株式会社 RevComm,全国,https://www.green-japan.com/job/114668,https://itp.ne.jp/keyword/?keyword=%E6%A0%AA%E5%BC%8F%E4%BC%9A%E7%A4%BE%20RevComm&areaword=%E5%85%A8%E5%9B%BD&sort=01&sbmap=false
株式会社 アクセルエンターメディア,東京都,https://www.green-japan.com/job/70855,https://itp.ne.jp/keyword/?keyword=%E6%A0%AA%E5%BC%8F%E4%BC%9A%E7%A4%BE%20%E3%82%A2%E3%82%AF%E3%82%BB%E3%83%AB%E3%82%A8%E3%83%B3%E3%82%BF%E3%83%BC%E3%83%A1%E3%83%87%E3%82%A3%E3%82%A2&areaword=%E6%9D%B1%E4%BA%AC%E9%83%BD&sort=01&sbmap=false
株式会社 HR Force,東京都,https://www.green-japan.com/job/67922,https://itp.ne.jp/keyword/?keyword=%E6%A0%AA%E5%BC%8F%E4%BC%9A%E7%A4%BE%20HR%20Force&areaword=%E6%9D%B1%E4%BA%AC%E9%83%BD&sort=01&sbmap=false
株式会社 シーエー・アドバンス,沖縄県,https://www.green-japan.com/job/107583,https://itp.ne.jp/keyword/?keyword=%E6%A0%AA%E5%BC%8F%E4%BC%9A%E7%A4%BE%20%E3%82%B7%E3%83%BC%E3%82%A8%E3%83%BC%E3%83%BB%E3%82%A2%E3%83%89%E3%83%90%E3%83%B3%E3%82%B9&areaword=%E6%B2%96%E7%B8%84%E7%9C%8C&sort=01&sbmap=false
株式会社 まぐまぐ,東京都,https://www.green-japan.com/job/94436,https://itp.ne.jp/keyword/?keyword=%E6%A0%AA%E5%BC%8F%E4%BC%9A%E7%A4%BE%20%E3%81%BE%E3%81%90%E3%81%BE%E3%81%90&areaword=%E6%9D%B1%E4%BA%AC%E9%83%BD&sort=01&sbmap=false
カラフル 株式会社,東京都,https://www.green-japan.com/job/110351,https://itp.ne.jp/keyword/?keyword=%E3%82%AB%E3%83%A9%E3%83%95%E3%83%AB%20%E6%A0%AA%E5%BC%8F%E4%BC%9A%E7%A4%BE&areaword=%E6%9D%B1%E4%BA%AC%E9%83%BD&sort=01&sbmap=false
株式会社 サイバー・コミュニケーションズ,東京都,https://www.green-japan.com/job/104815,https://itp.ne.jp/keyword/?keyword=%E6%A0%AA%E5%BC%8F%E4%BC%9A%E7%A4%BE%20%E3%82%B5%E3%82%A4%E3%83%90%E3%83%BC%E3%83%BB%E3%82%B3%E3%83%9F%E3%83%A5%E3%83%8B%E3%82%B1%E3%83%BC%E3%82%B7%E3%83%A7%E3%83%B3%E3%82%BA&areaword=%E6%9D%B1%E4%BA%AC%E9%83%BD&sort=01&sbmap=false
メリービズ 株式会社,東京都,https://www.green-japan.com/job/67933,https://itp.ne.jp/keyword/?keyword=%E3%83%A1%E3%83%AA%E3%83%BC%E3%83%93%E3%82%BA%20%E6%A0%AA%E5%BC%8F%E4%BC%9A%E7%A4%BE&areaword=%E6%9D%B1%E4%BA%AC%E9%83%BD&sort=01&sbmap=false
株式会社 テスク,愛知県,https://www.green-japan.com/job/114815,https://itp.ne.jp/keyword/?keyword=%E6%A0%AA%E5%BC%8F%E4%BC%9A%E7%A4%BE%20%E3%83%86%E3%82%B9%E3%82%AF&areaword=%E6%84%9B%E7%9F%A5%E7%9C%8C&sort=01&sbmap=false
株式会社 Voicy,東京都,https://www.green-japan.com/job/115581,https://itp.ne.jp/keyword/?keyword=%E6%A0%AA%E5%BC%8F%E4%BC%9A%E7%A4%BE%20Voicy&areaword=%E6%9D%B1%E4%BA%AC%E9%83%BD&sort=01&sbmap=false
株式会社 プライムアシスタンス,東京都,https://www.green-japan.com/job/92542,https://itp.ne.jp/keyword/?keyword=%E6%A0%AA%E5%BC%8F%E4%BC%9A%E7%A4%BE%20%E3%83%97%E3%83%A9%E3%82%A4%E3%83%A0%E3%82%A2%E3%82%B7%E3%82%B9%E3%82%BF%E3%83%B3%E3%82%B9&areaword=%E6%9D%B1%E4%BA%AC%E9%83%BD&sort=01&sbmap=false
株式会社 Techouse,東京都,https://www.green-japan.com/job/107918,https://itp.ne.jp/keyword/?keyword=%E6%A0%AA%E5%BC%8F%E4%BC%9A%E7%A4%BE%20Techouse&areaword=%E6%9D%B1%E4%BA%AC%E9%83%BD&sort=01&sbmap=false
株式会社 MILIZE,東京都,https://www.green-japan.com/job/110389,https://itp.ne.jp/keyword/?keyword=%E6%A0%AA%E5%BC%8F%E4%BC%9A%E7%A4%BE%20MILIZE&areaword=%E6%9D%B1%E4%BA%AC%E9%83%BD&sort=01&sbmap=false
株式会社 シャノン,東京都,https://www.green-japan.com/job/111788,https://itp.ne.jp/keyword/?keyword=%E6%A0%AA%E5%BC%8F%E4%BC%9A%E7%A4%BE%20%E3%82%B7%E3%83%A3%E3%83%8E%E3%83%B3&areaword=%E6%9D%B1%E4%BA%AC%E9%83%BD&sort=01&sbmap=false
株式会社 リジョブ,東京都,https://www.green-japan.com/job/106232,https://itp.ne.jp/keyword/?keyword=%E6%A0%AA%E5%BC%8F%E4%BC%9A%E7%A4%BE%20%E3%83%AA%E3%82%B8%E3%83%A7%E3%83%96&areaword=%E6%9D%B1%E4%BA%AC%E9%83%BD&sort=01&sbmap=false
ファーストアカウンティング 株式会社,東京都,https://www.green-japan.com/job/106831,https://itp.ne.jp/keyword/?keyword=%E3%83%95%E3%82%A1%E3%83%BC%E3%82%B9%E3%83%88%E3%82%A2%E3%82%AB%E3%82%A6%E3%83%B3%E3%83%86%E3%82%A3%E3%83%B3%E3%82%B0%20%E6%A0%AA%E5%BC%8F%E4%BC%9A%E7%A4%BE&areaword=%E6%9D%B1%E4%BA%AC%E9%83%BD&sort=01&sbmap=false
CBcloud 株式会社,東京都,https://www.green-japan.com/job/113017,https://itp.ne.jp/keyword/?keyword=CBcloud%20%E6%A0%AA%E5%BC%8F%E4%BC%9A%E7%A4%BE&areaword=%E6%9D%B1%E4%BA%AC%E9%83%BD&sort=01&sbmap=false
合同会社 revive,東京都,https://www.green-japan.com/job/108692,https://itp.ne.jp/keyword/?keyword=%E5%90%88%E5%90%8C%E4%BC%9A%E7%A4%BE%20revive&areaword=%E6%9D%B1%E4%BA%AC%E9%83%BD&sort=01&sbmap=false
クラスメソッド 株式会社,東京都,https://www.green-japan.com/job/112340,https://itp.ne.jp/keyword/?keyword=%E3%82%AF%E3%83%A9%E3%82%B9%E3%83%A1%E3%82%BD%E3%83%83%E3%83%89%20%E6%A0%AA%E5%BC%8F%E4%BC%9A%E7%A4%BE&areaword=%E6%9D%B1%E4%BA%AC%E9%83%BD&sort=01&sbmap=false
株式会社 アイデンティティー,東京都,https://www.green-japan.com/job/110362,https://itp.ne.jp/keyword/?keyword=%E6%A0%AA%E5%BC%8F%E4%BC%9A%E7%A4%BE%20%E3%82%A2%E3%82%A4%E3%83%87%E3%83%B3%E3%83%86%E3%82%A3%E3%83%86%E3%82%A3%E3%83%BC&areaword=%E6%9D%B1%E4%BA%AC%E9%83%BD&sort=01&sbmap=false
株式会社 ライボ,東京都,https://www.green-japan.com/job/92648,https://itp.ne.jp/keyword/?keyword=%E6%A0%AA%E5%BC%8F%E4%BC%9A%E7%A4%BE%20%E3%83%A9%E3%82%A4%E3%83%9C&areaword=%E6%9D%B1%E4%BA%AC%E9%83%BD&sort=01&sbmap=false
株式会社 アスラボ,東京都,https://www.green-japan.com/job/110791,https://itp.ne.jp/keyword/?keyword=%E6%A0%AA%E5%BC%8F%E4%BC%9A%E7%A4%BE%20%E3%82%A2%E3%82%B9%E3%83%A9%E3%83%9C&areaword=%E6%9D%B1%E4%BA%AC%E9%83%BD&sort=01&sbmap=false
株式会社 ココナラ,東京都,https://www.green-japan.com/job/114542,https://itp.ne.jp/keyword/?keyword=%E6%A0%AA%E5%BC%8F%E4%BC%9A%E7%A4%BE%20%E3%82%B3%E3%82%B3%E3%83%8A%E3%83%A9&areaword=%E6%9D%B1%E4%BA%AC%E9%83%BD&sort=01&sbmap=false
レインメーカー 株式会社,東京都,https://www.green-japan.com/job/74124,https://itp.ne.jp/keyword/?keyword=%E3%83%AC%E3%82%A4%E3%83%B3%E3%83%A1%E3%83%BC%E3%82%AB%E3%83%BC%20%E6%A0%AA%E5%BC%8F%E4%BC%9A%E7%A4%BE&areaword=%E6%9D%B1%E4%BA%AC%E9%83%BD&sort=01&sbmap=false
株式会社 トライステージ,東京都,https://www.green-japan.com/job/98130,https://itp.ne.jp/keyword/?keyword=%E6%A0%AA%E5%BC%8F%E4%BC%9A%E7%A4%BE%20%E3%83%88%E3%83%A9%E3%82%A4%E3%82%B9%E3%83%86%E3%83%BC%E3%82%B8&areaword=%E6%9D%B1%E4%BA%AC%E9%83%BD&sort=01&sbmap=false
株式会社 カウリス,東京都,https://www.green-japan.com/job/105546,https://itp.ne.jp/keyword/?keyword=%E6%A0%AA%E5%BC%8F%E4%BC%9A%E7%A4%BE%20%E3%82%AB%E3%82%A6%E3%83%AA%E3%82%B9&areaword=%E6%9D%B1%E4%BA%AC%E9%83%BD&sort=01&sbmap=false
株式会社 Flucle,京都府，大阪府，兵庫県,https://www.green-japan.com/job/111822,https://itp.ne.jp/keyword/?keyword=%E6%A0%AA%E5%BC%8F%E4%BC%9A%E7%A4%BE%20Flucle&areaword=%E4%BA%AC%E9%83%BD%E5%BA%9C%EF%BC%8C%E5%A4%A7%E9%98%AA%E5%BA%9C%EF%BC%8C%E5%85%B5%E5%BA%AB%E7%9C%8C&sort=01&sbmap=false
株式会社 KPIソリューションズ,東京都,https://www.green-japan.com/job/113609,https://itp.ne.jp/keyword/?keyword=%E6%A0%AA%E5%BC%8F%E4%BC%9A%E7%A4%BE%20KPI%E3%82%BD%E3%83%AA%E3%83%A5%E3%83%BC%E3%82%B7%E3%83%A7%E3%83%B3%E3%82%BA&areaword=%E6%9D%B1%E4%BA%AC%E9%83%BD&sort=01&sbmap=false
株式会社 Elaly,東京都,https://www.green-japan.com/job/92224,https://itp.ne.jp/keyword/?keyword=%E6%A0%AA%E5%BC%8F%E4%BC%9A%E7%A4%BE%20Elaly&areaword=%E6%9D%B1%E4%BA%AC%E9%83%BD&sort=01&sbmap=false
パレクセル・インターナショナル 株式会社,東京都,https://www.green-japan.com/job/110089,https://itp.ne.jp/keyword/?keyword=%E3%83%91%E3%83%AC%E3%82%AF%E3%82%BB%E3%83%AB%E3%83%BB%E3%82%A4%E3%83%B3%E3%82%BF%E3%83%BC%E3%83%8A%E3%82%B7%E3%83%A7%E3%83%8A%E3%83%AB%20%E6%A0%AA%E5%BC%8F%E4%BC%9A%E7%A4%BE&areaword=%E6%9D%B1%E4%BA%AC%E9%83%BD&sort=01&sbmap=false
株式会社 イー・スピリット,東京都,https://www.green-japan.com/job/89747,https://itp.ne.jp/keyword/?keyword=%E6%A0%AA%E5%BC%8F%E4%BC%9A%E7%A4%BE%20%E3%82%A4%E3%83%BC%E3%83%BB%E3%82%B9%E3%83%94%E3%83%AA%E3%83%83%E3%83%88&areaword=%E6%9D%B1%E4%BA%AC%E9%83%BD&sort=01&sbmap=false
株式会社 ハイパードライブ,東京都,https://www.green-japan.com/job/74792,https://itp.ne.jp/keyword/?keyword=%E6%A0%AA%E5%BC%8F%E4%BC%9A%E7%A4%BE%20%E3%83%8F%E3%82%A4%E3%83%91%E3%83%BC%E3%83%89%E3%83%A9%E3%82%A4%E3%83%96&areaword=%E6%9D%B1%E4%BA%AC%E9%83%BD&sort=01&sbmap=false
株式会社 コドモン,東京都,https://www.green-japan.com/job/101559,https://itp.ne.jp/keyword/?keyword=%E6%A0%AA%E5%BC%8F%E4%BC%9A%E7%A4%BE%20%E3%82%B3%E3%83%89%E3%83%A2%E3%83%B3&areaword=%E6%9D%B1%E4%BA%AC%E9%83%BD&sort=01&sbmap=false
株式会社 スペシフィック,東京都,https://www.green-japan.com/job/106705,https://itp.ne.jp/keyword/?keyword=%E6%A0%AA%E5%BC%8F%E4%BC%9A%E7%A4%BE%20%E3%82%B9%E3%83%9A%E3%82%B7%E3%83%95%E3%82%A3%E3%83%83%E3%82%AF&areaword=%E6%9D%B1%E4%BA%AC%E9%83%BD&sort=01&sbmap=false
株式会社 エス・エム・エス,東京都,https://www.green-japan.com/job/114006,https://itp.ne.jp/keyword/?keyword=%E6%A0%AA%E5%BC%8F%E4%BC%9A%E7%A4%BE%20%E3%82%A8%E3%82%B9%E3%83%BB%E3%82%A8%E3%83%A0%E3%83%BB%E3%82%A8%E3%82%B9&areaword=%E6%9D%B1%E4%BA%AC%E9%83%BD&sort=01&sbmap=false
株式会社 ネットマーケティング,東京都,https://www.green-japan.com/job/94818,https://itp.ne.jp/keyword/?keyword=%E6%A0%AA%E5%BC%8F%E4%BC%9A%E7%A4%BE%20%E3%83%8D%E3%83%83%E3%83%88%E3%83%9E%E3%83%BC%E3%82%B1%E3%83%86%E3%82%A3%E3%83%B3%E3%82%B0&areaword=%E6%9D%B1%E4%BA%AC%E9%83%BD&sort=01&sbmap=false
株式会社 TRUSTDOCK,東京都,https://www.green-japan.com/job/108546,https://itp.ne.jp/keyword/?keyword=%E6%A0%AA%E5%BC%8F%E4%BC%9A%E7%A4%BE%20TRUSTDOCK&areaword=%E6%9D%B1%E4%BA%AC%E9%83%BD&sort=01&sbmap=false
ソーシャルワイヤー 株式会社,東京都,https://www.green-japan.com/job/111312,https://itp.ne.jp/keyword/?keyword=%E3%82%BD%E3%83%BC%E3%82%B7%E3%83%A3%E3%83%AB%E3%83%AF%E3%82%A4%E3%83%A4%E3%83%BC%20%E6%A0%AA%E5%BC%8F%E4%BC%9A%E7%A4%BE&areaword=%E6%9D%B1%E4%BA%AC%E9%83%BD&sort=01&sbmap=false
ミュージックセキュリティーズ 株式会社,東京都,https://www.green-japan.com/job/99717,https://itp.ne.jp/keyword/?keyword=%E3%83%9F%E3%83%A5%E3%83%BC%E3%82%B8%E3%83%83%E3%82%AF%E3%82%BB%E3%82%AD%E3%83%A5%E3%83%AA%E3%83%86%E3%82%A3%E3%83%BC%E3%82%BA%20%E6%A0%AA%E5%BC%8F%E4%BC%9A%E7%A4%BE&areaword=%E6%9D%B1%E4%BA%AC%E9%83%BD&sort=01&sbmap=false
株式会社 WACUL,東京都,https://www.green-japan.com/job/84317,https://itp.ne.jp/keyword/?keyword=%E6%A0%AA%E5%BC%8F%E4%BC%9A%E7%A4%BE%20WACUL&areaword=%E6%9D%B1%E4%BA%AC%E9%83%BD&sort=01&sbmap=false
株式会社 北の達人コーポレーション,東京都,https://www.green-japan.com/job/110683,https://itp.ne.jp/keyword/?keyword=%E6%A0%AA%E5%BC%8F%E4%BC%9A%E7%A4%BE%20%E5%8C%97%E3%81%AE%E9%81%94%E4%BA%BA%E3%82%B3%E3%83%BC%E3%83%9D%E3%83%AC%E3%83%BC%E3%82%B7%E3%83%A7%E3%83%B3&areaword=%E6%9D%B1%E4%BA%AC%E9%83%BD&sort=01&sbmap=false
株式会社 日進サイエンティア,宮城県,https://www.green-japan.com/job/108449,https://itp.ne.jp/keyword/?keyword=%E6%A0%AA%E5%BC%8F%E4%BC%9A%E7%A4%BE%20%E6%97%A5%E9%80%B2%E3%82%B5%E3%82%A4%E3%82%A8%E3%83%B3%E3%83%86%E3%82%A3%E3%82%A2&areaword=%E5%AE%AE%E5%9F%8E%E7%9C%8C&sort=01&sbmap=false
株式会社 柴田ビジネス・コンサルティング,静岡県,https://www.green-japan.com/job/114731,https://itp.ne.jp/keyword/?keyword=%E6%A0%AA%E5%BC%8F%E4%BC%9A%E7%A4%BE%20%E6%9F%B4%E7%94%B0%E3%83%93%E3%82%B8%E3%83%8D%E3%82%B9%E3%83%BB%E3%82%B3%E3%83%B3%E3%82%B5%E3%83%AB%E3%83%86%E3%82%A3%E3%83%B3%E3%82%B0&areaword=%E9%9D%99%E5%B2%A1%E7%9C%8C&sort=01&sbmap=false
株式会社 クーシー,東京都,https://www.green-japan.com/job/97293,https://itp.ne.jp/keyword/?keyword=%E6%A0%AA%E5%BC%8F%E4%BC%9A%E7%A4%BE%20%E3%82%AF%E3%83%BC%E3%82%B7%E3%83%BC&areaword=%E6%9D%B1%E4%BA%AC%E9%83%BD&sort=01&sbmap=false
株式会社 アーキタイプ,東京都,https://www.green-japan.com/job/109801,https://itp.ne.jp/keyword/?keyword=%E6%A0%AA%E5%BC%8F%E4%BC%9A%E7%A4%BE%20%E3%82%A2%E3%83%BC%E3%82%AD%E3%82%BF%E3%82%A4%E3%83%97&areaword=%E6%9D%B1%E4%BA%AC%E9%83%BD&sort=01&sbmap=false
株式会社 ラクス,大阪府,https://www.green-japan.com/job/111568,https://itp.ne.jp/keyword/?keyword=%E6%A0%AA%E5%BC%8F%E4%BC%9A%E7%A4%BE%20%E3%83%A9%E3%82%AF%E3%82%B9&areaword=%E5%A4%A7%E9%98%AA%E5%BA%9C&sort=01&sbmap=false
株式会社 DouYu Japan,東京都,https://www.green-japan.com/job/107079,https://itp.ne.jp/keyword/?keyword=%E6%A0%AA%E5%BC%8F%E4%BC%9A%E7%A4%BE%20DouYu%20Japan&areaword=%E6%9D%B1%E4%BA%AC%E9%83%BD&sort=01&sbmap=false
株式会社 キャピタルメディカ,東京都,https://www.green-japan.com/job/110208,https://itp.ne.jp/keyword/?keyword=%E6%A0%AA%E5%BC%8F%E4%BC%9A%E7%A4%BE%20%E3%82%AD%E3%83%A3%E3%83%94%E3%82%BF%E3%83%AB%E3%83%A1%E3%83%87%E3%82%A3%E3%82%AB&areaword=%E6%9D%B1%E4%BA%AC%E9%83%BD&sort=01&sbmap=false
株式会社 コアシンク,東京都,https://www.green-japan.com/job/108458,https://itp.ne.jp/keyword/?keyword=%E6%A0%AA%E5%BC%8F%E4%BC%9A%E7%A4%BE%20%E3%82%B3%E3%82%A2%E3%82%B7%E3%83%B3%E3%82%AF&areaword=%E6%9D%B1%E4%BA%AC%E9%83%BD&sort=01&sbmap=false
株式会社 ラック,東京都,https://www.green-japan.com/job/83528,https://itp.ne.jp/keyword/?keyword=%E6%A0%AA%E5%BC%8F%E4%BC%9A%E7%A4%BE%20%E3%83%A9%E3%83%83%E3%82%AF&areaword=%E6%9D%B1%E4%BA%AC%E9%83%BD&sort=01&sbmap=false
スローガン 株式会社,東京都，京都府,https://www.green-japan.com/job/23805,https://itp.ne.jp/keyword/?keyword=%E3%82%B9%E3%83%AD%E3%83%BC%E3%82%AC%E3%83%B3%20%E6%A0%AA%E5%BC%8F%E4%BC%9A%E7%A4%BE&areaword=%E6%9D%B1%E4%BA%AC%E9%83%BD%EF%BC%8C%E4%BA%AC%E9%83%BD%E5%BA%9C&sort=01&sbmap=false
ベースメントアップス 株式会社,東京都,https://www.green-japan.com/job/102079,https://itp.ne.jp/keyword/?keyword=%E3%83%99%E3%83%BC%E3%82%B9%E3%83%A1%E3%83%B3%E3%83%88%E3%82%A2%E3%83%83%E3%83%97%E3%82%B9%20%E6%A0%AA%E5%BC%8F%E4%BC%9A%E7%A4%BE&areaword=%E6%9D%B1%E4%BA%AC%E9%83%BD&sort=01&sbmap=false
ソニーネットワークコミュニケーションズ 株式会社,東京都,https://www.green-japan.com/job/114205,https://itp.ne.jp/keyword/?keyword=%E3%82%BD%E3%83%8B%E3%83%BC%E3%83%8D%E3%83%83%E3%83%88%E3%83%AF%E3%83%BC%E3%82%AF%E3%82%B3%E3%83%9F%E3%83%A5%E3%83%8B%E3%82%B1%E3%83%BC%E3%82%B7%E3%83%A7%E3%83%B3%E3%82%BA%20%E6%A0%AA%E5%BC%8F%E4%BC%9A%E7%A4%BE&areaword=%E6%9D%B1%E4%BA%AC%E9%83%BD&sort=01&sbmap=false
株式会社 マイクロウェーブ,東京都,https://www.green-japan.com/job/111698,https://itp.ne.jp/keyword/?keyword=%E6%A0%AA%E5%BC%8F%E4%BC%9A%E7%A4%BE%20%E3%83%9E%E3%82%A4%E3%82%AF%E3%83%AD%E3%82%A6%E3%82%A7%E3%83%BC%E3%83%96&areaword=%E6%9D%B1%E4%BA%AC%E9%83%BD&sort=01&sbmap=false
株式会社 エイチーム,愛知県,https://www.green-japan.com/job/66609,https://itp.ne.jp/keyword/?keyword=%E6%A0%AA%E5%BC%8F%E4%BC%9A%E7%A4%BE%20%E3%82%A8%E3%82%A4%E3%83%81%E3%83%BC%E3%83%A0&areaword=%E6%84%9B%E7%9F%A5%E7%9C%8C&sort=01&sbmap=false
株式会社 Liberaware,千葉県,https://www.green-japan.com/job/107288,https://itp.ne.jp/keyword/?keyword=%E6%A0%AA%E5%BC%8F%E4%BC%9A%E7%A4%BE%20Liberaware&areaword=%E5%8D%83%E8%91%89%E7%9C%8C&sort=01&sbmap=false
株式会社  Trys,東京都,https://www.green-japan.com/job/111465,https://itp.ne.jp/keyword/?keyword=%E6%A0%AA%E5%BC%8F%E4%BC%9A%E7%A4%BE%20%20Trys&areaword=%E6%9D%B1%E4%BA%AC%E9%83%BD&sort=01&sbmap=false
株式会社 Showcase Gig,東京都,https://www.green-japan.com/job/95467,https://itp.ne.jp/keyword/?keyword=%E6%A0%AA%E5%BC%8F%E4%BC%9A%E7%A4%BE%20Showcase%20Gig&areaword=%E6%9D%B1%E4%BA%AC%E9%83%BD&sort=01&sbmap=false
ワンダープラネット 株式会社,愛知県,https://www.green-japan.com/job/111371,https://itp.ne.jp/keyword/?keyword=%E3%83%AF%E3%83%B3%E3%83%80%E3%83%BC%E3%83%97%E3%83%A9%E3%83%8D%E3%83%83%E3%83%88%20%E6%A0%AA%E5%BC%8F%E4%BC%9A%E7%A4%BE&areaword=%E6%84%9B%E7%9F%A5%E7%9C%8C&sort=01&sbmap=false
株式会社 エイジェックスコミュニケーションズ,京都府,https://www.green-japan.com/job/79888,https://itp.ne.jp/keyword/?keyword=%E6%A0%AA%E5%BC%8F%E4%BC%9A%E7%A4%BE%20%E3%82%A8%E3%82%A4%E3%82%B8%E3%82%A7%E3%83%83%E3%82%AF%E3%82%B9%E3%82%B3%E3%83%9F%E3%83%A5%E3%83%8B%E3%82%B1%E3%83%BC%E3%82%B7%E3%83%A7%E3%83%B3%E3%82%BA&areaword=%E4%BA%AC%E9%83%BD%E5%BA%9C&sort=01&sbmap=false
株式会社 モンスター・ラボ,東京都,https://www.green-japan.com/job/111384,https://itp.ne.jp/keyword/?keyword=%E6%A0%AA%E5%BC%8F%E4%BC%9A%E7%A4%BE%20%E3%83%A2%E3%83%B3%E3%82%B9%E3%82%BF%E3%83%BC%E3%83%BB%E3%83%A9%E3%83%9C&areaword=%E6%9D%B1%E4%BA%AC%E9%83%BD&sort=01&sbmap=false
Mikatus 株式会社,東京都,https://www.green-japan.com/job/73608,https://itp.ne.jp/keyword/?keyword=Mikatus%20%E6%A0%AA%E5%BC%8F%E4%BC%9A%E7%A4%BE&areaword=%E6%9D%B1%E4%BA%AC%E9%83%BD&sort=01&sbmap=false
株式会社 いい生活,東京都,https://www.green-japan.com/job/45208,https://itp.ne.jp/keyword/?keyword=%E6%A0%AA%E5%BC%8F%E4%BC%9A%E7%A4%BE%20%E3%81%84%E3%81%84%E7%94%9F%E6%B4%BB&areaword=%E6%9D%B1%E4%BA%AC%E9%83%BD&sort=01&sbmap=false
株式会社 ジャパネットホールディングス,福岡県,https://www.green-japan.com/job/107666,https://itp.ne.jp/keyword/?keyword=%E6%A0%AA%E5%BC%8F%E4%BC%9A%E7%A4%BE%20%E3%82%B8%E3%83%A3%E3%83%91%E3%83%8D%E3%83%83%E3%83%88%E3%83%9B%E3%83%BC%E3%83%AB%E3%83%87%E3%82%A3%E3%83%B3%E3%82%B0%E3%82%B9&areaword=%E7%A6%8F%E5%B2%A1%E7%9C%8C&sort=01&sbmap=false
株式会社 ロイヤリティ マーケティング,東京都,https://www.green-japan.com/job/113794,https://itp.ne.jp/keyword/?keyword=%E6%A0%AA%E5%BC%8F%E4%BC%9A%E7%A4%BE%20%E3%83%AD%E3%82%A4%E3%83%A4%E3%83%AA%E3%83%86%E3%82%A3%20%E3%83%9E%E3%83%BC%E3%82%B1%E3%83%86%E3%82%A3%E3%83%B3%E3%82%B0&areaword=%E6%9D%B1%E4%BA%AC%E9%83%BD&sort=01&sbmap=false
東和ハイシステム 株式会社,岡山県,https://www.green-japan.com/job/112269,https://itp.ne.jp/keyword/?keyword=%E6%9D%B1%E5%92%8C%E3%83%8F%E3%82%A4%E3%82%B7%E3%82%B9%E3%83%86%E3%83%A0%20%E6%A0%AA%E5%BC%8F%E4%BC%9A%E7%A4%BE&areaword=%E5%B2%A1%E5%B1%B1%E7%9C%8C&sort=01&sbmap=false
SBIビジネス・ソリューションズ 株式会社,東京都,https://www.green-japan.com/job/99904,https://itp.ne.jp/keyword/?keyword=SBI%E3%83%93%E3%82%B8%E3%83%8D%E3%82%B9%E3%83%BB%E3%82%BD%E3%83%AA%E3%83%A5%E3%83%BC%E3%82%B7%E3%83%A7%E3%83%B3%E3%82%BA%20%E6%A0%AA%E5%BC%8F%E4%BC%9A%E7%A4%BE&areaword=%E6%9D%B1%E4%BA%AC%E9%83%BD&sort=01&sbmap=false
株式会社 フロムスクラッチ,東京都,https://www.green-japan.com/job/89366,https://itp.ne.jp/keyword/?keyword=%E6%A0%AA%E5%BC%8F%E4%BC%9A%E7%A4%BE%20%E3%83%95%E3%83%AD%E3%83%A0%E3%82%B9%E3%82%AF%E3%83%A9%E3%83%83%E3%83%81&areaword=%E6%9D%B1%E4%BA%AC%E9%83%BD&sort=01&sbmap=false
株式会社 bitFlyer,東京都,https://www.green-japan.com/job/113586,https://itp.ne.jp/keyword/?keyword=%E6%A0%AA%E5%BC%8F%E4%BC%9A%E7%A4%BE%20bitFlyer&areaword=%E6%9D%B1%E4%BA%AC%E9%83%BD&sort=01&sbmap=false
弥生 株式会社,東京都,https://www.green-japan.com/job/42397,https://itp.ne.jp/keyword/?keyword=%E5%BC%A5%E7%94%9F%20%E6%A0%AA%E5%BC%8F%E4%BC%9A%E7%A4%BE&areaword=%E6%9D%B1%E4%BA%AC%E9%83%BD&sort=01&sbmap=false
株式会社 ストリートスマート,大阪府,https://www.green-japan.com/job/92238,https://itp.ne.jp/keyword/?keyword=%E6%A0%AA%E5%BC%8F%E4%BC%9A%E7%A4%BE%20%E3%82%B9%E3%83%88%E3%83%AA%E3%83%BC%E3%83%88%E3%82%B9%E3%83%9E%E3%83%BC%E3%83%88&areaword=%E5%A4%A7%E9%98%AA%E5%BA%9C&sort=01&sbmap=false
株式会社 アペルザ,神奈川県,https://www.green-japan.com/job/107963,https://itp.ne.jp/keyword/?keyword=%E6%A0%AA%E5%BC%8F%E4%BC%9A%E7%A4%BE%20%E3%82%A2%E3%83%9A%E3%83%AB%E3%82%B6&areaword=%E7%A5%9E%E5%A5%88%E5%B7%9D%E7%9C%8C&sort=01&sbmap=false
株式会社 コロプラ,東京都,https://www.green-japan.com/job/87783,https://itp.ne.jp/keyword/?keyword=%E6%A0%AA%E5%BC%8F%E4%BC%9A%E7%A4%BE%20%E3%82%B3%E3%83%AD%E3%83%97%E3%83%A9&areaword=%E6%9D%B1%E4%BA%AC%E9%83%BD&sort=01&sbmap=false
認定NPO法人カタリバ,東京都,https://www.green-japan.com/job/112670,https://itp.ne.jp/keyword/?keyword=%E8%AA%8D%E5%AE%9ANPO%E6%B3%95%E4%BA%BA%E3%82%AB%E3%82%BF%E3%83%AA%E3%83%90&areaword=%E6%9D%B1%E4%BA%AC%E9%83%BD&sort=01&sbmap=false
株式会社 コリー,東京都,https://www.green-japan.com/job/102048,https://itp.ne.jp/keyword/?keyword=%E6%A0%AA%E5%BC%8F%E4%BC%9A%E7%A4%BE%20%E3%82%B3%E3%83%AA%E3%83%BC&areaword=%E6%9D%B1%E4%BA%AC%E9%83%BD&sort=01&sbmap=false
株式会社 HERO innovation,東京都,https://www.green-japan.com/job/99643,https://itp.ne.jp/keyword/?keyword=%E6%A0%AA%E5%BC%8F%E4%BC%9A%E7%A4%BE%20HERO%20innovation&areaword=%E6%9D%B1%E4%BA%AC%E9%83%BD&sort=01&sbmap=false
株式会社 LIFULL senior,東京都,https://www.green-japan.com/job/100332,https://itp.ne.jp/keyword/?keyword=%E6%A0%AA%E5%BC%8F%E4%BC%9A%E7%A4%BE%20LIFULL%20senior&areaword=%E6%9D%B1%E4%BA%AC%E9%83%BD&sort=01&sbmap=false
株式会社 スリーシェイク,埼玉県，千葉県，東京都，神奈川県,https://www.green-japan.com/job/113829,https://itp.ne.jp/keyword/?keyword=%E6%A0%AA%E5%BC%8F%E4%BC%9A%E7%A4%BE%20%E3%82%B9%E3%83%AA%E3%83%BC%E3%82%B7%E3%82%A7%E3%82%A4%E3%82%AF&areaword=%E5%9F%BC%E7%8E%89%E7%9C%8C%EF%BC%8C%E5%8D%83%E8%91%89%E7%9C%8C%EF%BC%8C%E6%9D%B1%E4%BA%AC%E9%83%BD%EF%BC%8C%E7%A5%9E%E5%A5%88%E5%B7%9D%E7%9C%8C&sort=01&sbmap=false
株式会社 ブレインパッド,東京都,https://www.green-japan.com/job/53244,https://itp.ne.jp/keyword/?keyword=%E6%A0%AA%E5%BC%8F%E4%BC%9A%E7%A4%BE%20%E3%83%96%E3%83%AC%E3%82%A4%E3%83%B3%E3%83%91%E3%83%83%E3%83%89&areaword=%E6%9D%B1%E4%BA%AC%E9%83%BD&sort=01&sbmap=false
株式会社 KMS,東京都,https://www.green-japan.com/job/111154,https://itp.ne.jp/keyword/?keyword=%E6%A0%AA%E5%BC%8F%E4%BC%9A%E7%A4%BE%20KMS&areaword=%E6%9D%B1%E4%BA%AC%E9%83%BD&sort=01&sbmap=false
株式会社 アイコニックジャパン,海外,https://www.green-japan.com/job/80121,https://itp.ne.jp/keyword/?keyword=%E6%A0%AA%E5%BC%8F%E4%BC%9A%E7%A4%BE%20%E3%82%A2%E3%82%A4%E3%82%B3%E3%83%8B%E3%83%83%E3%82%AF%E3%82%B8%E3%83%A3%E3%83%91%E3%83%B3&areaword=%E6%B5%B7%E5%A4%96&sort=01&sbmap=false
Sasuke Financial Lab 株式会社,東京都,https://www.green-japan.com/job/113139,https://itp.ne.jp/keyword/?keyword=Sasuke%20Financial%20Lab%20%E6%A0%AA%E5%BC%8F%E4%BC%9A%E7%A4%BE&areaword=%E6%9D%B1%E4%BA%AC%E9%83%BD&sort=01&sbmap=false
株式会社 イーリバースドットコム,東京都,https://www.green-japan.com/job/101915,https://itp.ne.jp/keyword/?keyword=%E6%A0%AA%E5%BC%8F%E4%BC%9A%E7%A4%BE%20%E3%82%A4%E3%83%BC%E3%83%AA%E3%83%90%E3%83%BC%E3%82%B9%E3%83%89%E3%83%83%E3%83%88%E3%82%B3%E3%83%A0&areaword=%E6%9D%B1%E4%BA%AC%E9%83%BD&sort=01&sbmap=false
株式会社 ローカルフォリオ（旧リーチローカル・ジャパン株式会社）,東京都,https://www.green-japan.com/job/114667,https://itp.ne.jp/keyword/?keyword=%E6%A0%AA%E5%BC%8F%E4%BC%9A%E7%A4%BE%20%E3%83%AD%E3%83%BC%E3%82%AB%E3%83%AB%E3%83%95%E3%82%A9%E3%83%AA%E3%82%AA%EF%BC%88%E6%97%A7%E3%83%AA%E3%83%BC%E3%83%81%E3%83%AD%E3%83%BC%E3%82%AB%E3%83%AB%E3%83%BB%E3%82%B8%E3%83%A3%E3%83%91%E3%83%B3%E6%A0%AA%E5%BC%8F%E4%BC%9A%E7%A4%BE%EF%BC%89&areaword=%E6%9D%B1%E4%BA%AC%E9%83%BD&sort=01&sbmap=false
株式会社 div,東京都,https://www.green-japan.com/job/105910,https://itp.ne.jp/keyword/?keyword=%E6%A0%AA%E5%BC%8F%E4%BC%9A%E7%A4%BE%20div&areaword=%E6%9D%B1%E4%BA%AC%E9%83%BD&sort=01&sbmap=false
株式会社 カウンターワークス,東京都,https://www.green-japan.com/job/95076,https://itp.ne.jp/keyword/?keyword=%E6%A0%AA%E5%BC%8F%E4%BC%9A%E7%A4%BE%20%E3%82%AB%E3%82%A6%E3%83%B3%E3%82%BF%E3%83%BC%E3%83%AF%E3%83%BC%E3%82%AF%E3%82%B9&areaword=%E6%9D%B1%E4%BA%AC%E9%83%BD&sort=01&sbmap=false
株式会社 HRBrain,全国,https://www.green-japan.com/job/73181,https://itp.ne.jp/keyword/?keyword=%E6%A0%AA%E5%BC%8F%E4%BC%9A%E7%A4%BE%20HRBrain&areaword=%E5%85%A8%E5%9B%BD&sort=01&sbmap=false
株式会社 マーケットエンタープライズ,東京都,https://www.green-japan.com/job/80885,https://itp.ne.jp/keyword/?keyword=%E6%A0%AA%E5%BC%8F%E4%BC%9A%E7%A4%BE%20%E3%83%9E%E3%83%BC%E3%82%B1%E3%83%83%E3%83%88%E3%82%A8%E3%83%B3%E3%82%BF%E3%83%BC%E3%83%97%E3%83%A9%E3%82%A4%E3%82%BA&areaword=%E6%9D%B1%E4%BA%AC%E9%83%BD&sort=01&sbmap=false
株式会社 ミツモア,東京都,https://www.green-japan.com/job/113646,https://itp.ne.jp/keyword/?keyword=%E6%A0%AA%E5%BC%8F%E4%BC%9A%E7%A4%BE%20%E3%83%9F%E3%83%84%E3%83%A2%E3%82%A2&areaword=%E6%9D%B1%E4%BA%AC%E9%83%BD&sort=01&sbmap=false
ラッキー工芸 株式会社,兵庫県,https://www.green-japan.com/job/113144,https://itp.ne.jp/keyword/?keyword=%E3%83%A9%E3%83%83%E3%82%AD%E3%83%BC%E5%B7%A5%E8%8A%B8%20%E6%A0%AA%E5%BC%8F%E4%BC%9A%E7%A4%BE&areaword=%E5%85%B5%E5%BA%AB%E7%9C%8C&sort=01&sbmap=false
株式会社 フクロウラボ,東京都,https://www.green-japan.com/job/105663,https://itp.ne.jp/keyword/?keyword=%E6%A0%AA%E5%BC%8F%E4%BC%9A%E7%A4%BE%20%E3%83%95%E3%82%AF%E3%83%AD%E3%82%A6%E3%83%A9%E3%83%9C&areaword=%E6%9D%B1%E4%BA%AC%E9%83%BD&sort=01&sbmap=false
株式会社 レスタス,大阪府,https://www.green-japan.com/job/104801,https://itp.ne.jp/keyword/?keyword=%E6%A0%AA%E5%BC%8F%E4%BC%9A%E7%A4%BE%20%E3%83%AC%E3%82%B9%E3%82%BF%E3%82%B9&areaword=%E5%A4%A7%E9%98%AA%E5%BA%9C&sort=01&sbmap=false
株式会社 シムネット,宮城県,https://www.green-japan.com/job/109393,https://itp.ne.jp/keyword/?keyword=%E6%A0%AA%E5%BC%8F%E4%BC%9A%E7%A4%BE%20%E3%82%B7%E3%83%A0%E3%83%8D%E3%83%83%E3%83%88&areaword=%E5%AE%AE%E5%9F%8E%E7%9C%8C&sort=01&sbmap=false
フォルシア 株式会社,東京都,https://www.green-japan.com/job/74478,https://itp.ne.jp/keyword/?keyword=%E3%83%95%E3%82%A9%E3%83%AB%E3%82%B7%E3%82%A2%20%E6%A0%AA%E5%BC%8F%E4%BC%9A%E7%A4%BE&areaword=%E6%9D%B1%E4%BA%AC%E9%83%BD&sort=01&sbmap=false
株式会社 エブリー,東京都,https://www.green-japan.com/job/95846,https://itp.ne.jp/keyword/?keyword=%E6%A0%AA%E5%BC%8F%E4%BC%9A%E7%A4%BE%20%E3%82%A8%E3%83%96%E3%83%AA%E3%83%BC&areaword=%E6%9D%B1%E4%BA%AC%E9%83%BD&sort=01&sbmap=false
株式会社 ペイジェント,東京都,https://www.green-japan.com/job/88156,https://itp.ne.jp/keyword/?keyword=%E6%A0%AA%E5%BC%8F%E4%BC%9A%E7%A4%BE%20%E3%83%9A%E3%82%A4%E3%82%B8%E3%82%A7%E3%83%B3%E3%83%88&areaword=%E6%9D%B1%E4%BA%AC%E9%83%BD&sort=01&sbmap=false
株式会社 ゴゴジャン,東京都,https://www.green-japan.com/job/66803,https://itp.ne.jp/keyword/?keyword=%E6%A0%AA%E5%BC%8F%E4%BC%9A%E7%A4%BE%20%E3%82%B4%E3%82%B4%E3%82%B8%E3%83%A3%E3%83%B3&areaword=%E6%9D%B1%E4%BA%AC%E9%83%BD&sort=01&sbmap=false
株式会社 キャリアインデックス,東京都,https://www.green-japan.com/job/109612,https://itp.ne.jp/keyword/?keyword=%E6%A0%AA%E5%BC%8F%E4%BC%9A%E7%A4%BE%20%E3%82%AD%E3%83%A3%E3%83%AA%E3%82%A2%E3%82%A4%E3%83%B3%E3%83%87%E3%83%83%E3%82%AF%E3%82%B9&areaword=%E6%9D%B1%E4%BA%AC%E9%83%BD&sort=01&sbmap=false
ブレインズテクノロジー 株式会社,東京都,https://www.green-japan.com/job/106877,https://itp.ne.jp/keyword/?keyword=%E3%83%96%E3%83%AC%E3%82%A4%E3%83%B3%E3%82%BA%E3%83%86%E3%82%AF%E3%83%8E%E3%83%AD%E3%82%B8%E3%83%BC%20%E6%A0%AA%E5%BC%8F%E4%BC%9A%E7%A4%BE&areaword=%E6%9D%B1%E4%BA%AC%E9%83%BD&sort=01&sbmap=false
BASE 株式会社,東京都,https://www.green-japan.com/job/109185,https://itp.ne.jp/keyword/?keyword=BASE%20%E6%A0%AA%E5%BC%8F%E4%BC%9A%E7%A4%BE&areaword=%E6%9D%B1%E4%BA%AC%E9%83%BD&sort=01&sbmap=false
株式会社 ぐるなび,東京都,https://www.green-japan.com/job/112187,https://itp.ne.jp/keyword/?keyword=%E6%A0%AA%E5%BC%8F%E4%BC%9A%E7%A4%BE%20%E3%81%90%E3%82%8B%E3%81%AA%E3%81%B3&areaword=%E6%9D%B1%E4%BA%AC%E9%83%BD&sort=01&sbmap=false
株式会社 ソニックムーブ,東京都,https://www.green-japan.com/job/100975,https://itp.ne.jp/keyword/?keyword=%E6%A0%AA%E5%BC%8F%E4%BC%9A%E7%A4%BE%20%E3%82%BD%E3%83%8B%E3%83%83%E3%82%AF%E3%83%A0%E3%83%BC%E3%83%96&areaword=%E6%9D%B1%E4%BA%AC%E9%83%BD&sort=01&sbmap=false
株式会社 スタメン,愛知県,https://www.green-japan.com/job/97450,https://itp.ne.jp/keyword/?keyword=%E6%A0%AA%E5%BC%8F%E4%BC%9A%E7%A4%BE%20%E3%82%B9%E3%82%BF%E3%83%A1%E3%83%B3&areaword=%E6%84%9B%E7%9F%A5%E7%9C%8C&sort=01&sbmap=false
株式会社 新大陸,静岡県,https://www.green-japan.com/job/48461,https://itp.ne.jp/keyword/?keyword=%E6%A0%AA%E5%BC%8F%E4%BC%9A%E7%A4%BE%20%E6%96%B0%E5%A4%A7%E9%99%B8&areaword=%E9%9D%99%E5%B2%A1%E7%9C%8C&sort=01&sbmap=false
テテマーチ 株式会社,東京都,https://www.green-japan.com/job/84803,https://itp.ne.jp/keyword/?keyword=%E3%83%86%E3%83%86%E3%83%9E%E3%83%BC%E3%83%81%20%E6%A0%AA%E5%BC%8F%E4%BC%9A%E7%A4%BE&areaword=%E6%9D%B1%E4%BA%AC%E9%83%BD&sort=01&sbmap=false
株式会社 オープンロジ,東京都,https://www.green-japan.com/job/111037,https://itp.ne.jp/keyword/?keyword=%E6%A0%AA%E5%BC%8F%E4%BC%9A%E7%A4%BE%20%E3%82%AA%E3%83%BC%E3%83%97%E3%83%B3%E3%83%AD%E3%82%B8&areaword=%E6%9D%B1%E4%BA%AC%E9%83%BD&sort=01&sbmap=false
CTW 株式会社,東京都,https://www.green-japan.com/job/110221,https://itp.ne.jp/keyword/?keyword=CTW%20%E6%A0%AA%E5%BC%8F%E4%BC%9A%E7%A4%BE&areaword=%E6%9D%B1%E4%BA%AC%E9%83%BD&sort=01&sbmap=false
株式会社 トリビュー,東京都,https://www.green-japan.com/job/109196,https://itp.ne.jp/keyword/?keyword=%E6%A0%AA%E5%BC%8F%E4%BC%9A%E7%A4%BE%20%E3%83%88%E3%83%AA%E3%83%93%E3%83%A5%E3%83%BC&areaword=%E6%9D%B1%E4%BA%AC%E9%83%BD&sort=01&sbmap=false
ジオサイン 株式会社,東京都,https://www.green-japan.com/job/113435,https://itp.ne.jp/keyword/?keyword=%E3%82%B8%E3%82%AA%E3%82%B5%E3%82%A4%E3%83%B3%20%E6%A0%AA%E5%BC%8F%E4%BC%9A%E7%A4%BE&areaword=%E6%9D%B1%E4%BA%AC%E9%83%BD&sort=01&sbmap=false
アウラインターナショナル 株式会社,福岡県,https://www.green-japan.com/job/113160,https://itp.ne.jp/keyword/?keyword=%E3%82%A2%E3%82%A6%E3%83%A9%E3%82%A4%E3%83%B3%E3%82%BF%E3%83%BC%E3%83%8A%E3%82%B7%E3%83%A7%E3%83%8A%E3%83%AB%20%E6%A0%AA%E5%BC%8F%E4%BC%9A%E7%A4%BE&areaword=%E7%A6%8F%E5%B2%A1%E7%9C%8C&sort=01&sbmap=false
株式会社 カンム,埼玉県，千葉県，東京都，神奈川県，全国,https://www.green-japan.com/job/109909,https://itp.ne.jp/keyword/?keyword=%E6%A0%AA%E5%BC%8F%E4%BC%9A%E7%A4%BE%20%E3%82%AB%E3%83%B3%E3%83%A0&areaword=%E5%9F%BC%E7%8E%89%E7%9C%8C%EF%BC%8C%E5%8D%83%E8%91%89%E7%9C%8C%EF%BC%8C%E6%9D%B1%E4%BA%AC%E9%83%BD%EF%BC%8C%E7%A5%9E%E5%A5%88%E5%B7%9D%E7%9C%8C%EF%BC%8C%E5%85%A8%E5%9B%BD&sort=01&sbmap=false
ビットバンク 株式会社,東京都,https://www.green-japan.com/job/102891,https://itp.ne.jp/keyword/?keyword=%E3%83%93%E3%83%83%E3%83%88%E3%83%90%E3%83%B3%E3%82%AF%20%E6%A0%AA%E5%BC%8F%E4%BC%9A%E7%A4%BE&areaword=%E6%9D%B1%E4%BA%AC%E9%83%BD&sort=01&sbmap=false
キャリアリンク 株式会社,東京都,https://www.green-japan.com/job/113615,https://itp.ne.jp/keyword/?keyword=%E3%82%AD%E3%83%A3%E3%83%AA%E3%82%A2%E3%83%AA%E3%83%B3%E3%82%AF%20%E6%A0%AA%E5%BC%8F%E4%BC%9A%E7%A4%BE&areaword=%E6%9D%B1%E4%BA%AC%E9%83%BD&sort=01&sbmap=false
株式会社 FORCE,大阪府,https://www.green-japan.com/job/97491,https://itp.ne.jp/keyword/?keyword=%E6%A0%AA%E5%BC%8F%E4%BC%9A%E7%A4%BE%20FORCE&areaword=%E5%A4%A7%E9%98%AA%E5%BA%9C&sort=01&sbmap=false
株式会社 インタースペース,東京都,https://www.green-japan.com/job/92980,https://itp.ne.jp/keyword/?keyword=%E6%A0%AA%E5%BC%8F%E4%BC%9A%E7%A4%BE%20%E3%82%A4%E3%83%B3%E3%82%BF%E3%83%BC%E3%82%B9%E3%83%9A%E3%83%BC%E3%82%B9&areaword=%E6%9D%B1%E4%BA%AC%E9%83%BD&sort=01&sbmap=false
株式会社 GA technologies（GAテクノロジーズ） ,東京都,https://www.green-japan.com/job/86744,https://itp.ne.jp/keyword/?keyword=%E6%A0%AA%E5%BC%8F%E4%BC%9A%E7%A4%BE%20GA%20technologies%EF%BC%88GA%E3%83%86%E3%82%AF%E3%83%8E%E3%83%AD%E3%82%B8%E3%83%BC%E3%82%BA%EF%BC%89%20&areaword=%E6%9D%B1%E4%BA%AC%E9%83%BD&sort=01&sbmap=false
株式会社 ビジネクスト,東京都,https://www.green-japan.com/job/62386,https://itp.ne.jp/keyword/?keyword=%E6%A0%AA%E5%BC%8F%E4%BC%9A%E7%A4%BE%20%E3%83%93%E3%82%B8%E3%83%8D%E3%82%AF%E3%82%B9%E3%83%88&areaword=%E6%9D%B1%E4%BA%AC%E9%83%BD&sort=01&sbmap=false
株式会社 ブライセン,東京都,https://www.green-japan.com/job/110599,https://itp.ne.jp/keyword/?keyword=%E6%A0%AA%E5%BC%8F%E4%BC%9A%E7%A4%BE%20%E3%83%96%E3%83%A9%E3%82%A4%E3%82%BB%E3%83%B3&areaword=%E6%9D%B1%E4%BA%AC%E9%83%BD&sort=01&sbmap=false
株式会社 ディーバ,東京都,https://www.green-japan.com/job/110137,https://itp.ne.jp/keyword/?keyword=%E6%A0%AA%E5%BC%8F%E4%BC%9A%E7%A4%BE%20%E3%83%87%E3%82%A3%E3%83%BC%E3%83%90&areaword=%E6%9D%B1%E4%BA%AC%E9%83%BD&sort=01&sbmap=false
かっこ 株式会社,東京都,https://www.green-japan.com/job/106930,https://itp.ne.jp/keyword/?keyword=%E3%81%8B%E3%81%A3%E3%81%93%20%E6%A0%AA%E5%BC%8F%E4%BC%9A%E7%A4%BE&areaword=%E6%9D%B1%E4%BA%AC%E9%83%BD&sort=01&sbmap=false
ホテルスキップ 株式会社,東京都,https://www.green-japan.com/job/77469,https://itp.ne.jp/keyword/?keyword=%E3%83%9B%E3%83%86%E3%83%AB%E3%82%B9%E3%82%AD%E3%83%83%E3%83%97%20%E6%A0%AA%E5%BC%8F%E4%BC%9A%E7%A4%BE&areaword=%E6%9D%B1%E4%BA%AC%E9%83%BD&sort=01&sbmap=false
ウェルスタイル 株式会社,東京都,https://www.green-japan.com/job/80715,https://itp.ne.jp/keyword/?keyword=%E3%82%A6%E3%82%A7%E3%83%AB%E3%82%B9%E3%82%BF%E3%82%A4%E3%83%AB%20%E6%A0%AA%E5%BC%8F%E4%BC%9A%E7%A4%BE&areaword=%E6%9D%B1%E4%BA%AC%E9%83%BD&sort=01&sbmap=false
株式会社 プロラボ ホールディングス,東京都,https://www.green-japan.com/job/85354,https://itp.ne.jp/keyword/?keyword=%E6%A0%AA%E5%BC%8F%E4%BC%9A%E7%A4%BE%20%E3%83%97%E3%83%AD%E3%83%A9%E3%83%9C%20%E3%83%9B%E3%83%BC%E3%83%AB%E3%83%87%E3%82%A3%E3%83%B3%E3%82%B0%E3%82%B9&areaword=%E6%9D%B1%E4%BA%AC%E9%83%BD&sort=01&sbmap=false
ハーバーハウス 株式会社,新潟県,https://www.green-japan.com/job/65378,https://itp.ne.jp/keyword/?keyword=%E3%83%8F%E3%83%BC%E3%83%90%E3%83%BC%E3%83%8F%E3%82%A6%E3%82%B9%20%E6%A0%AA%E5%BC%8F%E4%BC%9A%E7%A4%BE&areaword=%E6%96%B0%E6%BD%9F%E7%9C%8C&sort=01&sbmap=false
株式会社 SHIFT,東京都,https://www.green-japan.com/job/85961,https://itp.ne.jp/keyword/?keyword=%E6%A0%AA%E5%BC%8F%E4%BC%9A%E7%A4%BE%20SHIFT&areaword=%E6%9D%B1%E4%BA%AC%E9%83%BD&sort=01&sbmap=false
株式会社 10ANTZ,東京都,https://www.green-japan.com/job/112950,https://itp.ne.jp/keyword/?keyword=%E6%A0%AA%E5%BC%8F%E4%BC%9A%E7%A4%BE%2010ANTZ&areaword=%E6%9D%B1%E4%BA%AC%E9%83%BD&sort=01&sbmap=false
ジェニシス社会保険労務士法人,大阪府,https://www.green-japan.com/job/60255,https://itp.ne.jp/keyword/?keyword=%E3%82%B8%E3%82%A7%E3%83%8B%E3%82%B7%E3%82%B9%E7%A4%BE%E4%BC%9A%E4%BF%9D%E9%99%BA%E5%8A%B4%E5%8B%99%E5%A3%AB%E6%B3%95%E4%BA%BA&areaword=%E5%A4%A7%E9%98%AA%E5%BA%9C&sort=01&sbmap=false
株式会社 I-ne,大阪府,https://www.green-japan.com/job/102140,https://itp.ne.jp/keyword/?keyword=%E6%A0%AA%E5%BC%8F%E4%BC%9A%E7%A4%BE%20I-ne&areaword=%E5%A4%A7%E9%98%AA%E5%BA%9C&sort=01&sbmap=false
株式会社 ジャステック,東京都,https://www.green-japan.com/job/87748,https://itp.ne.jp/keyword/?keyword=%E6%A0%AA%E5%BC%8F%E4%BC%9A%E7%A4%BE%20%E3%82%B8%E3%83%A3%E3%82%B9%E3%83%86%E3%83%83%E3%82%AF&areaword=%E6%9D%B1%E4%BA%AC%E9%83%BD&sort=01&sbmap=false
quatre 株式会社,東京都,https://www.green-japan.com/job/96666,https://itp.ne.jp/keyword/?keyword=quatre%20%E6%A0%AA%E5%BC%8F%E4%BC%9A%E7%A4%BE&areaword=%E6%9D%B1%E4%BA%AC%E9%83%BD&sort=01&sbmap=false
株式会社 シーユーシー,東京都，全国,https://www.green-japan.com/job/76399,https://itp.ne.jp/keyword/?keyword=%E6%A0%AA%E5%BC%8F%E4%BC%9A%E7%A4%BE%20%E3%82%B7%E3%83%BC%E3%83%A6%E3%83%BC%E3%82%B7%E3%83%BC&areaword=%E6%9D%B1%E4%BA%AC%E9%83%BD%EF%BC%8C%E5%85%A8%E5%9B%BD&sort=01&sbmap=false
株式会社 おいしい健康,東京都,https://www.green-japan.com/job/101239,https://itp.ne.jp/keyword/?keyword=%E6%A0%AA%E5%BC%8F%E4%BC%9A%E7%A4%BE%20%E3%81%8A%E3%81%84%E3%81%97%E3%81%84%E5%81%A5%E5%BA%B7&areaword=%E6%9D%B1%E4%BA%AC%E9%83%BD&sort=01&sbmap=false
株式会社 カオナビ,東京都,https://www.green-japan.com/job/58073,https://itp.ne.jp/keyword/?keyword=%E6%A0%AA%E5%BC%8F%E4%BC%9A%E7%A4%BE%20%E3%82%AB%E3%82%AA%E3%83%8A%E3%83%93&areaword=%E6%9D%B1%E4%BA%AC%E9%83%BD&sort=01&sbmap=false
株式会社 京都一の傳,京都府,https://www.green-japan.com/job/103710,https://itp.ne.jp/keyword/?keyword=%E6%A0%AA%E5%BC%8F%E4%BC%9A%E7%A4%BE%20%E4%BA%AC%E9%83%BD%E4%B8%80%E3%81%AE%E5%82%B3&areaword=%E4%BA%AC%E9%83%BD%E5%BA%9C&sort=01&sbmap=false
東京ドロウイング 株式会社,東京都,https://www.green-japan.com/job/43577,https://itp.ne.jp/keyword/?keyword=%E6%9D%B1%E4%BA%AC%E3%83%89%E3%83%AD%E3%82%A6%E3%82%A4%E3%83%B3%E3%82%B0%20%E6%A0%AA%E5%BC%8F%E4%BC%9A%E7%A4%BE&areaword=%E6%9D%B1%E4%BA%AC%E9%83%BD&sort=01&sbmap=false
株式会社 スイッチスマイル,東京都,https://www.green-japan.com/job/108392,https://itp.ne.jp/keyword/?keyword=%E6%A0%AA%E5%BC%8F%E4%BC%9A%E7%A4%BE%20%E3%82%B9%E3%82%A4%E3%83%83%E3%83%81%E3%82%B9%E3%83%9E%E3%82%A4%E3%83%AB&areaword=%E6%9D%B1%E4%BA%AC%E9%83%BD&sort=01&sbmap=false
株式会社 ミナカラ,東京都,https://www.green-japan.com/job/112181,https://itp.ne.jp/keyword/?keyword=%E6%A0%AA%E5%BC%8F%E4%BC%9A%E7%A4%BE%20%E3%83%9F%E3%83%8A%E3%82%AB%E3%83%A9&areaword=%E6%9D%B1%E4%BA%AC%E9%83%BD&sort=01&sbmap=false
株式会社 フォーデジット,東京都,https://www.green-japan.com/job/113123,https://itp.ne.jp/keyword/?keyword=%E6%A0%AA%E5%BC%8F%E4%BC%9A%E7%A4%BE%20%E3%83%95%E3%82%A9%E3%83%BC%E3%83%87%E3%82%B8%E3%83%83%E3%83%88&areaword=%E6%9D%B1%E4%BA%AC%E9%83%BD&sort=01&sbmap=false
株式会社 GEクリエイティブ,愛知県,https://www.green-japan.com/job/113335,https://itp.ne.jp/keyword/?keyword=%E6%A0%AA%E5%BC%8F%E4%BC%9A%E7%A4%BE%20GE%E3%82%AF%E3%83%AA%E3%82%A8%E3%82%A4%E3%83%86%E3%82%A3%E3%83%96&areaword=%E6%84%9B%E7%9F%A5%E7%9C%8C&sort=01&sbmap=false
株式会社 ルクレ,東京都,https://www.green-japan.com/job/111935,https://itp.ne.jp/keyword/?keyword=%E6%A0%AA%E5%BC%8F%E4%BC%9A%E7%A4%BE%20%E3%83%AB%E3%82%AF%E3%83%AC&areaword=%E6%9D%B1%E4%BA%AC%E9%83%BD&sort=01&sbmap=false
株式会社 イグニス,東京都,https://www.green-japan.com/job/113522,https://itp.ne.jp/keyword/?keyword=%E6%A0%AA%E5%BC%8F%E4%BC%9A%E7%A4%BE%20%E3%82%A4%E3%82%B0%E3%83%8B%E3%82%B9&areaword=%E6%9D%B1%E4%BA%AC%E9%83%BD&sort=01&sbmap=false
レバレジーズ 株式会社,東京都,https://www.green-japan.com/job/68792,https://itp.ne.jp/keyword/?keyword=%E3%83%AC%E3%83%90%E3%83%AC%E3%82%B8%E3%83%BC%E3%82%BA%20%E6%A0%AA%E5%BC%8F%E4%BC%9A%E7%A4%BE&areaword=%E6%9D%B1%E4%BA%AC%E9%83%BD&sort=01&sbmap=false
株式会社 Grand Line,海外,https://www.green-japan.com/job/18757,https://itp.ne.jp/keyword/?keyword=%E6%A0%AA%E5%BC%8F%E4%BC%9A%E7%A4%BE%20Grand%20Line&areaword=%E6%B5%B7%E5%A4%96&sort=01&sbmap=false
株式会社 ゼロすむ,新潟県,https://www.green-japan.com/job/112993,https://itp.ne.jp/keyword/?keyword=%E6%A0%AA%E5%BC%8F%E4%BC%9A%E7%A4%BE%20%E3%82%BC%E3%83%AD%E3%81%99%E3%82%80&areaword=%E6%96%B0%E6%BD%9F%E7%9C%8C&sort=01&sbmap=false
株式会社 BearTail,東京都,https://www.green-japan.com/job/112306,https://itp.ne.jp/keyword/?keyword=%E6%A0%AA%E5%BC%8F%E4%BC%9A%E7%A4%BE%20BearTail&areaword=%E6%9D%B1%E4%BA%AC%E9%83%BD&sort=01&sbmap=false
株式会社 エス・ワイ・エス,東京都,https://www.green-japan.com/job/32829,https://itp.ne.jp/keyword/?keyword=%E6%A0%AA%E5%BC%8F%E4%BC%9A%E7%A4%BE%20%E3%82%A8%E3%82%B9%E3%83%BB%E3%83%AF%E3%82%A4%E3%83%BB%E3%82%A8%E3%82%B9&areaword=%E6%9D%B1%E4%BA%AC%E9%83%BD&sort=01&sbmap=false
スターティアラボ 株式会社,東京都,https://www.green-japan.com/job/114112,https://itp.ne.jp/keyword/?keyword=%E3%82%B9%E3%82%BF%E3%83%BC%E3%83%86%E3%82%A3%E3%82%A2%E3%83%A9%E3%83%9C%20%E6%A0%AA%E5%BC%8F%E4%BC%9A%E7%A4%BE&areaword=%E6%9D%B1%E4%BA%AC%E9%83%BD&sort=01&sbmap=false
株式会社 フロム・ソフトウェア,東京都,https://www.green-japan.com/job/104095,https://itp.ne.jp/keyword/?keyword=%E6%A0%AA%E5%BC%8F%E4%BC%9A%E7%A4%BE%20%E3%83%95%E3%83%AD%E3%83%A0%E3%83%BB%E3%82%BD%E3%83%95%E3%83%88%E3%82%A6%E3%82%A7%E3%82%A2&areaword=%E6%9D%B1%E4%BA%AC%E9%83%BD&sort=01&sbmap=false
株式会社 ピュアボックス,岡山県,https://www.green-japan.com/job/113434,https://itp.ne.jp/keyword/?keyword=%E6%A0%AA%E5%BC%8F%E4%BC%9A%E7%A4%BE%20%E3%83%94%E3%83%A5%E3%82%A2%E3%83%9C%E3%83%83%E3%82%AF%E3%82%B9&areaword=%E5%B2%A1%E5%B1%B1%E7%9C%8C&sort=01&sbmap=false
株式会社 サン・メルクス,東京都,https://www.green-japan.com/job/107279,https://itp.ne.jp/keyword/?keyword=%E6%A0%AA%E5%BC%8F%E4%BC%9A%E7%A4%BE%20%E3%82%B5%E3%83%B3%E3%83%BB%E3%83%A1%E3%83%AB%E3%82%AF%E3%82%B9&areaword=%E6%9D%B1%E4%BA%AC%E9%83%BD&sort=01&sbmap=false
株式会社 PR TIMES,東京都,https://www.green-japan.com/job/58923,https://itp.ne.jp/keyword/?keyword=%E6%A0%AA%E5%BC%8F%E4%BC%9A%E7%A4%BE%20PR%20TIMES&areaword=%E6%9D%B1%E4%BA%AC%E9%83%BD&sort=01&sbmap=false
株式会社 BlueMeme,東京都,https://www.green-japan.com/job/114293,https://itp.ne.jp/keyword/?keyword=%E6%A0%AA%E5%BC%8F%E4%BC%9A%E7%A4%BE%20BlueMeme&areaword=%E6%9D%B1%E4%BA%AC%E9%83%BD&sort=01&sbmap=false
ランジェコスメティーク 株式会社,東京都,https://www.green-japan.com/job/86055,https://itp.ne.jp/keyword/?keyword=%E3%83%A9%E3%83%B3%E3%82%B8%E3%82%A7%E3%82%B3%E3%82%B9%E3%83%A1%E3%83%86%E3%82%A3%E3%83%BC%E3%82%AF%20%E6%A0%AA%E5%BC%8F%E4%BC%9A%E7%A4%BE&areaword=%E6%9D%B1%E4%BA%AC%E9%83%BD&sort=01&sbmap=false
株式会社 きくや美粧堂,東京都,https://www.green-japan.com/job/60719,https://itp.ne.jp/keyword/?keyword=%E6%A0%AA%E5%BC%8F%E4%BC%9A%E7%A4%BE%20%E3%81%8D%E3%81%8F%E3%82%84%E7%BE%8E%E7%B2%A7%E5%A0%82&areaword=%E6%9D%B1%E4%BA%AC%E9%83%BD&sort=01&sbmap=false
株式会社 バイトルヒクマ,東京都,https://www.green-japan.com/job/73698,https://itp.ne.jp/keyword/?keyword=%E6%A0%AA%E5%BC%8F%E4%BC%9A%E7%A4%BE%20%E3%83%90%E3%82%A4%E3%83%88%E3%83%AB%E3%83%92%E3%82%AF%E3%83%9E&areaword=%E6%9D%B1%E4%BA%AC%E9%83%BD&sort=01&sbmap=false
株式会社 ヤマシタ,東京都,https://www.green-japan.com/job/106146,https://itp.ne.jp/keyword/?keyword=%E6%A0%AA%E5%BC%8F%E4%BC%9A%E7%A4%BE%20%E3%83%A4%E3%83%9E%E3%82%B7%E3%82%BF&areaword=%E6%9D%B1%E4%BA%AC%E9%83%BD&sort=01&sbmap=false
MOCAL 株式会社,京都府，大阪府，兵庫県,https://www.green-japan.com/job/68796,https://itp.ne.jp/keyword/?keyword=MOCAL%20%E6%A0%AA%E5%BC%8F%E4%BC%9A%E7%A4%BE&areaword=%E4%BA%AC%E9%83%BD%E5%BA%9C%EF%BC%8C%E5%A4%A7%E9%98%AA%E5%BA%9C%EF%BC%8C%E5%85%B5%E5%BA%AB%E7%9C%8C&sort=01&sbmap=false
株式会社 スマレジ,大阪府,https://www.green-japan.com/job/75906,https://itp.ne.jp/keyword/?keyword=%E6%A0%AA%E5%BC%8F%E4%BC%9A%E7%A4%BE%20%E3%82%B9%E3%83%9E%E3%83%AC%E3%82%B8&areaword=%E5%A4%A7%E9%98%AA%E5%BA%9C&sort=01&sbmap=false
株式会社 スパイラル・アンド・カンパニー,東京都,https://www.green-japan.com/job/110471,https://itp.ne.jp/keyword/?keyword=%E6%A0%AA%E5%BC%8F%E4%BC%9A%E7%A4%BE%20%E3%82%B9%E3%83%91%E3%82%A4%E3%83%A9%E3%83%AB%E3%83%BB%E3%82%A2%E3%83%B3%E3%83%89%E3%83%BB%E3%82%AB%E3%83%B3%E3%83%91%E3%83%8B%E3%83%BC&areaword=%E6%9D%B1%E4%BA%AC%E9%83%BD&sort=01&sbmap=false
Wantedly 株式会社,東京都,https://www.green-japan.com/job/43708,https://itp.ne.jp/keyword/?keyword=Wantedly%20%E6%A0%AA%E5%BC%8F%E4%BC%9A%E7%A4%BE&areaword=%E6%9D%B1%E4%BA%AC%E9%83%BD&sort=01&sbmap=false
コネクトハブ 株式会社,沖縄県,https://www.green-japan.com/job/97859,https://itp.ne.jp/keyword/?keyword=%E3%82%B3%E3%83%8D%E3%82%AF%E3%83%88%E3%83%8F%E3%83%96%20%E6%A0%AA%E5%BC%8F%E4%BC%9A%E7%A4%BE&areaword=%E6%B2%96%E7%B8%84%E7%9C%8C&sort=01&sbmap=false
リ・カレント 株式会社,東京都,https://www.green-japan.com/job/68209,https://itp.ne.jp/keyword/?keyword=%E3%83%AA%E3%83%BB%E3%82%AB%E3%83%AC%E3%83%B3%E3%83%88%20%E6%A0%AA%E5%BC%8F%E4%BC%9A%E7%A4%BE&areaword=%E6%9D%B1%E4%BA%AC%E9%83%BD&sort=01&sbmap=false
株式会社 アイフリーク モバイル,東京都,https://www.green-japan.com/job/96960,https://itp.ne.jp/keyword/?keyword=%E6%A0%AA%E5%BC%8F%E4%BC%9A%E7%A4%BE%20%E3%82%A2%E3%82%A4%E3%83%95%E3%83%AA%E3%83%BC%E3%82%AF%20%E3%83%A2%E3%83%90%E3%82%A4%E3%83%AB&areaword=%E6%9D%B1%E4%BA%AC%E9%83%BD&sort=01&sbmap=false
株式会社 フリークアウト,東京都,https://www.green-japan.com/job/112382,https://itp.ne.jp/keyword/?keyword=%E6%A0%AA%E5%BC%8F%E4%BC%9A%E7%A4%BE%20%E3%83%95%E3%83%AA%E3%83%BC%E3%82%AF%E3%82%A2%E3%82%A6%E3%83%88&areaword=%E6%9D%B1%E4%BA%AC%E9%83%BD&sort=01&sbmap=false
株式会社 立山システム研究所,富山県,https://www.green-japan.com/job/97252,https://itp.ne.jp/keyword/?keyword=%E6%A0%AA%E5%BC%8F%E4%BC%9A%E7%A4%BE%20%E7%AB%8B%E5%B1%B1%E3%82%B7%E3%82%B9%E3%83%86%E3%83%A0%E7%A0%94%E7%A9%B6%E6%89%80&areaword=%E5%AF%8C%E5%B1%B1%E7%9C%8C&sort=01&sbmap=false
株式会社 光通信,東京都,https://www.green-japan.com/job/94012,https://itp.ne.jp/keyword/?keyword=%E6%A0%AA%E5%BC%8F%E4%BC%9A%E7%A4%BE%20%E5%85%89%E9%80%9A%E4%BF%A1&areaword=%E6%9D%B1%E4%BA%AC%E9%83%BD&sort=01&sbmap=false
株式会社 マジカルポケット,東京都,https://www.green-japan.com/job/47401,https://itp.ne.jp/keyword/?keyword=%E6%A0%AA%E5%BC%8F%E4%BC%9A%E7%A4%BE%20%E3%83%9E%E3%82%B8%E3%82%AB%E3%83%AB%E3%83%9D%E3%82%B1%E3%83%83%E3%83%88&areaword=%E6%9D%B1%E4%BA%AC%E9%83%BD&sort=01&sbmap=false
医療法人 よつ葉会,神奈川県,https://www.green-japan.com/job/112010,https://itp.ne.jp/keyword/?keyword=%E5%8C%BB%E7%99%82%E6%B3%95%E4%BA%BA%20%E3%82%88%E3%81%A4%E8%91%89%E4%BC%9A&areaword=%E7%A5%9E%E5%A5%88%E5%B7%9D%E7%9C%8C&sort=01&sbmap=false
ココネ 株式会社,東京都,https://www.green-japan.com/job/94923,https://itp.ne.jp/keyword/?keyword=%E3%82%B3%E3%82%B3%E3%83%8D%20%E6%A0%AA%E5%BC%8F%E4%BC%9A%E7%A4%BE&areaword=%E6%9D%B1%E4%BA%AC%E9%83%BD&sort=01&sbmap=false
株式会社 ハロネット,東京都,https://www.green-japan.com/job/100421,https://itp.ne.jp/keyword/?keyword=%E6%A0%AA%E5%BC%8F%E4%BC%9A%E7%A4%BE%20%E3%83%8F%E3%83%AD%E3%83%8D%E3%83%83%E3%83%88&areaword=%E6%9D%B1%E4%BA%AC%E9%83%BD&sort=01&sbmap=false
株式会社 BeatFit,東京都,https://www.green-japan.com/job/78609,https://itp.ne.jp/keyword/?keyword=%E6%A0%AA%E5%BC%8F%E4%BC%9A%E7%A4%BE%20BeatFit&areaword=%E6%9D%B1%E4%BA%AC%E9%83%BD&sort=01&sbmap=false
ギークス 株式会社,東京都,https://www.green-japan.com/job/112144,https://itp.ne.jp/keyword/?keyword=%E3%82%AE%E3%83%BC%E3%82%AF%E3%82%B9%20%E6%A0%AA%E5%BC%8F%E4%BC%9A%E7%A4%BE&areaword=%E6%9D%B1%E4%BA%AC%E9%83%BD&sort=01&sbmap=false
BTCボックス 株式会社,東京都,https://www.green-japan.com/job/97911,https://itp.ne.jp/keyword/?keyword=BTC%E3%83%9C%E3%83%83%E3%82%AF%E3%82%B9%20%E6%A0%AA%E5%BC%8F%E4%BC%9A%E7%A4%BE&areaword=%E6%9D%B1%E4%BA%AC%E9%83%BD&sort=01&sbmap=false
株式会社 エムエム総研,東京都,https://www.green-japan.com/job/112719,https://itp.ne.jp/keyword/?keyword=%E6%A0%AA%E5%BC%8F%E4%BC%9A%E7%A4%BE%20%E3%82%A8%E3%83%A0%E3%82%A8%E3%83%A0%E7%B7%8F%E7%A0%94&areaword=%E6%9D%B1%E4%BA%AC%E9%83%BD&sort=01&sbmap=false
株式会社 Speee,東京都,https://www.green-japan.com/job/58750,https://itp.ne.jp/keyword/?keyword=%E6%A0%AA%E5%BC%8F%E4%BC%9A%E7%A4%BE%20Speee&areaword=%E6%9D%B1%E4%BA%AC%E9%83%BD&sort=01&sbmap=false
株式会社 ホールハート,東京都,https://www.green-japan.com/job/98548,https://itp.ne.jp/keyword/?keyword=%E6%A0%AA%E5%BC%8F%E4%BC%9A%E7%A4%BE%20%E3%83%9B%E3%83%BC%E3%83%AB%E3%83%8F%E3%83%BC%E3%83%88&areaword=%E6%9D%B1%E4%BA%AC%E9%83%BD&sort=01&sbmap=false
SB C&S株式会社,東京都,https://www.green-japan.com/job/107758,https://itp.ne.jp/keyword/?keyword=SB%20C%26S%E6%A0%AA%E5%BC%8F%E4%BC%9A%E7%A4%BE&areaword=%E6%9D%B1%E4%BA%AC%E9%83%BD&sort=01&sbmap=false
株式会社 アリスマティック,東京都,https://www.green-japan.com/job/107264,https://itp.ne.jp/keyword/?keyword=%E6%A0%AA%E5%BC%8F%E4%BC%9A%E7%A4%BE%20%E3%82%A2%E3%83%AA%E3%82%B9%E3%83%9E%E3%83%86%E3%82%A3%E3%83%83%E3%82%AF&areaword=%E6%9D%B1%E4%BA%AC%E9%83%BD&sort=01&sbmap=false
株式会社 JCG,東京都,https://www.green-japan.com/job/83423,https://itp.ne.jp/keyword/?keyword=%E6%A0%AA%E5%BC%8F%E4%BC%9A%E7%A4%BE%20JCG&areaword=%E6%9D%B1%E4%BA%AC%E9%83%BD&sort=01&sbmap=false
株式会社 エイシス,東京都,https://www.green-japan.com/job/106087,https://itp.ne.jp/keyword/?keyword=%E6%A0%AA%E5%BC%8F%E4%BC%9A%E7%A4%BE%20%E3%82%A8%E3%82%A4%E3%82%B7%E3%82%B9&areaword=%E6%9D%B1%E4%BA%AC%E9%83%BD&sort=01&sbmap=false
株式会社 ケイブ,東京都,https://www.green-japan.com/job/99573,https://itp.ne.jp/keyword/?keyword=%E6%A0%AA%E5%BC%8F%E4%BC%9A%E7%A4%BE%20%E3%82%B1%E3%82%A4%E3%83%96&areaword=%E6%9D%B1%E4%BA%AC%E9%83%BD&sort=01&sbmap=false
株式会社 ビーンズラボ,沖縄県,https://www.green-japan.com/job/59008,https://itp.ne.jp/keyword/?keyword=%E6%A0%AA%E5%BC%8F%E4%BC%9A%E7%A4%BE%20%E3%83%93%E3%83%BC%E3%83%B3%E3%82%BA%E3%83%A9%E3%83%9C&areaword=%E6%B2%96%E7%B8%84%E7%9C%8C&sort=01&sbmap=false
株式会社 Zehitomo,東京都,https://www.green-japan.com/job/114289,https://itp.ne.jp/keyword/?keyword=%E6%A0%AA%E5%BC%8F%E4%BC%9A%E7%A4%BE%20Zehitomo&areaword=%E6%9D%B1%E4%BA%AC%E9%83%BD&sort=01&sbmap=false
株式会社 イノベーター・ジャパン,東京都,https://www.green-japan.com/job/110019,https://itp.ne.jp/keyword/?keyword=%E6%A0%AA%E5%BC%8F%E4%BC%9A%E7%A4%BE%20%E3%82%A4%E3%83%8E%E3%83%99%E3%83%BC%E3%82%BF%E3%83%BC%E3%83%BB%E3%82%B8%E3%83%A3%E3%83%91%E3%83%B3&areaword=%E6%9D%B1%E4%BA%AC%E9%83%BD&sort=01&sbmap=false
医療法人社団 永,東京都,https://www.green-japan.com/job/111118,https://itp.ne.jp/keyword/?keyword=%E5%8C%BB%E7%99%82%E6%B3%95%E4%BA%BA%E7%A4%BE%E5%9B%A3%20%E6%B0%B8&areaword=%E6%9D%B1%E4%BA%AC%E9%83%BD&sort=01&sbmap=false
シーサー 株式会社,東京都,https://www.green-japan.com/job/97245,https://itp.ne.jp/keyword/?keyword=%E3%82%B7%E3%83%BC%E3%82%B5%E3%83%BC%20%E6%A0%AA%E5%BC%8F%E4%BC%9A%E7%A4%BE&areaword=%E6%9D%B1%E4%BA%AC%E9%83%BD&sort=01&sbmap=false
アンファー 株式会社,東京都,https://www.green-japan.com/job/105763,https://itp.ne.jp/keyword/?keyword=%E3%82%A2%E3%83%B3%E3%83%95%E3%82%A1%E3%83%BC%20%E6%A0%AA%E5%BC%8F%E4%BC%9A%E7%A4%BE&areaword=%E6%9D%B1%E4%BA%AC%E9%83%BD&sort=01&sbmap=false
株式会社 キュービック,東京都,https://www.green-japan.com/job/110573,https://itp.ne.jp/keyword/?keyword=%E6%A0%AA%E5%BC%8F%E4%BC%9A%E7%A4%BE%20%E3%82%AD%E3%83%A5%E3%83%BC%E3%83%93%E3%83%83%E3%82%AF&areaword=%E6%9D%B1%E4%BA%AC%E9%83%BD&sort=01&sbmap=false
アクサス 株式会社,東京都,https://www.green-japan.com/job/99435,https://itp.ne.jp/keyword/?keyword=%E3%82%A2%E3%82%AF%E3%82%B5%E3%82%B9%20%E6%A0%AA%E5%BC%8F%E4%BC%9A%E7%A4%BE&areaword=%E6%9D%B1%E4%BA%AC%E9%83%BD&sort=01&sbmap=false
株式会社 オーリーズ,東京都,https://www.green-japan.com/job/73088,https://itp.ne.jp/keyword/?keyword=%E6%A0%AA%E5%BC%8F%E4%BC%9A%E7%A4%BE%20%E3%82%AA%E3%83%BC%E3%83%AA%E3%83%BC%E3%82%BA&areaword=%E6%9D%B1%E4%BA%AC%E9%83%BD&sort=01&sbmap=false
株式会社 エッジ・インターナショナル,東京都,https://www.green-japan.com/job/7914,https://itp.ne.jp/keyword/?keyword=%E6%A0%AA%E5%BC%8F%E4%BC%9A%E7%A4%BE%20%E3%82%A8%E3%83%83%E3%82%B8%E3%83%BB%E3%82%A4%E3%83%B3%E3%82%BF%E3%83%BC%E3%83%8A%E3%82%B7%E3%83%A7%E3%83%8A%E3%83%AB&areaword=%E6%9D%B1%E4%BA%AC%E9%83%BD&sort=01&sbmap=false
バイオマス・フューエル 株式会社,群馬県,https://www.green-japan.com/job/105682,https://itp.ne.jp/keyword/?keyword=%E3%83%90%E3%82%A4%E3%82%AA%E3%83%9E%E3%82%B9%E3%83%BB%E3%83%95%E3%83%A5%E3%83%BC%E3%82%A8%E3%83%AB%20%E6%A0%AA%E5%BC%8F%E4%BC%9A%E7%A4%BE&areaword=%E7%BE%A4%E9%A6%AC%E7%9C%8C&sort=01&sbmap=false
株式会社 POL,東京都,https://www.green-japan.com/job/97652,https://itp.ne.jp/keyword/?keyword=%E6%A0%AA%E5%BC%8F%E4%BC%9A%E7%A4%BE%20POL&areaword=%E6%9D%B1%E4%BA%AC%E9%83%BD&sort=01&sbmap=false
株式会社 泉平,兵庫県,https://www.green-japan.com/job/109385,https://itp.ne.jp/keyword/?keyword=%E6%A0%AA%E5%BC%8F%E4%BC%9A%E7%A4%BE%20%E6%B3%89%E5%B9%B3&areaword=%E5%85%B5%E5%BA%AB%E7%9C%8C&sort=01&sbmap=false
株式会社 ネオキャリア,東京都,https://www.green-japan.com/job/95601,https://itp.ne.jp/keyword/?keyword=%E6%A0%AA%E5%BC%8F%E4%BC%9A%E7%A4%BE%20%E3%83%8D%E3%82%AA%E3%82%AD%E3%83%A3%E3%83%AA%E3%82%A2&areaword=%E6%9D%B1%E4%BA%AC%E9%83%BD&sort=01&sbmap=false
STAGE 株式会社,東京都,https://www.green-japan.com/job/114199,https://itp.ne.jp/keyword/?keyword=STAGE%20%E6%A0%AA%E5%BC%8F%E4%BC%9A%E7%A4%BE&areaword=%E6%9D%B1%E4%BA%AC%E9%83%BD&sort=01&sbmap=false
株式会社 ZEALS,東京都,https://www.green-japan.com/job/80339,https://itp.ne.jp/keyword/?keyword=%E6%A0%AA%E5%BC%8F%E4%BC%9A%E7%A4%BE%20ZEALS&areaword=%E6%9D%B1%E4%BA%AC%E9%83%BD&sort=01&sbmap=false
株式会社 インターパーク,北海道,https://www.green-japan.com/job/53975,https://itp.ne.jp/keyword/?keyword=%E6%A0%AA%E5%BC%8F%E4%BC%9A%E7%A4%BE%20%E3%82%A4%E3%83%B3%E3%82%BF%E3%83%BC%E3%83%91%E3%83%BC%E3%82%AF&areaword=%E5%8C%97%E6%B5%B7%E9%81%93&sort=01&sbmap=false
株式会社 ビューティガレージ,東京都,https://www.green-japan.com/job/72392,https://itp.ne.jp/keyword/?keyword=%E6%A0%AA%E5%BC%8F%E4%BC%9A%E7%A4%BE%20%E3%83%93%E3%83%A5%E3%83%BC%E3%83%86%E3%82%A3%E3%82%AC%E3%83%AC%E3%83%BC%E3%82%B8&areaword=%E6%9D%B1%E4%BA%AC%E9%83%BD&sort=01&sbmap=false
株式会社 エコ・アースドットコム,愛知県,https://www.green-japan.com/job/105709,https://itp.ne.jp/keyword/?keyword=%E6%A0%AA%E5%BC%8F%E4%BC%9A%E7%A4%BE%20%E3%82%A8%E3%82%B3%E3%83%BB%E3%82%A2%E3%83%BC%E3%82%B9%E3%83%89%E3%83%83%E3%83%88%E3%82%B3%E3%83%A0&areaword=%E6%84%9B%E7%9F%A5%E7%9C%8C&sort=01&sbmap=false
パルソネット 株式会社,東京都,https://www.green-japan.com/job/51298,https://itp.ne.jp/keyword/?keyword=%E3%83%91%E3%83%AB%E3%82%BD%E3%83%8D%E3%83%83%E3%83%88%20%E6%A0%AA%E5%BC%8F%E4%BC%9A%E7%A4%BE&areaword=%E6%9D%B1%E4%BA%AC%E9%83%BD&sort=01&sbmap=false
株式会社 メイキップ,東京都,https://www.green-japan.com/job/103132,https://itp.ne.jp/keyword/?keyword=%E6%A0%AA%E5%BC%8F%E4%BC%9A%E7%A4%BE%20%E3%83%A1%E3%82%A4%E3%82%AD%E3%83%83%E3%83%97&areaword=%E6%9D%B1%E4%BA%AC%E9%83%BD&sort=01&sbmap=false
株式会社 ベリーベスト,東京都,https://www.green-japan.com/job/62340,https://itp.ne.jp/keyword/?keyword=%E6%A0%AA%E5%BC%8F%E4%BC%9A%E7%A4%BE%20%E3%83%99%E3%83%AA%E3%83%BC%E3%83%99%E3%82%B9%E3%83%88&areaword=%E6%9D%B1%E4%BA%AC%E9%83%BD&sort=01&sbmap=false
株式会社 Gracia,東京都,https://www.green-japan.com/job/84879,https://itp.ne.jp/keyword/?keyword=%E6%A0%AA%E5%BC%8F%E4%BC%9A%E7%A4%BE%20Gracia&areaword=%E6%9D%B1%E4%BA%AC%E9%83%BD&sort=01&sbmap=false
株式会社 創新ラボ,東京都,https://www.green-japan.com/job/88312,https://itp.ne.jp/keyword/?keyword=%E6%A0%AA%E5%BC%8F%E4%BC%9A%E7%A4%BE%20%E5%89%B5%E6%96%B0%E3%83%A9%E3%83%9C&areaword=%E6%9D%B1%E4%BA%AC%E9%83%BD&sort=01&sbmap=false
株式会社 Brave group（旧名：Unlimited）,東京都,https://www.green-japan.com/job/83929,https://itp.ne.jp/keyword/?keyword=%E6%A0%AA%E5%BC%8F%E4%BC%9A%E7%A4%BE%20Brave%20group%EF%BC%88%E6%97%A7%E5%90%8D%EF%BC%9AUnlimited%EF%BC%89&areaword=%E6%9D%B1%E4%BA%AC%E9%83%BD&sort=01&sbmap=false
