株式会社 gumi,東京都,https://www.green-japan.com/job/115871,https://itp.ne.jp/keyword/?keyword=%E6%A0%AA%E5%BC%8F%E4%BC%9A%E7%A4%BE%20gumi&areaword=%E6%9D%B1%E4%BA%AC%E9%83%BD&sort=01&sbmap=false
株式会社 ゲームフリーク,東京都,https://www.green-japan.com/job/44921,https://itp.ne.jp/keyword/?keyword=%E6%A0%AA%E5%BC%8F%E4%BC%9A%E7%A4%BE%20%E3%82%B2%E3%83%BC%E3%83%A0%E3%83%95%E3%83%AA%E3%83%BC%E3%82%AF&areaword=%E6%9D%B1%E4%BA%AC%E9%83%BD&sort=01&sbmap=false
s1_name,s3_location,s2_a_url,https://itp.ne.jp/keyword/?keyword=s1_name&areaword=s3_location&sort=01&sbmap=false
株式会社 リンクバル,東京都,https://www.green-japan.com/job/96491,https://itp.ne.jp/keyword/?keyword=%E6%A0%AA%E5%BC%8F%E4%BC%9A%E7%A4%BE%20%E3%83%AA%E3%83%B3%E3%82%AF%E3%83%90%E3%83%AB&areaword=%E6%9D%B1%E4%BA%AC%E9%83%BD&sort=01&sbmap=false
株式会社 メドレー,東京都,https://www.green-japan.com/job/85570,https://itp.ne.jp/keyword/?keyword=%E6%A0%AA%E5%BC%8F%E4%BC%9A%E7%A4%BE%20%E3%83%A1%E3%83%89%E3%83%AC%E3%83%BC&areaword=%E6%9D%B1%E4%BA%AC%E9%83%BD&sort=01&sbmap=false
株式会社 SmartHR,東京都,https://www.green-japan.com/job/109695,https://itp.ne.jp/keyword/?keyword=%E6%A0%AA%E5%BC%8F%E4%BC%9A%E7%A4%BE%20SmartHR&areaword=%E6%9D%B1%E4%BA%AC%E9%83%BD&sort=01&sbmap=false
TOONE 株式会社,東京都,https://www.green-japan.com/job/115092,https://itp.ne.jp/keyword/?keyword=TOONE%20%E6%A0%AA%E5%BC%8F%E4%BC%9A%E7%A4%BE&areaword=%E6%9D%B1%E4%BA%AC%E9%83%BD&sort=01&sbmap=false
ポスタス 株式会社,東京都,https://www.green-japan.com/job/115970,https://itp.ne.jp/keyword/?keyword=%E3%83%9D%E3%82%B9%E3%82%BF%E3%82%B9%20%E6%A0%AA%E5%BC%8F%E4%BC%9A%E7%A4%BE&areaword=%E6%9D%B1%E4%BA%AC%E9%83%BD&sort=01&sbmap=false
株式会社 バーニャカウダ,東京都,https://www.green-japan.com/job/115339,https://itp.ne.jp/keyword/?keyword=%E6%A0%AA%E5%BC%8F%E4%BC%9A%E7%A4%BE%20%E3%83%90%E3%83%BC%E3%83%8B%E3%83%A3%E3%82%AB%E3%82%A6%E3%83%80&areaword=%E6%9D%B1%E4%BA%AC%E9%83%BD&sort=01&sbmap=false
株式会社 サイトビジット,新潟県,https://www.green-japan.com/job/115857,https://itp.ne.jp/keyword/?keyword=%E6%A0%AA%E5%BC%8F%E4%BC%9A%E7%A4%BE%20%E3%82%B5%E3%82%A4%E3%83%88%E3%83%93%E3%82%B8%E3%83%83%E3%83%88&areaword=%E6%96%B0%E6%BD%9F%E7%9C%8C&sort=01&sbmap=false
株式会社 EXIDEA,東京都,https://www.green-japan.com/job/115211,https://itp.ne.jp/keyword/?keyword=%E6%A0%AA%E5%BC%8F%E4%BC%9A%E7%A4%BE%20EXIDEA&areaword=%E6%9D%B1%E4%BA%AC%E9%83%BD&sort=01&sbmap=false
グリーンモンスター 株式会社,東京都,https://www.green-japan.com/job/115037,https://itp.ne.jp/keyword/?keyword=%E3%82%B0%E3%83%AA%E3%83%BC%E3%83%B3%E3%83%A2%E3%83%B3%E3%82%B9%E3%82%BF%E3%83%BC%20%E6%A0%AA%E5%BC%8F%E4%BC%9A%E7%A4%BE&areaword=%E6%9D%B1%E4%BA%AC%E9%83%BD&sort=01&sbmap=false
フリービット 株式会社,東京都,https://www.green-japan.com/job/114448,https://itp.ne.jp/keyword/?keyword=%E3%83%95%E3%83%AA%E3%83%BC%E3%83%93%E3%83%83%E3%83%88%20%E6%A0%AA%E5%BC%8F%E4%BC%9A%E7%A4%BE&areaword=%E6%9D%B1%E4%BA%AC%E9%83%BD&sort=01&sbmap=false
株式会社 TMJ,東京都,https://www.green-japan.com/job/116197,https://itp.ne.jp/keyword/?keyword=%E6%A0%AA%E5%BC%8F%E4%BC%9A%E7%A4%BE%20TMJ&areaword=%E6%9D%B1%E4%BA%AC%E9%83%BD&sort=01&sbmap=false
株式会社 マトリックス,東京都,https://www.green-japan.com/job/110969,https://itp.ne.jp/keyword/?keyword=%E6%A0%AA%E5%BC%8F%E4%BC%9A%E7%A4%BE%20%E3%83%9E%E3%83%88%E3%83%AA%E3%83%83%E3%82%AF%E3%82%B9&areaword=%E6%9D%B1%E4%BA%AC%E9%83%BD&sort=01&sbmap=false
クラスメソッド 株式会社,北海道，東京都，新潟県，大阪府，岡山県，福岡県，沖縄県,https://www.green-japan.com/job/110831,https://itp.ne.jp/keyword/?keyword=%E3%82%AF%E3%83%A9%E3%82%B9%E3%83%A1%E3%82%BD%E3%83%83%E3%83%89%20%E6%A0%AA%E5%BC%8F%E4%BC%9A%E7%A4%BE&areaword=%E5%8C%97%E6%B5%B7%E9%81%93%EF%BC%8C%E6%9D%B1%E4%BA%AC%E9%83%BD%EF%BC%8C%E6%96%B0%E6%BD%9F%E7%9C%8C%EF%BC%8C%E5%A4%A7%E9%98%AA%E5%BA%9C%EF%BC%8C%E5%B2%A1%E5%B1%B1%E7%9C%8C%EF%BC%8C%E7%A6%8F%E5%B2%A1%E7%9C%8C%EF%BC%8C%E6%B2%96%E7%B8%84%E7%9C%8C&sort=01&sbmap=false
株式会社 GENOVA,東京都,https://www.green-japan.com/job/116229,https://itp.ne.jp/keyword/?keyword=%E6%A0%AA%E5%BC%8F%E4%BC%9A%E7%A4%BE%20GENOVA&areaword=%E6%9D%B1%E4%BA%AC%E9%83%BD&sort=01&sbmap=false
株式会社 ペイロール,東京都,https://www.green-japan.com/job/116177,https://itp.ne.jp/keyword/?keyword=%E6%A0%AA%E5%BC%8F%E4%BC%9A%E7%A4%BE%20%E3%83%9A%E3%82%A4%E3%83%AD%E3%83%BC%E3%83%AB&areaword=%E6%9D%B1%E4%BA%AC%E9%83%BD&sort=01&sbmap=false
株式会社 モトアップ,東京都,https://www.green-japan.com/job/114663,https://itp.ne.jp/keyword/?keyword=%E6%A0%AA%E5%BC%8F%E4%BC%9A%E7%A4%BE%20%E3%83%A2%E3%83%88%E3%82%A2%E3%83%83%E3%83%97&areaword=%E6%9D%B1%E4%BA%AC%E9%83%BD&sort=01&sbmap=false
ビルコム 株式会社,東京都,https://www.green-japan.com/job/113546,https://itp.ne.jp/keyword/?keyword=%E3%83%93%E3%83%AB%E3%82%B3%E3%83%A0%20%E6%A0%AA%E5%BC%8F%E4%BC%9A%E7%A4%BE&areaword=%E6%9D%B1%E4%BA%AC%E9%83%BD&sort=01&sbmap=false
株式会社 ウェルクス,東京都,https://www.green-japan.com/job/115852,https://itp.ne.jp/keyword/?keyword=%E6%A0%AA%E5%BC%8F%E4%BC%9A%E7%A4%BE%20%E3%82%A6%E3%82%A7%E3%83%AB%E3%82%AF%E3%82%B9&areaword=%E6%9D%B1%E4%BA%AC%E9%83%BD&sort=01&sbmap=false
株式会社 エージェンテック,東京都,https://www.green-japan.com/job/115687,https://itp.ne.jp/keyword/?keyword=%E6%A0%AA%E5%BC%8F%E4%BC%9A%E7%A4%BE%20%E3%82%A8%E3%83%BC%E3%82%B8%E3%82%A7%E3%83%B3%E3%83%86%E3%83%83%E3%82%AF&areaword=%E6%9D%B1%E4%BA%AC%E9%83%BD&sort=01&sbmap=false
株式会社 ナナメウエ,東京都,https://www.green-japan.com/job/85320,https://itp.ne.jp/keyword/?keyword=%E6%A0%AA%E5%BC%8F%E4%BC%9A%E7%A4%BE%20%E3%83%8A%E3%83%8A%E3%83%A1%E3%82%A6%E3%82%A8&areaword=%E6%9D%B1%E4%BA%AC%E9%83%BD&sort=01&sbmap=false
株式会社 クリーク・アンド・リバー社,東京都,https://www.green-japan.com/job/115378,https://itp.ne.jp/keyword/?keyword=%E6%A0%AA%E5%BC%8F%E4%BC%9A%E7%A4%BE%20%E3%82%AF%E3%83%AA%E3%83%BC%E3%82%AF%E3%83%BB%E3%82%A2%E3%83%B3%E3%83%89%E3%83%BB%E3%83%AA%E3%83%90%E3%83%BC%E7%A4%BE&areaword=%E6%9D%B1%E4%BA%AC%E9%83%BD&sort=01&sbmap=false
株式会社 システナ,東京都,https://www.green-japan.com/job/115364,https://itp.ne.jp/keyword/?keyword=%E6%A0%AA%E5%BC%8F%E4%BC%9A%E7%A4%BE%20%E3%82%B7%E3%82%B9%E3%83%86%E3%83%8A&areaword=%E6%9D%B1%E4%BA%AC%E9%83%BD&sort=01&sbmap=false
株式会社 SKIYAKI,東京都,https://www.green-japan.com/job/115380,https://itp.ne.jp/keyword/?keyword=%E6%A0%AA%E5%BC%8F%E4%BC%9A%E7%A4%BE%20SKIYAKI&areaword=%E6%9D%B1%E4%BA%AC%E9%83%BD&sort=01&sbmap=false
株式会社 マックスマウス,東京都,https://www.green-japan.com/job/109227,https://itp.ne.jp/keyword/?keyword=%E6%A0%AA%E5%BC%8F%E4%BC%9A%E7%A4%BE%20%E3%83%9E%E3%83%83%E3%82%AF%E3%82%B9%E3%83%9E%E3%82%A6%E3%82%B9&areaword=%E6%9D%B1%E4%BA%AC%E9%83%BD&sort=01&sbmap=false
Hameeコンサルティング 株式会社（旧：株式会社 JSコンサルティング）,東京都,https://www.green-japan.com/job/116239,https://itp.ne.jp/keyword/?keyword=Hamee%E3%82%B3%E3%83%B3%E3%82%B5%E3%83%AB%E3%83%86%E3%82%A3%E3%83%B3%E3%82%B0%20%E6%A0%AA%E5%BC%8F%E4%BC%9A%E7%A4%BE%EF%BC%88%E6%97%A7%EF%BC%9A%E6%A0%AA%E5%BC%8F%E4%BC%9A%E7%A4%BE%20JS%E3%82%B3%E3%83%B3%E3%82%B5%E3%83%AB%E3%83%86%E3%82%A3%E3%83%B3%E3%82%B0%EF%BC%89&areaword=%E6%9D%B1%E4%BA%AC%E9%83%BD&sort=01&sbmap=false
株式会社 PLUS,北海道,https://www.green-japan.com/job/109604,https://itp.ne.jp/keyword/?keyword=%E6%A0%AA%E5%BC%8F%E4%BC%9A%E7%A4%BE%20PLUS&areaword=%E5%8C%97%E6%B5%B7%E9%81%93&sort=01&sbmap=false
株式会社 アクア,東京都,https://www.green-japan.com/job/116001,https://itp.ne.jp/keyword/?keyword=%E6%A0%AA%E5%BC%8F%E4%BC%9A%E7%A4%BE%20%E3%82%A2%E3%82%AF%E3%82%A2&areaword=%E6%9D%B1%E4%BA%AC%E9%83%BD&sort=01&sbmap=false
株式会社 ターン・アンド・フロンティア,大阪府,https://www.green-japan.com/job/114108,https://itp.ne.jp/keyword/?keyword=%E6%A0%AA%E5%BC%8F%E4%BC%9A%E7%A4%BE%20%E3%82%BF%E3%83%BC%E3%83%B3%E3%83%BB%E3%82%A2%E3%83%B3%E3%83%89%E3%83%BB%E3%83%95%E3%83%AD%E3%83%B3%E3%83%86%E3%82%A3%E3%82%A2&areaword=%E5%A4%A7%E9%98%AA%E5%BA%9C&sort=01&sbmap=false
株式会社 SP,東京都,https://www.green-japan.com/job/114489,https://itp.ne.jp/keyword/?keyword=%E6%A0%AA%E5%BC%8F%E4%BC%9A%E7%A4%BE%20SP&areaword=%E6%9D%B1%E4%BA%AC%E9%83%BD&sort=01&sbmap=false
株式会社 シンカ,東京都,https://www.green-japan.com/job/85563,https://itp.ne.jp/keyword/?keyword=%E6%A0%AA%E5%BC%8F%E4%BC%9A%E7%A4%BE%20%E3%82%B7%E3%83%B3%E3%82%AB&areaword=%E6%9D%B1%E4%BA%AC%E9%83%BD&sort=01&sbmap=false
株式会社 グッドフェローズ,東京都,https://www.green-japan.com/job/85001,https://itp.ne.jp/keyword/?keyword=%E6%A0%AA%E5%BC%8F%E4%BC%9A%E7%A4%BE%20%E3%82%B0%E3%83%83%E3%83%89%E3%83%95%E3%82%A7%E3%83%AD%E3%83%BC%E3%82%BA&areaword=%E6%9D%B1%E4%BA%AC%E9%83%BD&sort=01&sbmap=false
モチベーションワークス 株式会社,東京都,https://www.green-japan.com/job/114608,https://itp.ne.jp/keyword/?keyword=%E3%83%A2%E3%83%81%E3%83%99%E3%83%BC%E3%82%B7%E3%83%A7%E3%83%B3%E3%83%AF%E3%83%BC%E3%82%AF%E3%82%B9%20%E6%A0%AA%E5%BC%8F%E4%BC%9A%E7%A4%BE&areaword=%E6%9D%B1%E4%BA%AC%E9%83%BD&sort=01&sbmap=false
エヌ・シー・ジャパン 株式会社,東京都,https://www.green-japan.com/job/116223,https://itp.ne.jp/keyword/?keyword=%E3%82%A8%E3%83%8C%E3%83%BB%E3%82%B7%E3%83%BC%E3%83%BB%E3%82%B8%E3%83%A3%E3%83%91%E3%83%B3%20%E6%A0%AA%E5%BC%8F%E4%BC%9A%E7%A4%BE&areaword=%E6%9D%B1%E4%BA%AC%E9%83%BD&sort=01&sbmap=false
株式会社 アウトソーシングテクノロジー R&D事業本部,茨城県,https://www.green-japan.com/job/115897,https://itp.ne.jp/keyword/?keyword=%E6%A0%AA%E5%BC%8F%E4%BC%9A%E7%A4%BE%20%E3%82%A2%E3%82%A6%E3%83%88%E3%82%BD%E3%83%BC%E3%82%B7%E3%83%B3%E3%82%B0%E3%83%86%E3%82%AF%E3%83%8E%E3%83%AD%E3%82%B8%E3%83%BC%20R%26D%E4%BA%8B%E6%A5%AD%E6%9C%AC%E9%83%A8&areaword=%E8%8C%A8%E5%9F%8E%E7%9C%8C&sort=01&sbmap=false
a-works 株式会社,大阪府,https://www.green-japan.com/job/115812,https://itp.ne.jp/keyword/?keyword=a-works%20%E6%A0%AA%E5%BC%8F%E4%BC%9A%E7%A4%BE&areaword=%E5%A4%A7%E9%98%AA%E5%BA%9C&sort=01&sbmap=false
株式会社 グローマス,東京都,https://www.green-japan.com/job/113437,https://itp.ne.jp/keyword/?keyword=%E6%A0%AA%E5%BC%8F%E4%BC%9A%E7%A4%BE%20%E3%82%B0%E3%83%AD%E3%83%BC%E3%83%9E%E3%82%B9&areaword=%E6%9D%B1%E4%BA%AC%E9%83%BD&sort=01&sbmap=false
リビン・テクノロジーズ 株式会社,東京都,https://www.green-japan.com/job/112245,https://itp.ne.jp/keyword/?keyword=%E3%83%AA%E3%83%93%E3%83%B3%E3%83%BB%E3%83%86%E3%82%AF%E3%83%8E%E3%83%AD%E3%82%B8%E3%83%BC%E3%82%BA%20%E6%A0%AA%E5%BC%8F%E4%BC%9A%E7%A4%BE&areaword=%E6%9D%B1%E4%BA%AC%E9%83%BD&sort=01&sbmap=false
株式会社 CryptoPie,東京都,https://www.green-japan.com/job/115352,https://itp.ne.jp/keyword/?keyword=%E6%A0%AA%E5%BC%8F%E4%BC%9A%E7%A4%BE%20CryptoPie&areaword=%E6%9D%B1%E4%BA%AC%E9%83%BD&sort=01&sbmap=false
株式会社 アガルート,東京都,https://www.green-japan.com/job/73848,https://itp.ne.jp/keyword/?keyword=%E6%A0%AA%E5%BC%8F%E4%BC%9A%E7%A4%BE%20%E3%82%A2%E3%82%AC%E3%83%AB%E3%83%BC%E3%83%88&areaword=%E6%9D%B1%E4%BA%AC%E9%83%BD&sort=01&sbmap=false
株式会社 PIGNUS,東京都,https://www.green-japan.com/job/114462,https://itp.ne.jp/keyword/?keyword=%E6%A0%AA%E5%BC%8F%E4%BC%9A%E7%A4%BE%20PIGNUS&areaword=%E6%9D%B1%E4%BA%AC%E9%83%BD&sort=01&sbmap=false
アルファアーキテクト 株式会社,東京都,https://www.green-japan.com/job/116278,https://itp.ne.jp/keyword/?keyword=%E3%82%A2%E3%83%AB%E3%83%95%E3%82%A1%E3%82%A2%E3%83%BC%E3%82%AD%E3%83%86%E3%82%AF%E3%83%88%20%E6%A0%AA%E5%BC%8F%E4%BC%9A%E7%A4%BE&areaword=%E6%9D%B1%E4%BA%AC%E9%83%BD&sort=01&sbmap=false
株式会社 インフキュリオン,東京都,https://www.green-japan.com/job/115972,https://itp.ne.jp/keyword/?keyword=%E6%A0%AA%E5%BC%8F%E4%BC%9A%E7%A4%BE%20%E3%82%A4%E3%83%B3%E3%83%95%E3%82%AD%E3%83%A5%E3%83%AA%E3%82%AA%E3%83%B3&areaword=%E6%9D%B1%E4%BA%AC%E9%83%BD&sort=01&sbmap=false
株式会社 セレス,東京都,https://www.green-japan.com/job/115729,https://itp.ne.jp/keyword/?keyword=%E6%A0%AA%E5%BC%8F%E4%BC%9A%E7%A4%BE%20%E3%82%BB%E3%83%AC%E3%82%B9&areaword=%E6%9D%B1%E4%BA%AC%E9%83%BD&sort=01&sbmap=false
株式会社 MyRefer,東京都,https://www.green-japan.com/job/86709,https://itp.ne.jp/keyword/?keyword=%E6%A0%AA%E5%BC%8F%E4%BC%9A%E7%A4%BE%20MyRefer&areaword=%E6%9D%B1%E4%BA%AC%E9%83%BD&sort=01&sbmap=false
株式会社 BIGBANG,東京都,https://www.green-japan.com/job/100559,https://itp.ne.jp/keyword/?keyword=%E6%A0%AA%E5%BC%8F%E4%BC%9A%E7%A4%BE%20BIGBANG&areaword=%E6%9D%B1%E4%BA%AC%E9%83%BD&sort=01&sbmap=false
リバミー 株式会社,東京都,https://www.green-japan.com/job/110124,https://itp.ne.jp/keyword/?keyword=%E3%83%AA%E3%83%90%E3%83%9F%E3%83%BC%20%E6%A0%AA%E5%BC%8F%E4%BC%9A%E7%A4%BE&areaword=%E6%9D%B1%E4%BA%AC%E9%83%BD&sort=01&sbmap=false
株式会社 gootbox,東京都,https://www.green-japan.com/job/97226,https://itp.ne.jp/keyword/?keyword=%E6%A0%AA%E5%BC%8F%E4%BC%9A%E7%A4%BE%20gootbox&areaword=%E6%9D%B1%E4%BA%AC%E9%83%BD&sort=01&sbmap=false
株式会社 アーリーワークス,東京都,https://www.green-japan.com/job/86902,https://itp.ne.jp/keyword/?keyword=%E6%A0%AA%E5%BC%8F%E4%BC%9A%E7%A4%BE%20%E3%82%A2%E3%83%BC%E3%83%AA%E3%83%BC%E3%83%AF%E3%83%BC%E3%82%AF%E3%82%B9&areaword=%E6%9D%B1%E4%BA%AC%E9%83%BD&sort=01&sbmap=false
株式会社 トラント,東京都,https://www.green-japan.com/job/111584,https://itp.ne.jp/keyword/?keyword=%E6%A0%AA%E5%BC%8F%E4%BC%9A%E7%A4%BE%20%E3%83%88%E3%83%A9%E3%83%B3%E3%83%88&areaword=%E6%9D%B1%E4%BA%AC%E9%83%BD&sort=01&sbmap=false
株式会社 PLAN-B,大阪府,https://www.green-japan.com/job/111882,https://itp.ne.jp/keyword/?keyword=%E6%A0%AA%E5%BC%8F%E4%BC%9A%E7%A4%BE%20PLAN-B&areaword=%E5%A4%A7%E9%98%AA%E5%BA%9C&sort=01&sbmap=false
株式会社 アカツキ,東京都,https://www.green-japan.com/job/54084,https://itp.ne.jp/keyword/?keyword=%E6%A0%AA%E5%BC%8F%E4%BC%9A%E7%A4%BE%20%E3%82%A2%E3%82%AB%E3%83%84%E3%82%AD&areaword=%E6%9D%B1%E4%BA%AC%E9%83%BD&sort=01&sbmap=false
株式会社 情報基盤開発,東京都,https://www.green-japan.com/job/76206,https://itp.ne.jp/keyword/?keyword=%E6%A0%AA%E5%BC%8F%E4%BC%9A%E7%A4%BE%20%E6%83%85%E5%A0%B1%E5%9F%BA%E7%9B%A4%E9%96%8B%E7%99%BA&areaword=%E6%9D%B1%E4%BA%AC%E9%83%BD&sort=01&sbmap=false
学校法人 麻生塾,福岡県,https://www.green-japan.com/job/113416,https://itp.ne.jp/keyword/?keyword=%E5%AD%A6%E6%A0%A1%E6%B3%95%E4%BA%BA%20%E9%BA%BB%E7%94%9F%E5%A1%BE&areaword=%E7%A6%8F%E5%B2%A1%E7%9C%8C&sort=01&sbmap=false
アイレット 株式会社,東京都,https://www.green-japan.com/job/113971,https://itp.ne.jp/keyword/?keyword=%E3%82%A2%E3%82%A4%E3%83%AC%E3%83%83%E3%83%88%20%E6%A0%AA%E5%BC%8F%E4%BC%9A%E7%A4%BE&areaword=%E6%9D%B1%E4%BA%AC%E9%83%BD&sort=01&sbmap=false
株式会社 SHIFT,東京都，宮崎県,https://www.green-japan.com/job/113775,https://itp.ne.jp/keyword/?keyword=%E6%A0%AA%E5%BC%8F%E4%BC%9A%E7%A4%BE%20SHIFT&areaword=%E6%9D%B1%E4%BA%AC%E9%83%BD%EF%BC%8C%E5%AE%AE%E5%B4%8E%E7%9C%8C&sort=01&sbmap=false
株式会社 Crunch Style,東京都,https://www.green-japan.com/job/112652,https://itp.ne.jp/keyword/?keyword=%E6%A0%AA%E5%BC%8F%E4%BC%9A%E7%A4%BE%20Crunch%20Style&areaword=%E6%9D%B1%E4%BA%AC%E9%83%BD&sort=01&sbmap=false
メリービズ 株式会社,東京都,https://www.green-japan.com/job/67933,https://itp.ne.jp/keyword/?keyword=%E3%83%A1%E3%83%AA%E3%83%BC%E3%83%93%E3%82%BA%20%E6%A0%AA%E5%BC%8F%E4%BC%9A%E7%A4%BE&areaword=%E6%9D%B1%E4%BA%AC%E9%83%BD&sort=01&sbmap=false
株式会社 ゲオネットワークス,東京都,https://www.green-japan.com/job/114989,https://itp.ne.jp/keyword/?keyword=%E6%A0%AA%E5%BC%8F%E4%BC%9A%E7%A4%BE%20%E3%82%B2%E3%82%AA%E3%83%8D%E3%83%83%E3%83%88%E3%83%AF%E3%83%BC%E3%82%AF%E3%82%B9&areaword=%E6%9D%B1%E4%BA%AC%E9%83%BD&sort=01&sbmap=false
ファビウス 株式会社,東京都,https://www.green-japan.com/job/42959,https://itp.ne.jp/keyword/?keyword=%E3%83%95%E3%82%A1%E3%83%93%E3%82%A6%E3%82%B9%20%E6%A0%AA%E5%BC%8F%E4%BC%9A%E7%A4%BE&areaword=%E6%9D%B1%E4%BA%AC%E9%83%BD&sort=01&sbmap=false
ソーシャルワイヤー 株式会社,東京都,https://www.green-japan.com/job/111312,https://itp.ne.jp/keyword/?keyword=%E3%82%BD%E3%83%BC%E3%82%B7%E3%83%A3%E3%83%AB%E3%83%AF%E3%82%A4%E3%83%A4%E3%83%BC%20%E6%A0%AA%E5%BC%8F%E4%BC%9A%E7%A4%BE&areaword=%E6%9D%B1%E4%BA%AC%E9%83%BD&sort=01&sbmap=false
株式会社 UPDATA（旧：ダイヤモンドメディア株式会社）,東京都，全国,https://www.green-japan.com/job/114623,https://itp.ne.jp/keyword/?keyword=%E6%A0%AA%E5%BC%8F%E4%BC%9A%E7%A4%BE%20UPDATA%EF%BC%88%E6%97%A7%EF%BC%9A%E3%83%80%E3%82%A4%E3%83%A4%E3%83%A2%E3%83%B3%E3%83%89%E3%83%A1%E3%83%87%E3%82%A3%E3%82%A2%E6%A0%AA%E5%BC%8F%E4%BC%9A%E7%A4%BE%EF%BC%89&areaword=%E6%9D%B1%E4%BA%AC%E9%83%BD%EF%BC%8C%E5%85%A8%E5%9B%BD&sort=01&sbmap=false
株式会社 テクノモバイル,東京都,https://www.green-japan.com/job/90580,https://itp.ne.jp/keyword/?keyword=%E6%A0%AA%E5%BC%8F%E4%BC%9A%E7%A4%BE%20%E3%83%86%E3%82%AF%E3%83%8E%E3%83%A2%E3%83%90%E3%82%A4%E3%83%AB&areaword=%E6%9D%B1%E4%BA%AC%E9%83%BD&sort=01&sbmap=false
ブライエッジ 株式会社,東京都,https://www.green-japan.com/job/114258,https://itp.ne.jp/keyword/?keyword=%E3%83%96%E3%83%A9%E3%82%A4%E3%82%A8%E3%83%83%E3%82%B8%20%E6%A0%AA%E5%BC%8F%E4%BC%9A%E7%A4%BE&areaword=%E6%9D%B1%E4%BA%AC%E9%83%BD&sort=01&sbmap=false
株式会社 シーエー・アドバンス,沖縄県,https://www.green-japan.com/job/44896,https://itp.ne.jp/keyword/?keyword=%E6%A0%AA%E5%BC%8F%E4%BC%9A%E7%A4%BE%20%E3%82%B7%E3%83%BC%E3%82%A8%E3%83%BC%E3%83%BB%E3%82%A2%E3%83%89%E3%83%90%E3%83%B3%E3%82%B9&areaword=%E6%B2%96%E7%B8%84%E7%9C%8C&sort=01&sbmap=false
株式会社 ROBOT PAYMENT (旧名：株式会社Cloud Payment) ,東京都,https://www.green-japan.com/job/107662,https://itp.ne.jp/keyword/?keyword=%E6%A0%AA%E5%BC%8F%E4%BC%9A%E7%A4%BE%20ROBOT%20PAYMENT%20%28%E6%97%A7%E5%90%8D%EF%BC%9A%E6%A0%AA%E5%BC%8F%E4%BC%9A%E7%A4%BECloud%20Payment%29%20&areaword=%E6%9D%B1%E4%BA%AC%E9%83%BD&sort=01&sbmap=false
FANTAS technology 株式会社,大阪府,https://www.green-japan.com/job/98610,https://itp.ne.jp/keyword/?keyword=FANTAS%20technology%20%E6%A0%AA%E5%BC%8F%E4%BC%9A%E7%A4%BE&areaword=%E5%A4%A7%E9%98%AA%E5%BA%9C&sort=01&sbmap=false
株式会社 テクロス,京都府,https://www.green-japan.com/job/104184,https://itp.ne.jp/keyword/?keyword=%E6%A0%AA%E5%BC%8F%E4%BC%9A%E7%A4%BE%20%E3%83%86%E3%82%AF%E3%83%AD%E3%82%B9&areaword=%E4%BA%AC%E9%83%BD%E5%BA%9C&sort=01&sbmap=false
株式会社 TAPP,東京都,https://www.green-japan.com/job/99398,https://itp.ne.jp/keyword/?keyword=%E6%A0%AA%E5%BC%8F%E4%BC%9A%E7%A4%BE%20TAPP&areaword=%E6%9D%B1%E4%BA%AC%E9%83%BD&sort=01&sbmap=false
スタートツーワン 株式会社,東京都,https://www.green-japan.com/job/30008,https://itp.ne.jp/keyword/?keyword=%E3%82%B9%E3%82%BF%E3%83%BC%E3%83%88%E3%83%84%E3%83%BC%E3%83%AF%E3%83%B3%20%E6%A0%AA%E5%BC%8F%E4%BC%9A%E7%A4%BE&areaword=%E6%9D%B1%E4%BA%AC%E9%83%BD&sort=01&sbmap=false
バレットグループ 株式会社,東京都,https://www.green-japan.com/job/110776,https://itp.ne.jp/keyword/?keyword=%E3%83%90%E3%83%AC%E3%83%83%E3%83%88%E3%82%B0%E3%83%AB%E3%83%BC%E3%83%97%20%E6%A0%AA%E5%BC%8F%E4%BC%9A%E7%A4%BE&areaword=%E6%9D%B1%E4%BA%AC%E9%83%BD&sort=01&sbmap=false
オーガニックグループ 株式会社,福岡県,https://www.green-japan.com/job/109934,https://itp.ne.jp/keyword/?keyword=%E3%82%AA%E3%83%BC%E3%82%AC%E3%83%8B%E3%83%83%E3%82%AF%E3%82%B0%E3%83%AB%E3%83%BC%E3%83%97%20%E6%A0%AA%E5%BC%8F%E4%BC%9A%E7%A4%BE&areaword=%E7%A6%8F%E5%B2%A1%E7%9C%8C&sort=01&sbmap=false
GPSSホールディングス 株式会社,東京都,https://www.green-japan.com/job/111661,https://itp.ne.jp/keyword/?keyword=GPSS%E3%83%9B%E3%83%BC%E3%83%AB%E3%83%87%E3%82%A3%E3%83%B3%E3%82%B0%E3%82%B9%20%E6%A0%AA%E5%BC%8F%E4%BC%9A%E7%A4%BE&areaword=%E6%9D%B1%E4%BA%AC%E9%83%BD&sort=01&sbmap=false
デジタルトランスコミュニケーションズ 株式会社,東京都,https://www.green-japan.com/job/114183,https://itp.ne.jp/keyword/?keyword=%E3%83%87%E3%82%B8%E3%82%BF%E3%83%AB%E3%83%88%E3%83%A9%E3%83%B3%E3%82%B9%E3%82%B3%E3%83%9F%E3%83%A5%E3%83%8B%E3%82%B1%E3%83%BC%E3%82%B7%E3%83%A7%E3%83%B3%E3%82%BA%20%E6%A0%AA%E5%BC%8F%E4%BC%9A%E7%A4%BE&areaword=%E6%9D%B1%E4%BA%AC%E9%83%BD&sort=01&sbmap=false
株式会社 ブロードリーフ,東京都,https://www.green-japan.com/job/105158,https://itp.ne.jp/keyword/?keyword=%E6%A0%AA%E5%BC%8F%E4%BC%9A%E7%A4%BE%20%E3%83%96%E3%83%AD%E3%83%BC%E3%83%89%E3%83%AA%E3%83%BC%E3%83%95&areaword=%E6%9D%B1%E4%BA%AC%E9%83%BD&sort=01&sbmap=false
株式会社 アール・アンド・エー・シー,東京都,https://www.green-japan.com/job/115063,https://itp.ne.jp/keyword/?keyword=%E6%A0%AA%E5%BC%8F%E4%BC%9A%E7%A4%BE%20%E3%82%A2%E3%83%BC%E3%83%AB%E3%83%BB%E3%82%A2%E3%83%B3%E3%83%89%E3%83%BB%E3%82%A8%E3%83%BC%E3%83%BB%E3%82%B7%E3%83%BC&areaword=%E6%9D%B1%E4%BA%AC%E9%83%BD&sort=01&sbmap=false
キャリアリンク 株式会社,京都府，大阪府，兵庫県,https://www.green-japan.com/job/78961,https://itp.ne.jp/keyword/?keyword=%E3%82%AD%E3%83%A3%E3%83%AA%E3%82%A2%E3%83%AA%E3%83%B3%E3%82%AF%20%E6%A0%AA%E5%BC%8F%E4%BC%9A%E7%A4%BE&areaword=%E4%BA%AC%E9%83%BD%E5%BA%9C%EF%BC%8C%E5%A4%A7%E9%98%AA%E5%BA%9C%EF%BC%8C%E5%85%B5%E5%BA%AB%E7%9C%8C&sort=01&sbmap=false
日研トータルソーシング 株式会社,青森県，岩手県，宮城県，秋田県，山形県，福島県，茨城県，栃木県，群馬県，新潟県，富山県，石川県，福井県，山梨県，長野県，岐阜県，静岡県，三重県，滋賀県，奈良県，和歌山県，鳥取県，島根県，岡山県，広島県，山口県，徳島県，香川県，愛媛県，高知県，佐賀県，長崎県，熊本県，大分県，宮崎県，鹿児島県,https://www.green-japan.com/job/87069,https://itp.ne.jp/keyword/?keyword=%E6%97%A5%E7%A0%94%E3%83%88%E3%83%BC%E3%82%BF%E3%83%AB%E3%82%BD%E3%83%BC%E3%82%B7%E3%83%B3%E3%82%B0%20%E6%A0%AA%E5%BC%8F%E4%BC%9A%E7%A4%BE&areaword=%E9%9D%92%E6%A3%AE%E7%9C%8C%EF%BC%8C%E5%B2%A9%E6%89%8B%E7%9C%8C%EF%BC%8C%E5%AE%AE%E5%9F%8E%E7%9C%8C%EF%BC%8C%E7%A7%8B%E7%94%B0%E7%9C%8C%EF%BC%8C%E5%B1%B1%E5%BD%A2%E7%9C%8C%EF%BC%8C%E7%A6%8F%E5%B3%B6%E7%9C%8C%EF%BC%8C%E8%8C%A8%E5%9F%8E%E7%9C%8C%EF%BC%8C%E6%A0%83%E6%9C%A8%E7%9C%8C%EF%BC%8C%E7%BE%A4%E9%A6%AC%E7%9C%8C%EF%BC%8C%E6%96%B0%E6%BD%9F%E7%9C%8C%EF%BC%8C%E5%AF%8C%E5%B1%B1%E7%9C%8C%EF%BC%8C%E7%9F%B3%E5%B7%9D%E7%9C%8C%EF%BC%8C%E7%A6%8F%E4%BA%95%E7%9C%8C%EF%BC%8C%E5%B1%B1%E6%A2%A8%E7%9C%8C%EF%BC%8C%E9%95%B7%E9%87%8E%E7%9C%8C%EF%BC%8C%E5%B2%90%E9%98%9C%E7%9C%8C%EF%BC%8C%E9%9D%99%E5%B2%A1%E7%9C%8C%EF%BC%8C%E4%B8%89%E9%87%8D%E7%9C%8C%EF%BC%8C%E6%BB%8B%E8%B3%80%E7%9C%8C%EF%BC%8C%E5%A5%88%E8%89%AF%E7%9C%8C%EF%BC%8C%E5%92%8C%E6%AD%8C%E5%B1%B1%E7%9C%8C%EF%BC%8C%E9%B3%A5%E5%8F%96%E7%9C%8C%EF%BC%8C%E5%B3%B6%E6%A0%B9%E7%9C%8C%EF%BC%8C%E5%B2%A1%E5%B1%B1%E7%9C%8C%EF%BC%8C%E5%BA%83%E5%B3%B6%E7%9C%8C%EF%BC%8C%E5%B1%B1%E5%8F%A3%E7%9C%8C%EF%BC%8C%E5%BE%B3%E5%B3%B6%E7%9C%8C%EF%BC%8C%E9%A6%99%E5%B7%9D%E7%9C%8C%EF%BC%8C%E6%84%9B%E5%AA%9B%E7%9C%8C%EF%BC%8C%E9%AB%98%E7%9F%A5%E7%9C%8C%EF%BC%8C%E4%BD%90%E8%B3%80%E7%9C%8C%EF%BC%8C%E9%95%B7%E5%B4%8E%E7%9C%8C%EF%BC%8C%E7%86%8A%E6%9C%AC%E7%9C%8C%EF%BC%8C%E5%A4%A7%E5%88%86%E7%9C%8C%EF%BC%8C%E5%AE%AE%E5%B4%8E%E7%9C%8C%EF%BC%8C%E9%B9%BF%E5%85%90%E5%B3%B6%E7%9C%8C&sort=01&sbmap=false
株式会社 TWO,東京都,https://www.green-japan.com/job/112476,https://itp.ne.jp/keyword/?keyword=%E6%A0%AA%E5%BC%8F%E4%BC%9A%E7%A4%BE%20TWO&areaword=%E6%9D%B1%E4%BA%AC%E9%83%BD&sort=01&sbmap=false
CAPS 株式会社,東京都,https://www.green-japan.com/job/102529,https://itp.ne.jp/keyword/?keyword=CAPS%20%E6%A0%AA%E5%BC%8F%E4%BC%9A%E7%A4%BE&areaword=%E6%9D%B1%E4%BA%AC%E9%83%BD&sort=01&sbmap=false
スマートキャンプ 株式会社,北海道,https://www.green-japan.com/job/105967,https://itp.ne.jp/keyword/?keyword=%E3%82%B9%E3%83%9E%E3%83%BC%E3%83%88%E3%82%AD%E3%83%A3%E3%83%B3%E3%83%97%20%E6%A0%AA%E5%BC%8F%E4%BC%9A%E7%A4%BE&areaword=%E5%8C%97%E6%B5%B7%E9%81%93&sort=01&sbmap=false
株式会社 Sun Asterisk,東京都，全国，海外,https://www.green-japan.com/job/115072,https://itp.ne.jp/keyword/?keyword=%E6%A0%AA%E5%BC%8F%E4%BC%9A%E7%A4%BE%20Sun%20Asterisk&areaword=%E6%9D%B1%E4%BA%AC%E9%83%BD%EF%BC%8C%E5%85%A8%E5%9B%BD%EF%BC%8C%E6%B5%B7%E5%A4%96&sort=01&sbmap=false
株式会社 マイクロウェーブ,東京都,https://www.green-japan.com/job/112000,https://itp.ne.jp/keyword/?keyword=%E6%A0%AA%E5%BC%8F%E4%BC%9A%E7%A4%BE%20%E3%83%9E%E3%82%A4%E3%82%AF%E3%83%AD%E3%82%A6%E3%82%A7%E3%83%BC%E3%83%96&areaword=%E6%9D%B1%E4%BA%AC%E9%83%BD&sort=01&sbmap=false
株式会社 イープラス,東京都,https://www.green-japan.com/job/111282,https://itp.ne.jp/keyword/?keyword=%E6%A0%AA%E5%BC%8F%E4%BC%9A%E7%A4%BE%20%E3%82%A4%E3%83%BC%E3%83%97%E3%83%A9%E3%82%B9&areaword=%E6%9D%B1%E4%BA%AC%E9%83%BD&sort=01&sbmap=false
株式会社 シムネット,宮城県,https://www.green-japan.com/job/109393,https://itp.ne.jp/keyword/?keyword=%E6%A0%AA%E5%BC%8F%E4%BC%9A%E7%A4%BE%20%E3%82%B7%E3%83%A0%E3%83%8D%E3%83%83%E3%83%88&areaword=%E5%AE%AE%E5%9F%8E%E7%9C%8C&sort=01&sbmap=false
株式会社 ライボ,東京都,https://www.green-japan.com/job/92648,https://itp.ne.jp/keyword/?keyword=%E6%A0%AA%E5%BC%8F%E4%BC%9A%E7%A4%BE%20%E3%83%A9%E3%82%A4%E3%83%9C&areaword=%E6%9D%B1%E4%BA%AC%E9%83%BD&sort=01&sbmap=false
株式会社 テスク,愛知県,https://www.green-japan.com/job/114815,https://itp.ne.jp/keyword/?keyword=%E6%A0%AA%E5%BC%8F%E4%BC%9A%E7%A4%BE%20%E3%83%86%E3%82%B9%E3%82%AF&areaword=%E6%84%9B%E7%9F%A5%E7%9C%8C&sort=01&sbmap=false
nmsエンジニアリング株式会社（旧：日本マニュファクチャリングサービス株式会社 エンジニアリング事業部）,北海道,https://www.green-japan.com/job/111544,https://itp.ne.jp/keyword/?keyword=nms%E3%82%A8%E3%83%B3%E3%82%B8%E3%83%8B%E3%82%A2%E3%83%AA%E3%83%B3%E3%82%B0%E6%A0%AA%E5%BC%8F%E4%BC%9A%E7%A4%BE%EF%BC%88%E6%97%A7%EF%BC%9A%E6%97%A5%E6%9C%AC%E3%83%9E%E3%83%8B%E3%83%A5%E3%83%95%E3%82%A1%E3%82%AF%E3%83%81%E3%83%A3%E3%83%AA%E3%83%B3%E3%82%B0%E3%82%B5%E3%83%BC%E3%83%93%E3%82%B9%E6%A0%AA%E5%BC%8F%E4%BC%9A%E7%A4%BE%20%E3%82%A8%E3%83%B3%E3%82%B8%E3%83%8B%E3%82%A2%E3%83%AA%E3%83%B3%E3%82%B0%E4%BA%8B%E6%A5%AD%E9%83%A8%EF%BC%89&areaword=%E5%8C%97%E6%B5%B7%E9%81%93&sort=01&sbmap=false
BEMAC 株式会社,香川県,https://www.green-japan.com/job/111348,https://itp.ne.jp/keyword/?keyword=BEMAC%20%E6%A0%AA%E5%BC%8F%E4%BC%9A%E7%A4%BE&areaword=%E9%A6%99%E5%B7%9D%E7%9C%8C&sort=01&sbmap=false
スパイダープラス株式会社（旧：株式会社レゴリス）,東京都,https://www.green-japan.com/job/112327,https://itp.ne.jp/keyword/?keyword=%E3%82%B9%E3%83%91%E3%82%A4%E3%83%80%E3%83%BC%E3%83%97%E3%83%A9%E3%82%B9%E6%A0%AA%E5%BC%8F%E4%BC%9A%E7%A4%BE%EF%BC%88%E6%97%A7%EF%BC%9A%E6%A0%AA%E5%BC%8F%E4%BC%9A%E7%A4%BE%E3%83%AC%E3%82%B4%E3%83%AA%E3%82%B9%EF%BC%89&areaword=%E6%9D%B1%E4%BA%AC%E9%83%BD&sort=01&sbmap=false
株式会社 PREVENT,愛知県,https://www.green-japan.com/job/109728,https://itp.ne.jp/keyword/?keyword=%E6%A0%AA%E5%BC%8F%E4%BC%9A%E7%A4%BE%20PREVENT&areaword=%E6%84%9B%E7%9F%A5%E7%9C%8C&sort=01&sbmap=false
株式会社 リジョブ,東京都,https://www.green-japan.com/job/112710,https://itp.ne.jp/keyword/?keyword=%E6%A0%AA%E5%BC%8F%E4%BC%9A%E7%A4%BE%20%E3%83%AA%E3%82%B8%E3%83%A7%E3%83%96&areaword=%E6%9D%B1%E4%BA%AC%E9%83%BD&sort=01&sbmap=false
デマンドリンク 株式会社,東京都,https://www.green-japan.com/job/52547,https://itp.ne.jp/keyword/?keyword=%E3%83%87%E3%83%9E%E3%83%B3%E3%83%89%E3%83%AA%E3%83%B3%E3%82%AF%20%E6%A0%AA%E5%BC%8F%E4%BC%9A%E7%A4%BE&areaword=%E6%9D%B1%E4%BA%AC%E9%83%BD&sort=01&sbmap=false
株式会社 ビーンズラボ,沖縄県,https://www.green-japan.com/job/75178,https://itp.ne.jp/keyword/?keyword=%E6%A0%AA%E5%BC%8F%E4%BC%9A%E7%A4%BE%20%E3%83%93%E3%83%BC%E3%83%B3%E3%82%BA%E3%83%A9%E3%83%9C&areaword=%E6%B2%96%E7%B8%84%E7%9C%8C&sort=01&sbmap=false
WHITE CROSS 株式会社,東京都,https://www.green-japan.com/job/84079,https://itp.ne.jp/keyword/?keyword=WHITE%20CROSS%20%E6%A0%AA%E5%BC%8F%E4%BC%9A%E7%A4%BE&areaword=%E6%9D%B1%E4%BA%AC%E9%83%BD&sort=01&sbmap=false
株式会社 DouYu Japan,東京都,https://www.green-japan.com/job/108120,https://itp.ne.jp/keyword/?keyword=%E6%A0%AA%E5%BC%8F%E4%BC%9A%E7%A4%BE%20DouYu%20Japan&areaword=%E6%9D%B1%E4%BA%AC%E9%83%BD&sort=01&sbmap=false
株式会社 WARC,東京都,https://www.green-japan.com/job/100616,https://itp.ne.jp/keyword/?keyword=%E6%A0%AA%E5%BC%8F%E4%BC%9A%E7%A4%BE%20WARC&areaword=%E6%9D%B1%E4%BA%AC%E9%83%BD&sort=01&sbmap=false
ラッキー工芸 株式会社,兵庫県,https://www.green-japan.com/job/113144,https://itp.ne.jp/keyword/?keyword=%E3%83%A9%E3%83%83%E3%82%AD%E3%83%BC%E5%B7%A5%E8%8A%B8%20%E6%A0%AA%E5%BC%8F%E4%BC%9A%E7%A4%BE&areaword=%E5%85%B5%E5%BA%AB%E7%9C%8C&sort=01&sbmap=false
株式会社 キャリアインデックス,東京都,https://www.green-japan.com/job/102001,https://itp.ne.jp/keyword/?keyword=%E6%A0%AA%E5%BC%8F%E4%BC%9A%E7%A4%BE%20%E3%82%AD%E3%83%A3%E3%83%AA%E3%82%A2%E3%82%A4%E3%83%B3%E3%83%87%E3%83%83%E3%82%AF%E3%82%B9&areaword=%E6%9D%B1%E4%BA%AC%E9%83%BD&sort=01&sbmap=false
"F&G CO.,LTD",海外,https://www.green-japan.com/job/53236,"https://itp.ne.jp/keyword/?keyword=F%26G%20CO.,LTD&areaword=%E6%B5%B7%E5%A4%96&sort=01&sbmap=false"
株式会社 京都一の傳,京都府,https://www.green-japan.com/job/103710,https://itp.ne.jp/keyword/?keyword=%E6%A0%AA%E5%BC%8F%E4%BC%9A%E7%A4%BE%20%E4%BA%AC%E9%83%BD%E4%B8%80%E3%81%AE%E5%82%B3&areaword=%E4%BA%AC%E9%83%BD%E5%BA%9C&sort=01&sbmap=false
ｔ‐ｗａｙｓコンサルティング 株式会社,埼玉県，千葉県，東京都，神奈川県,https://www.green-japan.com/job/54694,https://itp.ne.jp/keyword/?keyword=%EF%BD%94%E2%80%90%EF%BD%97%EF%BD%81%EF%BD%99%EF%BD%93%E3%82%B3%E3%83%B3%E3%82%B5%E3%83%AB%E3%83%86%E3%82%A3%E3%83%B3%E3%82%B0%20%E6%A0%AA%E5%BC%8F%E4%BC%9A%E7%A4%BE&areaword=%E5%9F%BC%E7%8E%89%E7%9C%8C%EF%BC%8C%E5%8D%83%E8%91%89%E7%9C%8C%EF%BC%8C%E6%9D%B1%E4%BA%AC%E9%83%BD%EF%BC%8C%E7%A5%9E%E5%A5%88%E5%B7%9D%E7%9C%8C&sort=01&sbmap=false
ファウンダーズ 株式会社,東京都,https://www.green-japan.com/job/112829,https://itp.ne.jp/keyword/?keyword=%E3%83%95%E3%82%A1%E3%82%A6%E3%83%B3%E3%83%80%E3%83%BC%E3%82%BA%20%E6%A0%AA%E5%BC%8F%E4%BC%9A%E7%A4%BE&areaword=%E6%9D%B1%E4%BA%AC%E9%83%BD&sort=01&sbmap=false
バリュークリエーション 株式会社,宮城県,https://www.green-japan.com/job/93821,https://itp.ne.jp/keyword/?keyword=%E3%83%90%E3%83%AA%E3%83%A5%E3%83%BC%E3%82%AF%E3%83%AA%E3%82%A8%E3%83%BC%E3%82%B7%E3%83%A7%E3%83%B3%20%E6%A0%AA%E5%BC%8F%E4%BC%9A%E7%A4%BE&areaword=%E5%AE%AE%E5%9F%8E%E7%9C%8C&sort=01&sbmap=false
株式会社 もしも,東京都,https://www.green-japan.com/job/113623,https://itp.ne.jp/keyword/?keyword=%E6%A0%AA%E5%BC%8F%E4%BC%9A%E7%A4%BE%20%E3%82%82%E3%81%97%E3%82%82&areaword=%E6%9D%B1%E4%BA%AC%E9%83%BD&sort=01&sbmap=false
株式会社 新大陸,静岡県,https://www.green-japan.com/job/48461,https://itp.ne.jp/keyword/?keyword=%E6%A0%AA%E5%BC%8F%E4%BC%9A%E7%A4%BE%20%E6%96%B0%E5%A4%A7%E9%99%B8&areaword=%E9%9D%99%E5%B2%A1%E7%9C%8C&sort=01&sbmap=false
株式会社 グラフ,東京都,https://www.green-japan.com/job/107405,https://itp.ne.jp/keyword/?keyword=%E6%A0%AA%E5%BC%8F%E4%BC%9A%E7%A4%BE%20%E3%82%B0%E3%83%A9%E3%83%95&areaword=%E6%9D%B1%E4%BA%AC%E9%83%BD&sort=01&sbmap=false
株式会社 ネットマーケティング,東京都,https://www.green-japan.com/job/110083,https://itp.ne.jp/keyword/?keyword=%E6%A0%AA%E5%BC%8F%E4%BC%9A%E7%A4%BE%20%E3%83%8D%E3%83%83%E3%83%88%E3%83%9E%E3%83%BC%E3%82%B1%E3%83%86%E3%82%A3%E3%83%B3%E3%82%B0&areaword=%E6%9D%B1%E4%BA%AC%E9%83%BD&sort=01&sbmap=false
株式会社 レックス,兵庫県,https://www.green-japan.com/job/84620,https://itp.ne.jp/keyword/?keyword=%E6%A0%AA%E5%BC%8F%E4%BC%9A%E7%A4%BE%20%E3%83%AC%E3%83%83%E3%82%AF%E3%82%B9&areaword=%E5%85%B5%E5%BA%AB%E7%9C%8C&sort=01&sbmap=false
株式会社 オーリーズ,東京都,https://www.green-japan.com/job/73088,https://itp.ne.jp/keyword/?keyword=%E6%A0%AA%E5%BC%8F%E4%BC%9A%E7%A4%BE%20%E3%82%AA%E3%83%BC%E3%83%AA%E3%83%BC%E3%82%BA&areaword=%E6%9D%B1%E4%BA%AC%E9%83%BD&sort=01&sbmap=false
株式会社 フィジオ,東京都,https://www.green-japan.com/job/78585,https://itp.ne.jp/keyword/?keyword=%E6%A0%AA%E5%BC%8F%E4%BC%9A%E7%A4%BE%20%E3%83%95%E3%82%A3%E3%82%B8%E3%82%AA&areaword=%E6%9D%B1%E4%BA%AC%E9%83%BD&sort=01&sbmap=false
株式会社 ジャパネットホールディングス,福岡県,https://www.green-japan.com/job/107666,https://itp.ne.jp/keyword/?keyword=%E6%A0%AA%E5%BC%8F%E4%BC%9A%E7%A4%BE%20%E3%82%B8%E3%83%A3%E3%83%91%E3%83%8D%E3%83%83%E3%83%88%E3%83%9B%E3%83%BC%E3%83%AB%E3%83%87%E3%82%A3%E3%83%B3%E3%82%B0%E3%82%B9&areaword=%E7%A6%8F%E5%B2%A1%E7%9C%8C&sort=01&sbmap=false
ミュージックセキュリティーズ 株式会社,東京都,https://www.green-japan.com/job/79769,https://itp.ne.jp/keyword/?keyword=%E3%83%9F%E3%83%A5%E3%83%BC%E3%82%B8%E3%83%83%E3%82%AF%E3%82%BB%E3%82%AD%E3%83%A5%E3%83%AA%E3%83%86%E3%82%A3%E3%83%BC%E3%82%BA%20%E6%A0%AA%E5%BC%8F%E4%BC%9A%E7%A4%BE&areaword=%E6%9D%B1%E4%BA%AC%E9%83%BD&sort=01&sbmap=false
株式会社 トリビュー,東京都,https://www.green-japan.com/job/91429,https://itp.ne.jp/keyword/?keyword=%E6%A0%AA%E5%BC%8F%E4%BC%9A%E7%A4%BE%20%E3%83%88%E3%83%AA%E3%83%93%E3%83%A5%E3%83%BC&areaword=%E6%9D%B1%E4%BA%AC%E9%83%BD&sort=01&sbmap=false
株式会社 コアシンク,東京都,https://www.green-japan.com/job/108458,https://itp.ne.jp/keyword/?keyword=%E6%A0%AA%E5%BC%8F%E4%BC%9A%E7%A4%BE%20%E3%82%B3%E3%82%A2%E3%82%B7%E3%83%B3%E3%82%AF&areaword=%E6%9D%B1%E4%BA%AC%E9%83%BD&sort=01&sbmap=false
株式会社 オトラビスタ,東京都,https://www.green-japan.com/job/106819,https://itp.ne.jp/keyword/?keyword=%E6%A0%AA%E5%BC%8F%E4%BC%9A%E7%A4%BE%20%E3%82%AA%E3%83%88%E3%83%A9%E3%83%93%E3%82%B9%E3%82%BF&areaword=%E6%9D%B1%E4%BA%AC%E9%83%BD&sort=01&sbmap=false
株式会社 アコードセブン,京都府,https://www.green-japan.com/job/88047,https://itp.ne.jp/keyword/?keyword=%E6%A0%AA%E5%BC%8F%E4%BC%9A%E7%A4%BE%20%E3%82%A2%E3%82%B3%E3%83%BC%E3%83%89%E3%82%BB%E3%83%96%E3%83%B3&areaword=%E4%BA%AC%E9%83%BD%E5%BA%9C&sort=01&sbmap=false
株式会社 ZEALS,東京都,https://www.green-japan.com/job/80339,https://itp.ne.jp/keyword/?keyword=%E6%A0%AA%E5%BC%8F%E4%BC%9A%E7%A4%BE%20ZEALS&areaword=%E6%9D%B1%E4%BA%AC%E9%83%BD&sort=01&sbmap=false
株式会社 エイチーム,愛知県,https://www.green-japan.com/job/66609,https://itp.ne.jp/keyword/?keyword=%E6%A0%AA%E5%BC%8F%E4%BC%9A%E7%A4%BE%20%E3%82%A8%E3%82%A4%E3%83%81%E3%83%BC%E3%83%A0&areaword=%E6%84%9B%E7%9F%A5%E7%9C%8C&sort=01&sbmap=false
株式会社 Showcase Gig,東京都,https://www.green-japan.com/job/110876,https://itp.ne.jp/keyword/?keyword=%E6%A0%AA%E5%BC%8F%E4%BC%9A%E7%A4%BE%20Showcase%20Gig&areaword=%E6%9D%B1%E4%BA%AC%E9%83%BD&sort=01&sbmap=false
株式会社 ネオキャリア,東京都,https://www.green-japan.com/job/114630,https://itp.ne.jp/keyword/?keyword=%E6%A0%AA%E5%BC%8F%E4%BC%9A%E7%A4%BE%20%E3%83%8D%E3%82%AA%E3%82%AD%E3%83%A3%E3%83%AA%E3%82%A2&areaword=%E6%9D%B1%E4%BA%AC%E9%83%BD&sort=01&sbmap=false
株式会社 セルシス,東京都,https://www.green-japan.com/job/102160,https://itp.ne.jp/keyword/?keyword=%E6%A0%AA%E5%BC%8F%E4%BC%9A%E7%A4%BE%20%E3%82%BB%E3%83%AB%E3%82%B7%E3%82%B9&areaword=%E6%9D%B1%E4%BA%AC%E9%83%BD&sort=01&sbmap=false
株式会社 エス・エム・エス,東京都,https://www.green-japan.com/job/114006,https://itp.ne.jp/keyword/?keyword=%E6%A0%AA%E5%BC%8F%E4%BC%9A%E7%A4%BE%20%E3%82%A8%E3%82%B9%E3%83%BB%E3%82%A8%E3%83%A0%E3%83%BB%E3%82%A8%E3%82%B9&areaword=%E6%9D%B1%E4%BA%AC%E9%83%BD&sort=01&sbmap=false
株式会社 立山システム研究所,富山県,https://www.green-japan.com/job/97252,https://itp.ne.jp/keyword/?keyword=%E6%A0%AA%E5%BC%8F%E4%BC%9A%E7%A4%BE%20%E7%AB%8B%E5%B1%B1%E3%82%B7%E3%82%B9%E3%83%86%E3%83%A0%E7%A0%94%E7%A9%B6%E6%89%80&areaword=%E5%AF%8C%E5%B1%B1%E7%9C%8C&sort=01&sbmap=false
株式会社 POL,東京都,https://www.green-japan.com/job/97652,https://itp.ne.jp/keyword/?keyword=%E6%A0%AA%E5%BC%8F%E4%BC%9A%E7%A4%BE%20POL&areaword=%E6%9D%B1%E4%BA%AC%E9%83%BD&sort=01&sbmap=false
ファストドクター 株式会社,東京都,https://www.green-japan.com/job/112117,https://itp.ne.jp/keyword/?keyword=%E3%83%95%E3%82%A1%E3%82%B9%E3%83%88%E3%83%89%E3%82%AF%E3%82%BF%E3%83%BC%20%E6%A0%AA%E5%BC%8F%E4%BC%9A%E7%A4%BE&areaword=%E6%9D%B1%E4%BA%AC%E9%83%BD&sort=01&sbmap=false
株式会社 SIVA,東京都,https://www.green-japan.com/job/102581,https://itp.ne.jp/keyword/?keyword=%E6%A0%AA%E5%BC%8F%E4%BC%9A%E7%A4%BE%20SIVA&areaword=%E6%9D%B1%E4%BA%AC%E9%83%BD&sort=01&sbmap=false
株式会社 エグゼクション,東京都,https://www.green-japan.com/job/109714,https://itp.ne.jp/keyword/?keyword=%E6%A0%AA%E5%BC%8F%E4%BC%9A%E7%A4%BE%20%E3%82%A8%E3%82%B0%E3%82%BC%E3%82%AF%E3%82%B7%E3%83%A7%E3%83%B3&areaword=%E6%9D%B1%E4%BA%AC%E9%83%BD&sort=01&sbmap=false
株式会社 モンスター・ラボ,東京都,https://www.green-japan.com/job/111384,https://itp.ne.jp/keyword/?keyword=%E6%A0%AA%E5%BC%8F%E4%BC%9A%E7%A4%BE%20%E3%83%A2%E3%83%B3%E3%82%B9%E3%82%BF%E3%83%BC%E3%83%BB%E3%83%A9%E3%83%9C&areaword=%E6%9D%B1%E4%BA%AC%E9%83%BD&sort=01&sbmap=false
株式会社 スペシフィック,東京都,https://www.green-japan.com/job/106705,https://itp.ne.jp/keyword/?keyword=%E6%A0%AA%E5%BC%8F%E4%BC%9A%E7%A4%BE%20%E3%82%B9%E3%83%9A%E3%82%B7%E3%83%95%E3%82%A3%E3%83%83%E3%82%AF&areaword=%E6%9D%B1%E4%BA%AC%E9%83%BD&sort=01&sbmap=false
株式会社 レスタス,大阪府,https://www.green-japan.com/job/106708,https://itp.ne.jp/keyword/?keyword=%E6%A0%AA%E5%BC%8F%E4%BC%9A%E7%A4%BE%20%E3%83%AC%E3%82%B9%E3%82%BF%E3%82%B9&areaword=%E5%A4%A7%E9%98%AA%E5%BA%9C&sort=01&sbmap=false
Attack 株式会社,東京都,https://www.green-japan.com/job/112059,https://itp.ne.jp/keyword/?keyword=Attack%20%E6%A0%AA%E5%BC%8F%E4%BC%9A%E7%A4%BE&areaword=%E6%9D%B1%E4%BA%AC%E9%83%BD&sort=01&sbmap=false
株式会社 唐沢農機サービス,長野県,https://www.green-japan.com/job/71330,https://itp.ne.jp/keyword/?keyword=%E6%A0%AA%E5%BC%8F%E4%BC%9A%E7%A4%BE%20%E5%94%90%E6%B2%A2%E8%BE%B2%E6%A9%9F%E3%82%B5%E3%83%BC%E3%83%93%E3%82%B9&areaword=%E9%95%B7%E9%87%8E%E7%9C%8C&sort=01&sbmap=false
メドピア 株式会社,東京都,https://www.green-japan.com/job/92039,https://itp.ne.jp/keyword/?keyword=%E3%83%A1%E3%83%89%E3%83%94%E3%82%A2%20%E6%A0%AA%E5%BC%8F%E4%BC%9A%E7%A4%BE&areaword=%E6%9D%B1%E4%BA%AC%E9%83%BD&sort=01&sbmap=false
株式会社 ハロネット,東京都,https://www.green-japan.com/job/100421,https://itp.ne.jp/keyword/?keyword=%E6%A0%AA%E5%BC%8F%E4%BC%9A%E7%A4%BE%20%E3%83%8F%E3%83%AD%E3%83%8D%E3%83%83%E3%83%88&areaword=%E6%9D%B1%E4%BA%AC%E9%83%BD&sort=01&sbmap=false
株式会社 フロムスクラッチ,福岡県,https://www.green-japan.com/job/76796,https://itp.ne.jp/keyword/?keyword=%E6%A0%AA%E5%BC%8F%E4%BC%9A%E7%A4%BE%20%E3%83%95%E3%83%AD%E3%83%A0%E3%82%B9%E3%82%AF%E3%83%A9%E3%83%83%E3%83%81&areaword=%E7%A6%8F%E5%B2%A1%E7%9C%8C&sort=01&sbmap=false
株式会社 オデッセイ コミュニケーションズ,東京都,https://www.green-japan.com/job/113313,https://itp.ne.jp/keyword/?keyword=%E6%A0%AA%E5%BC%8F%E4%BC%9A%E7%A4%BE%20%E3%82%AA%E3%83%87%E3%83%83%E3%82%BB%E3%82%A4%20%E3%82%B3%E3%83%9F%E3%83%A5%E3%83%8B%E3%82%B1%E3%83%BC%E3%82%B7%E3%83%A7%E3%83%B3%E3%82%BA&areaword=%E6%9D%B1%E4%BA%AC%E9%83%BD&sort=01&sbmap=false
ワンダープラネット 株式会社,愛知県,https://www.green-japan.com/job/111371,https://itp.ne.jp/keyword/?keyword=%E3%83%AF%E3%83%B3%E3%83%80%E3%83%BC%E3%83%97%E3%83%A9%E3%83%8D%E3%83%83%E3%83%88%20%E6%A0%AA%E5%BC%8F%E4%BC%9A%E7%A4%BE&areaword=%E6%84%9B%E7%9F%A5%E7%9C%8C&sort=01&sbmap=false
株式会社 フィエルテ,東京都,https://www.green-japan.com/job/110100,https://itp.ne.jp/keyword/?keyword=%E6%A0%AA%E5%BC%8F%E4%BC%9A%E7%A4%BE%20%E3%83%95%E3%82%A3%E3%82%A8%E3%83%AB%E3%83%86&areaword=%E6%9D%B1%E4%BA%AC%E9%83%BD&sort=01&sbmap=false
株式会社 ヒューマンサイエンス,東京都,https://www.green-japan.com/job/89716,https://itp.ne.jp/keyword/?keyword=%E6%A0%AA%E5%BC%8F%E4%BC%9A%E7%A4%BE%20%E3%83%92%E3%83%A5%E3%83%BC%E3%83%9E%E3%83%B3%E3%82%B5%E3%82%A4%E3%82%A8%E3%83%B3%E3%82%B9&areaword=%E6%9D%B1%E4%BA%AC%E9%83%BD&sort=01&sbmap=false
株式会社 I-ne,大阪府,https://www.green-japan.com/job/107550,https://itp.ne.jp/keyword/?keyword=%E6%A0%AA%E5%BC%8F%E4%BC%9A%E7%A4%BE%20I-ne&areaword=%E5%A4%A7%E9%98%AA%E5%BA%9C&sort=01&sbmap=false
ニュートン・コンサルティング 株式会社,東京都,https://www.green-japan.com/job/56487,https://itp.ne.jp/keyword/?keyword=%E3%83%8B%E3%83%A5%E3%83%BC%E3%83%88%E3%83%B3%E3%83%BB%E3%82%B3%E3%83%B3%E3%82%B5%E3%83%AB%E3%83%86%E3%82%A3%E3%83%B3%E3%82%B0%20%E6%A0%AA%E5%BC%8F%E4%BC%9A%E7%A4%BE&areaword=%E6%9D%B1%E4%BA%AC%E9%83%BD&sort=01&sbmap=false
株式会社 イードア,新潟県,https://www.green-japan.com/job/113667,https://itp.ne.jp/keyword/?keyword=%E6%A0%AA%E5%BC%8F%E4%BC%9A%E7%A4%BE%20%E3%82%A4%E3%83%BC%E3%83%89%E3%82%A2&areaword=%E6%96%B0%E6%BD%9F%E7%9C%8C&sort=01&sbmap=false
株式会社 ワンキャリア,東京都,https://www.green-japan.com/job/89504,https://itp.ne.jp/keyword/?keyword=%E6%A0%AA%E5%BC%8F%E4%BC%9A%E7%A4%BE%20%E3%83%AF%E3%83%B3%E3%82%AD%E3%83%A3%E3%83%AA%E3%82%A2&areaword=%E6%9D%B1%E4%BA%AC%E9%83%BD&sort=01&sbmap=false
株式会社 エス・ワイ・エス,東京都,https://www.green-japan.com/job/32829,https://itp.ne.jp/keyword/?keyword=%E6%A0%AA%E5%BC%8F%E4%BC%9A%E7%A4%BE%20%E3%82%A8%E3%82%B9%E3%83%BB%E3%83%AF%E3%82%A4%E3%83%BB%E3%82%A8%E3%82%B9&areaword=%E6%9D%B1%E4%BA%AC%E9%83%BD&sort=01&sbmap=false
株式会社 泉平,兵庫県,https://www.green-japan.com/job/109385,https://itp.ne.jp/keyword/?keyword=%E6%A0%AA%E5%BC%8F%E4%BC%9A%E7%A4%BE%20%E6%B3%89%E5%B9%B3&areaword=%E5%85%B5%E5%BA%AB%E7%9C%8C&sort=01&sbmap=false
株式会社 プロラボ ホールディングス,東京都,https://www.green-japan.com/job/82167,https://itp.ne.jp/keyword/?keyword=%E6%A0%AA%E5%BC%8F%E4%BC%9A%E7%A4%BE%20%E3%83%97%E3%83%AD%E3%83%A9%E3%83%9C%20%E3%83%9B%E3%83%BC%E3%83%AB%E3%83%87%E3%82%A3%E3%83%B3%E3%82%B0%E3%82%B9&areaword=%E6%9D%B1%E4%BA%AC%E9%83%BD&sort=01&sbmap=false
株式会社 サン・メルクス,東京都,https://www.green-japan.com/job/107279,https://itp.ne.jp/keyword/?keyword=%E6%A0%AA%E5%BC%8F%E4%BC%9A%E7%A4%BE%20%E3%82%B5%E3%83%B3%E3%83%BB%E3%83%A1%E3%83%AB%E3%82%AF%E3%82%B9&areaword=%E6%9D%B1%E4%BA%AC%E9%83%BD&sort=01&sbmap=false
株式会社 キュービック,東京都,https://www.green-japan.com/job/111337,https://itp.ne.jp/keyword/?keyword=%E6%A0%AA%E5%BC%8F%E4%BC%9A%E7%A4%BE%20%E3%82%AD%E3%83%A5%E3%83%BC%E3%83%93%E3%83%83%E3%82%AF&areaword=%E6%9D%B1%E4%BA%AC%E9%83%BD&sort=01&sbmap=false
株式会社 ホールハート,東京都,https://www.green-japan.com/job/98548,https://itp.ne.jp/keyword/?keyword=%E6%A0%AA%E5%BC%8F%E4%BC%9A%E7%A4%BE%20%E3%83%9B%E3%83%BC%E3%83%AB%E3%83%8F%E3%83%BC%E3%83%88&areaword=%E6%9D%B1%E4%BA%AC%E9%83%BD&sort=01&sbmap=false
パルソネット 株式会社,東京都,https://www.green-japan.com/job/51298,https://itp.ne.jp/keyword/?keyword=%E3%83%91%E3%83%AB%E3%82%BD%E3%83%8D%E3%83%83%E3%83%88%20%E6%A0%AA%E5%BC%8F%E4%BC%9A%E7%A4%BE&areaword=%E6%9D%B1%E4%BA%AC%E9%83%BD&sort=01&sbmap=false
バルス 株式会社,東京都,https://www.green-japan.com/job/105408,https://itp.ne.jp/keyword/?keyword=%E3%83%90%E3%83%AB%E3%82%B9%20%E6%A0%AA%E5%BC%8F%E4%BC%9A%E7%A4%BE&areaword=%E6%9D%B1%E4%BA%AC%E9%83%BD&sort=01&sbmap=false
アイティメディア 株式会社,東京都,https://www.green-japan.com/job/113320,https://itp.ne.jp/keyword/?keyword=%E3%82%A2%E3%82%A4%E3%83%86%E3%82%A3%E3%83%A1%E3%83%87%E3%82%A3%E3%82%A2%20%E6%A0%AA%E5%BC%8F%E4%BC%9A%E7%A4%BE&areaword=%E6%9D%B1%E4%BA%AC%E9%83%BD&sort=01&sbmap=false
株式会社 スパイラル・アンド・カンパニー,東京都,https://www.green-japan.com/job/110471,https://itp.ne.jp/keyword/?keyword=%E6%A0%AA%E5%BC%8F%E4%BC%9A%E7%A4%BE%20%E3%82%B9%E3%83%91%E3%82%A4%E3%83%A9%E3%83%AB%E3%83%BB%E3%82%A2%E3%83%B3%E3%83%89%E3%83%BB%E3%82%AB%E3%83%B3%E3%83%91%E3%83%8B%E3%83%BC&areaword=%E6%9D%B1%E4%BA%AC%E9%83%BD&sort=01&sbmap=false
株式会社 キーワーズ・インターナショナル,東京都,https://www.green-japan.com/job/113031,https://itp.ne.jp/keyword/?keyword=%E6%A0%AA%E5%BC%8F%E4%BC%9A%E7%A4%BE%20%E3%82%AD%E3%83%BC%E3%83%AF%E3%83%BC%E3%82%BA%E3%83%BB%E3%82%A4%E3%83%B3%E3%82%BF%E3%83%BC%E3%83%8A%E3%82%B7%E3%83%A7%E3%83%8A%E3%83%AB&areaword=%E6%9D%B1%E4%BA%AC%E9%83%BD&sort=01&sbmap=false
ココネ 株式会社,東京都,https://www.green-japan.com/job/94923,https://itp.ne.jp/keyword/?keyword=%E3%82%B3%E3%82%B3%E3%83%8D%20%E6%A0%AA%E5%BC%8F%E4%BC%9A%E7%A4%BE&areaword=%E6%9D%B1%E4%BA%AC%E9%83%BD&sort=01&sbmap=false
株式会社 スマートウィル,東京都,https://www.green-japan.com/job/48703,https://itp.ne.jp/keyword/?keyword=%E6%A0%AA%E5%BC%8F%E4%BC%9A%E7%A4%BE%20%E3%82%B9%E3%83%9E%E3%83%BC%E3%83%88%E3%82%A6%E3%82%A3%E3%83%AB&areaword=%E6%9D%B1%E4%BA%AC%E9%83%BD&sort=01&sbmap=false
ハーバーハウス 株式会社,新潟県，長野県,https://www.green-japan.com/job/56559,https://itp.ne.jp/keyword/?keyword=%E3%83%8F%E3%83%BC%E3%83%90%E3%83%BC%E3%83%8F%E3%82%A6%E3%82%B9%20%E6%A0%AA%E5%BC%8F%E4%BC%9A%E7%A4%BE&areaword=%E6%96%B0%E6%BD%9F%E7%9C%8C%EF%BC%8C%E9%95%B7%E9%87%8E%E7%9C%8C&sort=01&sbmap=false
レバレジーズ 株式会社,東京都,https://www.green-japan.com/job/94527,https://itp.ne.jp/keyword/?keyword=%E3%83%AC%E3%83%90%E3%83%AC%E3%82%B8%E3%83%BC%E3%82%BA%20%E6%A0%AA%E5%BC%8F%E4%BC%9A%E7%A4%BE&areaword=%E6%9D%B1%E4%BA%AC%E9%83%BD&sort=01&sbmap=false
株式会社 Live2D,東京都,https://www.green-japan.com/job/95616,https://itp.ne.jp/keyword/?keyword=%E6%A0%AA%E5%BC%8F%E4%BC%9A%E7%A4%BE%20Live2D&areaword=%E6%9D%B1%E4%BA%AC%E9%83%BD&sort=01&sbmap=false
株式会社 アーキ・ジャパン,北海道，京都府，兵庫県,https://www.green-japan.com/job/87238,https://itp.ne.jp/keyword/?keyword=%E6%A0%AA%E5%BC%8F%E4%BC%9A%E7%A4%BE%20%E3%82%A2%E3%83%BC%E3%82%AD%E3%83%BB%E3%82%B8%E3%83%A3%E3%83%91%E3%83%B3&areaword=%E5%8C%97%E6%B5%B7%E9%81%93%EF%BC%8C%E4%BA%AC%E9%83%BD%E5%BA%9C%EF%BC%8C%E5%85%B5%E5%BA%AB%E7%9C%8C&sort=01&sbmap=false
株式会社 クレスティア,東京都,https://www.green-japan.com/job/85674,https://itp.ne.jp/keyword/?keyword=%E6%A0%AA%E5%BC%8F%E4%BC%9A%E7%A4%BE%20%E3%82%AF%E3%83%AC%E3%82%B9%E3%83%86%E3%82%A3%E3%82%A2&areaword=%E6%9D%B1%E4%BA%AC%E9%83%BD&sort=01&sbmap=false
医療法人社団 永,東京都,https://www.green-japan.com/job/111118,https://itp.ne.jp/keyword/?keyword=%E5%8C%BB%E7%99%82%E6%B3%95%E4%BA%BA%E7%A4%BE%E5%9B%A3%20%E6%B0%B8&areaword=%E6%9D%B1%E4%BA%AC%E9%83%BD&sort=01&sbmap=false
株式会社 アクアリング,愛知県,https://www.green-japan.com/job/97851,https://itp.ne.jp/keyword/?keyword=%E6%A0%AA%E5%BC%8F%E4%BC%9A%E7%A4%BE%20%E3%82%A2%E3%82%AF%E3%82%A2%E3%83%AA%E3%83%B3%E3%82%B0&areaword=%E6%84%9B%E7%9F%A5%E7%9C%8C&sort=01&sbmap=false
株式会社 LegalForce,東京都,https://www.green-japan.com/job/101758,https://itp.ne.jp/keyword/?keyword=%E6%A0%AA%E5%BC%8F%E4%BC%9A%E7%A4%BE%20LegalForce&areaword=%E6%9D%B1%E4%BA%AC%E9%83%BD&sort=01&sbmap=false
株式会社 創新ラボ,東京都,https://www.green-japan.com/job/88312,https://itp.ne.jp/keyword/?keyword=%E6%A0%AA%E5%BC%8F%E4%BC%9A%E7%A4%BE%20%E5%89%B5%E6%96%B0%E3%83%A9%E3%83%9C&areaword=%E6%9D%B1%E4%BA%AC%E9%83%BD&sort=01&sbmap=false
グロフィールド 株式会社,福井県,https://www.green-japan.com/job/103707,https://itp.ne.jp/keyword/?keyword=%E3%82%B0%E3%83%AD%E3%83%95%E3%82%A3%E3%83%BC%E3%83%AB%E3%83%89%20%E6%A0%AA%E5%BC%8F%E4%BC%9A%E7%A4%BE&areaword=%E7%A6%8F%E4%BA%95%E7%9C%8C&sort=01&sbmap=false
有限会社 ハッピー・ライフ,京都府,https://www.green-japan.com/job/86265,https://itp.ne.jp/keyword/?keyword=%E6%9C%89%E9%99%90%E4%BC%9A%E7%A4%BE%20%E3%83%8F%E3%83%83%E3%83%94%E3%83%BC%E3%83%BB%E3%83%A9%E3%82%A4%E3%83%95&areaword=%E4%BA%AC%E9%83%BD%E5%BA%9C&sort=01&sbmap=false
株式会社 ドウシシャ,東京都,https://www.green-japan.com/job/85656,https://itp.ne.jp/keyword/?keyword=%E6%A0%AA%E5%BC%8F%E4%BC%9A%E7%A4%BE%20%E3%83%89%E3%82%A6%E3%82%B7%E3%82%B7%E3%83%A3&areaword=%E6%9D%B1%E4%BA%AC%E9%83%BD&sort=01&sbmap=false
株式会社 エナスピレーション,東京都,https://www.green-japan.com/job/111040,https://itp.ne.jp/keyword/?keyword=%E6%A0%AA%E5%BC%8F%E4%BC%9A%E7%A4%BE%20%E3%82%A8%E3%83%8A%E3%82%B9%E3%83%94%E3%83%AC%E3%83%BC%E3%82%B7%E3%83%A7%E3%83%B3&areaword=%E6%9D%B1%E4%BA%AC%E9%83%BD&sort=01&sbmap=false
株式会社 エレメント,北海道,https://www.green-japan.com/job/51241,https://itp.ne.jp/keyword/?keyword=%E6%A0%AA%E5%BC%8F%E4%BC%9A%E7%A4%BE%20%E3%82%A8%E3%83%AC%E3%83%A1%E3%83%B3%E3%83%88&areaword=%E5%8C%97%E6%B5%B7%E9%81%93&sort=01&sbmap=false
SB C&S株式会社,東京都,https://www.green-japan.com/job/113922,https://itp.ne.jp/keyword/?keyword=SB%20C%26S%E6%A0%AA%E5%BC%8F%E4%BC%9A%E7%A4%BE&areaword=%E6%9D%B1%E4%BA%AC%E9%83%BD&sort=01&sbmap=false
株式会社 すこやか工房,福岡県,https://www.green-japan.com/job/102899,https://itp.ne.jp/keyword/?keyword=%E6%A0%AA%E5%BC%8F%E4%BC%9A%E7%A4%BE%20%E3%81%99%E3%81%93%E3%82%84%E3%81%8B%E5%B7%A5%E6%88%BF&areaword=%E7%A6%8F%E5%B2%A1%E7%9C%8C&sort=01&sbmap=false
株式会社 マジックウェイ,東京都,https://www.green-japan.com/job/43008,https://itp.ne.jp/keyword/?keyword=%E6%A0%AA%E5%BC%8F%E4%BC%9A%E7%A4%BE%20%E3%83%9E%E3%82%B8%E3%83%83%E3%82%AF%E3%82%A6%E3%82%A7%E3%82%A4&areaword=%E6%9D%B1%E4%BA%AC%E9%83%BD&sort=01&sbmap=false
