株式会社 BTM,東京都,https://www.green-japan.com/job/86830,https://itp.ne.jp/keyword/?keyword=%E6%A0%AA%E5%BC%8F%E4%BC%9A%E7%A4%BE%20BTM&areaword=%E6%9D%B1%E4%BA%AC%E9%83%BD&sort=01&sbmap=false
s1_name,s3_location,s2_a_url,https://itp.ne.jp/keyword/?keyword=s1_name&areaword=s3_location&sort=01&sbmap=false
株式会社 Progate,東京都,https://www.green-japan.com/job/115484,https://itp.ne.jp/keyword/?keyword=%E6%A0%AA%E5%BC%8F%E4%BC%9A%E7%A4%BE%20Progate&areaword=%E6%9D%B1%E4%BA%AC%E9%83%BD&sort=01&sbmap=false
株式会社 サイトビジット,東京都,https://www.green-japan.com/job/115397,https://itp.ne.jp/keyword/?keyword=%E6%A0%AA%E5%BC%8F%E4%BC%9A%E7%A4%BE%20%E3%82%B5%E3%82%A4%E3%83%88%E3%83%93%E3%82%B8%E3%83%83%E3%83%88&areaword=%E6%9D%B1%E4%BA%AC%E9%83%BD&sort=01&sbmap=false
株式会社 エドリッジ,東京都,https://www.green-japan.com/job/113187,https://itp.ne.jp/keyword/?keyword=%E6%A0%AA%E5%BC%8F%E4%BC%9A%E7%A4%BE%20%E3%82%A8%E3%83%89%E3%83%AA%E3%83%83%E3%82%B8&areaword=%E6%9D%B1%E4%BA%AC%E9%83%BD&sort=01&sbmap=false
note 株式会社,東京都,https://www.green-japan.com/job/114965,https://itp.ne.jp/keyword/?keyword=note%20%E6%A0%AA%E5%BC%8F%E4%BC%9A%E7%A4%BE&areaword=%E6%9D%B1%E4%BA%AC%E9%83%BD&sort=01&sbmap=false
株式会社 TENTIAL,東京都,https://www.green-japan.com/job/115316,https://itp.ne.jp/keyword/?keyword=%E6%A0%AA%E5%BC%8F%E4%BC%9A%E7%A4%BE%20TENTIAL&areaword=%E6%9D%B1%E4%BA%AC%E9%83%BD&sort=01&sbmap=false
auコマース&ライフ 株式会社,東京都,https://www.green-japan.com/job/116022,https://itp.ne.jp/keyword/?keyword=au%E3%82%B3%E3%83%9E%E3%83%BC%E3%82%B9%26%E3%83%A9%E3%82%A4%E3%83%95%20%E6%A0%AA%E5%BC%8F%E4%BC%9A%E7%A4%BE&areaword=%E6%9D%B1%E4%BA%AC%E9%83%BD&sort=01&sbmap=false
株式会社 レアジョブ,東京都,https://www.green-japan.com/job/90637,https://itp.ne.jp/keyword/?keyword=%E6%A0%AA%E5%BC%8F%E4%BC%9A%E7%A4%BE%20%E3%83%AC%E3%82%A2%E3%82%B8%E3%83%A7%E3%83%96&areaword=%E6%9D%B1%E4%BA%AC%E9%83%BD&sort=01&sbmap=false
Tres Innovation 株式会社,東京都,https://www.green-japan.com/job/115826,https://itp.ne.jp/keyword/?keyword=Tres%20Innovation%20%E6%A0%AA%E5%BC%8F%E4%BC%9A%E7%A4%BE&areaword=%E6%9D%B1%E4%BA%AC%E9%83%BD&sort=01&sbmap=false
dely 株式会社,東京都,https://www.green-japan.com/job/114894,https://itp.ne.jp/keyword/?keyword=dely%20%E6%A0%AA%E5%BC%8F%E4%BC%9A%E7%A4%BE&areaword=%E6%9D%B1%E4%BA%AC%E9%83%BD&sort=01&sbmap=false
ディップ 株式会社,東京都,https://www.green-japan.com/job/115256,https://itp.ne.jp/keyword/?keyword=%E3%83%87%E3%82%A3%E3%83%83%E3%83%97%20%E6%A0%AA%E5%BC%8F%E4%BC%9A%E7%A4%BE&areaword=%E6%9D%B1%E4%BA%AC%E9%83%BD&sort=01&sbmap=false
ナイル 株式会社,東京都,https://www.green-japan.com/job/106402,https://itp.ne.jp/keyword/?keyword=%E3%83%8A%E3%82%A4%E3%83%AB%20%E6%A0%AA%E5%BC%8F%E4%BC%9A%E7%A4%BE&areaword=%E6%9D%B1%E4%BA%AC%E9%83%BD&sort=01&sbmap=false
CAPS 株式会社,東京都,https://www.green-japan.com/job/116020,https://itp.ne.jp/keyword/?keyword=CAPS%20%E6%A0%AA%E5%BC%8F%E4%BC%9A%E7%A4%BE&areaword=%E6%9D%B1%E4%BA%AC%E9%83%BD&sort=01&sbmap=false
株式会社 カラダノート,東京都,https://www.green-japan.com/job/115306,https://itp.ne.jp/keyword/?keyword=%E6%A0%AA%E5%BC%8F%E4%BC%9A%E7%A4%BE%20%E3%82%AB%E3%83%A9%E3%83%80%E3%83%8E%E3%83%BC%E3%83%88&areaword=%E6%9D%B1%E4%BA%AC%E9%83%BD&sort=01&sbmap=false
monoAI technology 株式会社,東京都,https://www.green-japan.com/job/116094,https://itp.ne.jp/keyword/?keyword=monoAI%20technology%20%E6%A0%AA%E5%BC%8F%E4%BC%9A%E7%A4%BE&areaword=%E6%9D%B1%E4%BA%AC%E9%83%BD&sort=01&sbmap=false
株式会社 Voicy,東京都,https://www.green-japan.com/job/116235,https://itp.ne.jp/keyword/?keyword=%E6%A0%AA%E5%BC%8F%E4%BC%9A%E7%A4%BE%20Voicy&areaword=%E6%9D%B1%E4%BA%AC%E9%83%BD&sort=01&sbmap=false
株式会社 Stock,東京都,https://www.green-japan.com/job/106817,https://itp.ne.jp/keyword/?keyword=%E6%A0%AA%E5%BC%8F%E4%BC%9A%E7%A4%BE%20Stock&areaword=%E6%9D%B1%E4%BA%AC%E9%83%BD&sort=01&sbmap=false
Crevo 株式会社,東京都,https://www.green-japan.com/job/78156,https://itp.ne.jp/keyword/?keyword=Crevo%20%E6%A0%AA%E5%BC%8F%E4%BC%9A%E7%A4%BE&areaword=%E6%9D%B1%E4%BA%AC%E9%83%BD&sort=01&sbmap=false
FACTO PTE. LTD. ,東京都，全国，海外,https://www.green-japan.com/job/77436,https://itp.ne.jp/keyword/?keyword=FACTO%20PTE.%20LTD.%20&areaword=%E6%9D%B1%E4%BA%AC%E9%83%BD%EF%BC%8C%E5%85%A8%E5%9B%BD%EF%BC%8C%E6%B5%B7%E5%A4%96&sort=01&sbmap=false
株式会社 ネクストビート,東京都,https://www.green-japan.com/job/115865,https://itp.ne.jp/keyword/?keyword=%E6%A0%AA%E5%BC%8F%E4%BC%9A%E7%A4%BE%20%E3%83%8D%E3%82%AF%E3%82%B9%E3%83%88%E3%83%93%E3%83%BC%E3%83%88&areaword=%E6%9D%B1%E4%BA%AC%E9%83%BD&sort=01&sbmap=false
株式会社 ビットエー,東京都,https://www.green-japan.com/job/111202,https://itp.ne.jp/keyword/?keyword=%E6%A0%AA%E5%BC%8F%E4%BC%9A%E7%A4%BE%20%E3%83%93%E3%83%83%E3%83%88%E3%82%A8%E3%83%BC&areaword=%E6%9D%B1%E4%BA%AC%E9%83%BD&sort=01&sbmap=false
ソフトブレーン 株式会社,東京都,https://www.green-japan.com/job/115877,https://itp.ne.jp/keyword/?keyword=%E3%82%BD%E3%83%95%E3%83%88%E3%83%96%E3%83%AC%E3%83%BC%E3%83%B3%20%E6%A0%AA%E5%BC%8F%E4%BC%9A%E7%A4%BE&areaword=%E6%9D%B1%E4%BA%AC%E9%83%BD&sort=01&sbmap=false
株式会社 Groony,北海道，青森県，岩手県，宮城県，秋田県，山形県，福島県，茨城県，栃木県，群馬県，埼玉県，千葉県，東京都，神奈川県，新潟県，富山県，石川県，福井県，山梨県，長野県，岐阜県，静岡県，愛知県，三重県，滋賀県，京都府，大阪府，兵庫県，奈良県，和歌山県，鳥取県，島根県，岡山県，広島県，山口県，徳島県，香川県，愛媛県，高知県，福岡県，佐賀県，長崎県，熊本県，大分県，宮崎県，鹿児島県，沖縄県，全国，海外,https://www.green-japan.com/job/115458,https://itp.ne.jp/keyword/?keyword=%E6%A0%AA%E5%BC%8F%E4%BC%9A%E7%A4%BE%20Groony&areaword=%E5%8C%97%E6%B5%B7%E9%81%93%EF%BC%8C%E9%9D%92%E6%A3%AE%E7%9C%8C%EF%BC%8C%E5%B2%A9%E6%89%8B%E7%9C%8C%EF%BC%8C%E5%AE%AE%E5%9F%8E%E7%9C%8C%EF%BC%8C%E7%A7%8B%E7%94%B0%E7%9C%8C%EF%BC%8C%E5%B1%B1%E5%BD%A2%E7%9C%8C%EF%BC%8C%E7%A6%8F%E5%B3%B6%E7%9C%8C%EF%BC%8C%E8%8C%A8%E5%9F%8E%E7%9C%8C%EF%BC%8C%E6%A0%83%E6%9C%A8%E7%9C%8C%EF%BC%8C%E7%BE%A4%E9%A6%AC%E7%9C%8C%EF%BC%8C%E5%9F%BC%E7%8E%89%E7%9C%8C%EF%BC%8C%E5%8D%83%E8%91%89%E7%9C%8C%EF%BC%8C%E6%9D%B1%E4%BA%AC%E9%83%BD%EF%BC%8C%E7%A5%9E%E5%A5%88%E5%B7%9D%E7%9C%8C%EF%BC%8C%E6%96%B0%E6%BD%9F%E7%9C%8C%EF%BC%8C%E5%AF%8C%E5%B1%B1%E7%9C%8C%EF%BC%8C%E7%9F%B3%E5%B7%9D%E7%9C%8C%EF%BC%8C%E7%A6%8F%E4%BA%95%E7%9C%8C%EF%BC%8C%E5%B1%B1%E6%A2%A8%E7%9C%8C%EF%BC%8C%E9%95%B7%E9%87%8E%E7%9C%8C%EF%BC%8C%E5%B2%90%E9%98%9C%E7%9C%8C%EF%BC%8C%E9%9D%99%E5%B2%A1%E7%9C%8C%EF%BC%8C%E6%84%9B%E7%9F%A5%E7%9C%8C%EF%BC%8C%E4%B8%89%E9%87%8D%E7%9C%8C%EF%BC%8C%E6%BB%8B%E8%B3%80%E7%9C%8C%EF%BC%8C%E4%BA%AC%E9%83%BD%E5%BA%9C%EF%BC%8C%E5%A4%A7%E9%98%AA%E5%BA%9C%EF%BC%8C%E5%85%B5%E5%BA%AB%E7%9C%8C%EF%BC%8C%E5%A5%88%E8%89%AF%E7%9C%8C%EF%BC%8C%E5%92%8C%E6%AD%8C%E5%B1%B1%E7%9C%8C%EF%BC%8C%E9%B3%A5%E5%8F%96%E7%9C%8C%EF%BC%8C%E5%B3%B6%E6%A0%B9%E7%9C%8C%EF%BC%8C%E5%B2%A1%E5%B1%B1%E7%9C%8C%EF%BC%8C%E5%BA%83%E5%B3%B6%E7%9C%8C%EF%BC%8C%E5%B1%B1%E5%8F%A3%E7%9C%8C%EF%BC%8C%E5%BE%B3%E5%B3%B6%E7%9C%8C%EF%BC%8C%E9%A6%99%E5%B7%9D%E7%9C%8C%EF%BC%8C%E6%84%9B%E5%AA%9B%E7%9C%8C%EF%BC%8C%E9%AB%98%E7%9F%A5%E7%9C%8C%EF%BC%8C%E7%A6%8F%E5%B2%A1%E7%9C%8C%EF%BC%8C%E4%BD%90%E8%B3%80%E7%9C%8C%EF%BC%8C%E9%95%B7%E5%B4%8E%E7%9C%8C%EF%BC%8C%E7%86%8A%E6%9C%AC%E7%9C%8C%EF%BC%8C%E5%A4%A7%E5%88%86%E7%9C%8C%EF%BC%8C%E5%AE%AE%E5%B4%8E%E7%9C%8C%EF%BC%8C%E9%B9%BF%E5%85%90%E5%B3%B6%E7%9C%8C%EF%BC%8C%E6%B2%96%E7%B8%84%E7%9C%8C%EF%BC%8C%E5%85%A8%E5%9B%BD%EF%BC%8C%E6%B5%B7%E5%A4%96&sort=01&sbmap=false
株式会社 NextNinja,東京都,https://www.green-japan.com/job/115924,https://itp.ne.jp/keyword/?keyword=%E6%A0%AA%E5%BC%8F%E4%BC%9A%E7%A4%BE%20NextNinja&areaword=%E6%9D%B1%E4%BA%AC%E9%83%BD&sort=01&sbmap=false
株式会社 フライウィール,東京都,https://www.green-japan.com/job/94405,https://itp.ne.jp/keyword/?keyword=%E6%A0%AA%E5%BC%8F%E4%BC%9A%E7%A4%BE%20%E3%83%95%E3%83%A9%E3%82%A4%E3%82%A6%E3%82%A3%E3%83%BC%E3%83%AB&areaword=%E6%9D%B1%E4%BA%AC%E9%83%BD&sort=01&sbmap=false
株式会社 ランチェスター,東京都,https://www.green-japan.com/job/115246,https://itp.ne.jp/keyword/?keyword=%E6%A0%AA%E5%BC%8F%E4%BC%9A%E7%A4%BE%20%E3%83%A9%E3%83%B3%E3%83%81%E3%82%A7%E3%82%B9%E3%82%BF%E3%83%BC&areaword=%E6%9D%B1%E4%BA%AC%E9%83%BD&sort=01&sbmap=false
株式会社 イープラス,東京都,https://www.green-japan.com/job/115836,https://itp.ne.jp/keyword/?keyword=%E6%A0%AA%E5%BC%8F%E4%BC%9A%E7%A4%BE%20%E3%82%A4%E3%83%BC%E3%83%97%E3%83%A9%E3%82%B9&areaword=%E6%9D%B1%E4%BA%AC%E9%83%BD&sort=01&sbmap=false
株式会社 FIXER,東京都,https://www.green-japan.com/job/104633,https://itp.ne.jp/keyword/?keyword=%E6%A0%AA%E5%BC%8F%E4%BC%9A%E7%A4%BE%20FIXER&areaword=%E6%9D%B1%E4%BA%AC%E9%83%BD&sort=01&sbmap=false
ラクスル 株式会社,東京都,https://www.green-japan.com/job/72428,https://itp.ne.jp/keyword/?keyword=%E3%83%A9%E3%82%AF%E3%82%B9%E3%83%AB%20%E6%A0%AA%E5%BC%8F%E4%BC%9A%E7%A4%BE&areaword=%E6%9D%B1%E4%BA%AC%E9%83%BD&sort=01&sbmap=false
株式会社 ビジネス アソシエイツ,東京都，大阪府,https://www.green-japan.com/job/85485,https://itp.ne.jp/keyword/?keyword=%E6%A0%AA%E5%BC%8F%E4%BC%9A%E7%A4%BE%20%E3%83%93%E3%82%B8%E3%83%8D%E3%82%B9%20%E3%82%A2%E3%82%BD%E3%82%B7%E3%82%A8%E3%82%A4%E3%83%84&areaword=%E6%9D%B1%E4%BA%AC%E9%83%BD%EF%BC%8C%E5%A4%A7%E9%98%AA%E5%BA%9C&sort=01&sbmap=false
スターフィールド 株式会社,東京都,https://www.green-japan.com/job/107541,https://itp.ne.jp/keyword/?keyword=%E3%82%B9%E3%82%BF%E3%83%BC%E3%83%95%E3%82%A3%E3%83%BC%E3%83%AB%E3%83%89%20%E6%A0%AA%E5%BC%8F%E4%BC%9A%E7%A4%BE&areaword=%E6%9D%B1%E4%BA%AC%E9%83%BD&sort=01&sbmap=false
テラスマイル 株式会社,宮崎県,https://www.green-japan.com/job/116299,https://itp.ne.jp/keyword/?keyword=%E3%83%86%E3%83%A9%E3%82%B9%E3%83%9E%E3%82%A4%E3%83%AB%20%E6%A0%AA%E5%BC%8F%E4%BC%9A%E7%A4%BE&areaword=%E5%AE%AE%E5%B4%8E%E7%9C%8C&sort=01&sbmap=false
株式会社 Rebase,東京都,https://www.green-japan.com/job/114418,https://itp.ne.jp/keyword/?keyword=%E6%A0%AA%E5%BC%8F%E4%BC%9A%E7%A4%BE%20Rebase&areaword=%E6%9D%B1%E4%BA%AC%E9%83%BD&sort=01&sbmap=false
株式会社 Crunch Style,東京都,https://www.green-japan.com/job/116086,https://itp.ne.jp/keyword/?keyword=%E6%A0%AA%E5%BC%8F%E4%BC%9A%E7%A4%BE%20Crunch%20Style&areaword=%E6%9D%B1%E4%BA%AC%E9%83%BD&sort=01&sbmap=false
株式会社 グローマス,東京都,https://www.green-japan.com/job/113432,https://itp.ne.jp/keyword/?keyword=%E6%A0%AA%E5%BC%8F%E4%BC%9A%E7%A4%BE%20%E3%82%B0%E3%83%AD%E3%83%BC%E3%83%9E%E3%82%B9&areaword=%E6%9D%B1%E4%BA%AC%E9%83%BD&sort=01&sbmap=false
株式会社 インフキュリオン,東京都,https://www.green-japan.com/job/94097,https://itp.ne.jp/keyword/?keyword=%E6%A0%AA%E5%BC%8F%E4%BC%9A%E7%A4%BE%20%E3%82%A4%E3%83%B3%E3%83%95%E3%82%AD%E3%83%A5%E3%83%AA%E3%82%AA%E3%83%B3&areaword=%E6%9D%B1%E4%BA%AC%E9%83%BD&sort=01&sbmap=false
株式会社 タイズ,大阪府,https://www.green-japan.com/job/113692,https://itp.ne.jp/keyword/?keyword=%E6%A0%AA%E5%BC%8F%E4%BC%9A%E7%A4%BE%20%E3%82%BF%E3%82%A4%E3%82%BA&areaword=%E5%A4%A7%E9%98%AA%E5%BA%9C&sort=01&sbmap=false
株式会社 STANDARD,東京都,https://www.green-japan.com/job/104376,https://itp.ne.jp/keyword/?keyword=%E6%A0%AA%E5%BC%8F%E4%BC%9A%E7%A4%BE%20STANDARD&areaword=%E6%9D%B1%E4%BA%AC%E9%83%BD&sort=01&sbmap=false
株式会社 DeNA SOMPO Mobility,東京都,https://www.green-japan.com/job/114273,https://itp.ne.jp/keyword/?keyword=%E6%A0%AA%E5%BC%8F%E4%BC%9A%E7%A4%BE%20DeNA%20SOMPO%20Mobility&areaword=%E6%9D%B1%E4%BA%AC%E9%83%BD&sort=01&sbmap=false
ちゅくる 株式会社,東京都，全国，海外,https://www.green-japan.com/job/116214,https://itp.ne.jp/keyword/?keyword=%E3%81%A1%E3%82%85%E3%81%8F%E3%82%8B%20%E6%A0%AA%E5%BC%8F%E4%BC%9A%E7%A4%BE&areaword=%E6%9D%B1%E4%BA%AC%E9%83%BD%EF%BC%8C%E5%85%A8%E5%9B%BD%EF%BC%8C%E6%B5%B7%E5%A4%96&sort=01&sbmap=false
Mikatus 株式会社,東京都,https://www.green-japan.com/job/92034,https://itp.ne.jp/keyword/?keyword=Mikatus%20%E6%A0%AA%E5%BC%8F%E4%BC%9A%E7%A4%BE&areaword=%E6%9D%B1%E4%BA%AC%E9%83%BD&sort=01&sbmap=false
株式会社 EXIDEA,東京都,https://www.green-japan.com/job/113712,https://itp.ne.jp/keyword/?keyword=%E6%A0%AA%E5%BC%8F%E4%BC%9A%E7%A4%BE%20EXIDEA&areaword=%E6%9D%B1%E4%BA%AC%E9%83%BD&sort=01&sbmap=false
株式会社 セレス,東京都,https://www.green-japan.com/job/115729,https://itp.ne.jp/keyword/?keyword=%E6%A0%AA%E5%BC%8F%E4%BC%9A%E7%A4%BE%20%E3%82%BB%E3%83%AC%E3%82%B9&areaword=%E6%9D%B1%E4%BA%AC%E9%83%BD&sort=01&sbmap=false
Baseconnect 株式会社,京都府,https://www.green-japan.com/job/115077,https://itp.ne.jp/keyword/?keyword=Baseconnect%20%E6%A0%AA%E5%BC%8F%E4%BC%9A%E7%A4%BE&areaword=%E4%BA%AC%E9%83%BD%E5%BA%9C&sort=01&sbmap=false
株式会社 マクロミル,東京都,https://www.green-japan.com/job/30118,https://itp.ne.jp/keyword/?keyword=%E6%A0%AA%E5%BC%8F%E4%BC%9A%E7%A4%BE%20%E3%83%9E%E3%82%AF%E3%83%AD%E3%83%9F%E3%83%AB&areaword=%E6%9D%B1%E4%BA%AC%E9%83%BD&sort=01&sbmap=false
株式会社 TAPP,東京都,https://www.green-japan.com/job/110721,https://itp.ne.jp/keyword/?keyword=%E6%A0%AA%E5%BC%8F%E4%BC%9A%E7%A4%BE%20TAPP&areaword=%E6%9D%B1%E4%BA%AC%E9%83%BD&sort=01&sbmap=false
株式会社 ネットオン,大阪府,https://www.green-japan.com/job/113535,https://itp.ne.jp/keyword/?keyword=%E6%A0%AA%E5%BC%8F%E4%BC%9A%E7%A4%BE%20%E3%83%8D%E3%83%83%E3%83%88%E3%82%AA%E3%83%B3&areaword=%E5%A4%A7%E9%98%AA%E5%BA%9C&sort=01&sbmap=false
株式会社 インクル,東京都,https://www.green-japan.com/job/116016,https://itp.ne.jp/keyword/?keyword=%E6%A0%AA%E5%BC%8F%E4%BC%9A%E7%A4%BE%20%E3%82%A4%E3%83%B3%E3%82%AF%E3%83%AB&areaword=%E6%9D%B1%E4%BA%AC%E9%83%BD&sort=01&sbmap=false
株式会社 テクノモバイル,東京都,https://www.green-japan.com/job/90580,https://itp.ne.jp/keyword/?keyword=%E6%A0%AA%E5%BC%8F%E4%BC%9A%E7%A4%BE%20%E3%83%86%E3%82%AF%E3%83%8E%E3%83%A2%E3%83%90%E3%82%A4%E3%83%AB&areaword=%E6%9D%B1%E4%BA%AC%E9%83%BD&sort=01&sbmap=false
コグラフ 株式会社,東京都,https://www.green-japan.com/job/102932,https://itp.ne.jp/keyword/?keyword=%E3%82%B3%E3%82%B0%E3%83%A9%E3%83%95%20%E6%A0%AA%E5%BC%8F%E4%BC%9A%E7%A4%BE&areaword=%E6%9D%B1%E4%BA%AC%E9%83%BD&sort=01&sbmap=false
株式会社 チュートリアル,東京都,https://www.green-japan.com/job/115502,https://itp.ne.jp/keyword/?keyword=%E6%A0%AA%E5%BC%8F%E4%BC%9A%E7%A4%BE%20%E3%83%81%E3%83%A5%E3%83%BC%E3%83%88%E3%83%AA%E3%82%A2%E3%83%AB&areaword=%E6%9D%B1%E4%BA%AC%E9%83%BD&sort=01&sbmap=false
17LIVE 株式会社,東京都,https://www.green-japan.com/job/110784,https://itp.ne.jp/keyword/?keyword=17LIVE%20%E6%A0%AA%E5%BC%8F%E4%BC%9A%E7%A4%BE&areaword=%E6%9D%B1%E4%BA%AC%E9%83%BD&sort=01&sbmap=false
株式会社 トレタ,東京都,https://www.green-japan.com/job/113373,https://itp.ne.jp/keyword/?keyword=%E6%A0%AA%E5%BC%8F%E4%BC%9A%E7%A4%BE%20%E3%83%88%E3%83%AC%E3%82%BF&areaword=%E6%9D%B1%E4%BA%AC%E9%83%BD&sort=01&sbmap=false
株式会社 まぐまぐ,東京都,https://www.green-japan.com/job/81155,https://itp.ne.jp/keyword/?keyword=%E6%A0%AA%E5%BC%8F%E4%BC%9A%E7%A4%BE%20%E3%81%BE%E3%81%90%E3%81%BE%E3%81%90&areaword=%E6%9D%B1%E4%BA%AC%E9%83%BD&sort=01&sbmap=false
株式会社 サイバー・バズ,東京都,https://www.green-japan.com/job/41277,https://itp.ne.jp/keyword/?keyword=%E6%A0%AA%E5%BC%8F%E4%BC%9A%E7%A4%BE%20%E3%82%B5%E3%82%A4%E3%83%90%E3%83%BC%E3%83%BB%E3%83%90%E3%82%BA&areaword=%E6%9D%B1%E4%BA%AC%E9%83%BD&sort=01&sbmap=false
株式会社 アクセルエンターメディア,東京都,https://www.green-japan.com/job/106278,https://itp.ne.jp/keyword/?keyword=%E6%A0%AA%E5%BC%8F%E4%BC%9A%E7%A4%BE%20%E3%82%A2%E3%82%AF%E3%82%BB%E3%83%AB%E3%82%A8%E3%83%B3%E3%82%BF%E3%83%BC%E3%83%A1%E3%83%87%E3%82%A3%E3%82%A2&areaword=%E6%9D%B1%E4%BA%AC%E9%83%BD&sort=01&sbmap=false
SO Technologies 株式会社,東京都，全国,https://www.green-japan.com/job/115284,https://itp.ne.jp/keyword/?keyword=SO%20Technologies%20%E6%A0%AA%E5%BC%8F%E4%BC%9A%E7%A4%BE&areaword=%E6%9D%B1%E4%BA%AC%E9%83%BD%EF%BC%8C%E5%85%A8%E5%9B%BD&sort=01&sbmap=false
株式会社 ペライチ,東京都,https://www.green-japan.com/job/112495,https://itp.ne.jp/keyword/?keyword=%E6%A0%AA%E5%BC%8F%E4%BC%9A%E7%A4%BE%20%E3%83%9A%E3%83%A9%E3%82%A4%E3%83%81&areaword=%E6%9D%B1%E4%BA%AC%E9%83%BD&sort=01&sbmap=false
株式会社 HROTTI,東京都,https://www.green-japan.com/job/114141,https://itp.ne.jp/keyword/?keyword=%E6%A0%AA%E5%BC%8F%E4%BC%9A%E7%A4%BE%20HROTTI&areaword=%E6%9D%B1%E4%BA%AC%E9%83%BD&sort=01&sbmap=false
株式会社 イングリウッド ,東京都,https://www.green-japan.com/job/111303,https://itp.ne.jp/keyword/?keyword=%E6%A0%AA%E5%BC%8F%E4%BC%9A%E7%A4%BE%20%E3%82%A4%E3%83%B3%E3%82%B0%E3%83%AA%E3%82%A6%E3%83%83%E3%83%89%20&areaword=%E6%9D%B1%E4%BA%AC%E9%83%BD&sort=01&sbmap=false
アクセンチュア 株式会社,東京都，大阪府,https://www.green-japan.com/job/70249,https://itp.ne.jp/keyword/?keyword=%E3%82%A2%E3%82%AF%E3%82%BB%E3%83%B3%E3%83%81%E3%83%A5%E3%82%A2%20%E6%A0%AA%E5%BC%8F%E4%BC%9A%E7%A4%BE&areaword=%E6%9D%B1%E4%BA%AC%E9%83%BD%EF%BC%8C%E5%A4%A7%E9%98%AA%E5%BA%9C&sort=01&sbmap=false
CROOZ EC Partners 株式会社,東京都,https://www.green-japan.com/job/101507,https://itp.ne.jp/keyword/?keyword=CROOZ%20EC%20Partners%20%E6%A0%AA%E5%BC%8F%E4%BC%9A%E7%A4%BE&areaword=%E6%9D%B1%E4%BA%AC%E9%83%BD&sort=01&sbmap=false
株式会社 スペースマーケット,東京都,https://www.green-japan.com/job/113555,https://itp.ne.jp/keyword/?keyword=%E6%A0%AA%E5%BC%8F%E4%BC%9A%E7%A4%BE%20%E3%82%B9%E3%83%9A%E3%83%BC%E3%82%B9%E3%83%9E%E3%83%BC%E3%82%B1%E3%83%83%E3%83%88&areaword=%E6%9D%B1%E4%BA%AC%E9%83%BD&sort=01&sbmap=false
株式会社 リジョブ,東京都,https://www.green-japan.com/job/106232,https://itp.ne.jp/keyword/?keyword=%E6%A0%AA%E5%BC%8F%E4%BC%9A%E7%A4%BE%20%E3%83%AA%E3%82%B8%E3%83%A7%E3%83%96&areaword=%E6%9D%B1%E4%BA%AC%E9%83%BD&sort=01&sbmap=false
スパイダープラス株式会社（旧：株式会社レゴリス）,東京都,https://www.green-japan.com/job/111041,https://itp.ne.jp/keyword/?keyword=%E3%82%B9%E3%83%91%E3%82%A4%E3%83%80%E3%83%BC%E3%83%97%E3%83%A9%E3%82%B9%E6%A0%AA%E5%BC%8F%E4%BC%9A%E7%A4%BE%EF%BC%88%E6%97%A7%EF%BC%9A%E6%A0%AA%E5%BC%8F%E4%BC%9A%E7%A4%BE%E3%83%AC%E3%82%B4%E3%83%AA%E3%82%B9%EF%BC%89&areaword=%E6%9D%B1%E4%BA%AC%E9%83%BD&sort=01&sbmap=false
株式会社 ロゼッタ,東京都,https://www.green-japan.com/job/106252,https://itp.ne.jp/keyword/?keyword=%E6%A0%AA%E5%BC%8F%E4%BC%9A%E7%A4%BE%20%E3%83%AD%E3%82%BC%E3%83%83%E3%82%BF&areaword=%E6%9D%B1%E4%BA%AC%E9%83%BD&sort=01&sbmap=false
株式会社 クーリエ,東京都,https://www.green-japan.com/job/93273,https://itp.ne.jp/keyword/?keyword=%E6%A0%AA%E5%BC%8F%E4%BC%9A%E7%A4%BE%20%E3%82%AF%E3%83%BC%E3%83%AA%E3%82%A8&areaword=%E6%9D%B1%E4%BA%AC%E9%83%BD&sort=01&sbmap=false
株式会社 WARC,東京都,https://www.green-japan.com/job/81405,https://itp.ne.jp/keyword/?keyword=%E6%A0%AA%E5%BC%8F%E4%BC%9A%E7%A4%BE%20WARC&areaword=%E6%9D%B1%E4%BA%AC%E9%83%BD&sort=01&sbmap=false
株式会社 エイチーム,愛知県,https://www.green-japan.com/job/66609,https://itp.ne.jp/keyword/?keyword=%E6%A0%AA%E5%BC%8F%E4%BC%9A%E7%A4%BE%20%E3%82%A8%E3%82%A4%E3%83%81%E3%83%BC%E3%83%A0&areaword=%E6%84%9B%E7%9F%A5%E7%9C%8C&sort=01&sbmap=false
ライブリッツ 株式会社,東京都,https://www.green-japan.com/job/108893,https://itp.ne.jp/keyword/?keyword=%E3%83%A9%E3%82%A4%E3%83%96%E3%83%AA%E3%83%83%E3%83%84%20%E6%A0%AA%E5%BC%8F%E4%BC%9A%E7%A4%BE&areaword=%E6%9D%B1%E4%BA%AC%E9%83%BD&sort=01&sbmap=false
株式会社 ROBOT PAYMENT (旧名：株式会社Cloud Payment) ,東京都,https://www.green-japan.com/job/59256,https://itp.ne.jp/keyword/?keyword=%E6%A0%AA%E5%BC%8F%E4%BC%9A%E7%A4%BE%20ROBOT%20PAYMENT%20%28%E6%97%A7%E5%90%8D%EF%BC%9A%E6%A0%AA%E5%BC%8F%E4%BC%9A%E7%A4%BECloud%20Payment%29%20&areaword=%E6%9D%B1%E4%BA%AC%E9%83%BD&sort=01&sbmap=false
株式会社 wevnal,東京都,https://www.green-japan.com/job/110940,https://itp.ne.jp/keyword/?keyword=%E6%A0%AA%E5%BC%8F%E4%BC%9A%E7%A4%BE%20wevnal&areaword=%E6%9D%B1%E4%BA%AC%E9%83%BD&sort=01&sbmap=false
株式会社 ファームノートホールデイングス,東京都,https://www.green-japan.com/job/94914,https://itp.ne.jp/keyword/?keyword=%E6%A0%AA%E5%BC%8F%E4%BC%9A%E7%A4%BE%20%E3%83%95%E3%82%A1%E3%83%BC%E3%83%A0%E3%83%8E%E3%83%BC%E3%83%88%E3%83%9B%E3%83%BC%E3%83%AB%E3%83%87%E3%82%A4%E3%83%B3%E3%82%B0%E3%82%B9&areaword=%E6%9D%B1%E4%BA%AC%E9%83%BD&sort=01&sbmap=false
オーガニックグループ 株式会社,東京都,https://www.green-japan.com/job/98694,https://itp.ne.jp/keyword/?keyword=%E3%82%AA%E3%83%BC%E3%82%AC%E3%83%8B%E3%83%83%E3%82%AF%E3%82%B0%E3%83%AB%E3%83%BC%E3%83%97%20%E6%A0%AA%E5%BC%8F%E4%BC%9A%E7%A4%BE&areaword=%E6%9D%B1%E4%BA%AC%E9%83%BD&sort=01&sbmap=false
メディアリンク 株式会社,東京都,https://www.green-japan.com/job/111254,https://itp.ne.jp/keyword/?keyword=%E3%83%A1%E3%83%87%E3%82%A3%E3%82%A2%E3%83%AA%E3%83%B3%E3%82%AF%20%E6%A0%AA%E5%BC%8F%E4%BC%9A%E7%A4%BE&areaword=%E6%9D%B1%E4%BA%AC%E9%83%BD&sort=01&sbmap=false
ストロングポイント 株式会社,岡山県，香川県，高知県,https://www.green-japan.com/job/111392,https://itp.ne.jp/keyword/?keyword=%E3%82%B9%E3%83%88%E3%83%AD%E3%83%B3%E3%82%B0%E3%83%9D%E3%82%A4%E3%83%B3%E3%83%88%20%E6%A0%AA%E5%BC%8F%E4%BC%9A%E7%A4%BE&areaword=%E5%B2%A1%E5%B1%B1%E7%9C%8C%EF%BC%8C%E9%A6%99%E5%B7%9D%E7%9C%8C%EF%BC%8C%E9%AB%98%E7%9F%A5%E7%9C%8C&sort=01&sbmap=false
株式会社 空色,東京都,https://www.green-japan.com/job/98398,https://itp.ne.jp/keyword/?keyword=%E6%A0%AA%E5%BC%8F%E4%BC%9A%E7%A4%BE%20%E7%A9%BA%E8%89%B2&areaword=%E6%9D%B1%E4%BA%AC%E9%83%BD&sort=01&sbmap=false
株式会社 マーケットエンタープライズ,東京都,https://www.green-japan.com/job/93975,https://itp.ne.jp/keyword/?keyword=%E6%A0%AA%E5%BC%8F%E4%BC%9A%E7%A4%BE%20%E3%83%9E%E3%83%BC%E3%82%B1%E3%83%83%E3%83%88%E3%82%A8%E3%83%B3%E3%82%BF%E3%83%BC%E3%83%97%E3%83%A9%E3%82%A4%E3%82%BA&areaword=%E6%9D%B1%E4%BA%AC%E9%83%BD&sort=01&sbmap=false
株式会社 A1 Media Group,東京都,https://www.green-japan.com/job/108408,https://itp.ne.jp/keyword/?keyword=%E6%A0%AA%E5%BC%8F%E4%BC%9A%E7%A4%BE%20A1%20Media%20Group&areaword=%E6%9D%B1%E4%BA%AC%E9%83%BD&sort=01&sbmap=false
株式会社 ネクサスエージェント,東京都,https://www.green-japan.com/job/109980,https://itp.ne.jp/keyword/?keyword=%E6%A0%AA%E5%BC%8F%E4%BC%9A%E7%A4%BE%20%E3%83%8D%E3%82%AF%E3%82%B5%E3%82%B9%E3%82%A8%E3%83%BC%E3%82%B8%E3%82%A7%E3%83%B3%E3%83%88&areaword=%E6%9D%B1%E4%BA%AC%E9%83%BD&sort=01&sbmap=false
株式会社 UPDATA（旧：ダイヤモンドメディア株式会社）,東京都，全国,https://www.green-japan.com/job/112326,https://itp.ne.jp/keyword/?keyword=%E6%A0%AA%E5%BC%8F%E4%BC%9A%E7%A4%BE%20UPDATA%EF%BC%88%E6%97%A7%EF%BC%9A%E3%83%80%E3%82%A4%E3%83%A4%E3%83%A2%E3%83%B3%E3%83%89%E3%83%A1%E3%83%87%E3%82%A3%E3%82%A2%E6%A0%AA%E5%BC%8F%E4%BC%9A%E7%A4%BE%EF%BC%89&areaword=%E6%9D%B1%E4%BA%AC%E9%83%BD%EF%BC%8C%E5%85%A8%E5%9B%BD&sort=01&sbmap=false
株式会社 システムシェアード,東京都,https://www.green-japan.com/job/114679,https://itp.ne.jp/keyword/?keyword=%E6%A0%AA%E5%BC%8F%E4%BC%9A%E7%A4%BE%20%E3%82%B7%E3%82%B9%E3%83%86%E3%83%A0%E3%82%B7%E3%82%A7%E3%82%A2%E3%83%BC%E3%83%89&areaword=%E6%9D%B1%E4%BA%AC%E9%83%BD&sort=01&sbmap=false
株式会社 Techouse,東京都,https://www.green-japan.com/job/107919,https://itp.ne.jp/keyword/?keyword=%E6%A0%AA%E5%BC%8F%E4%BC%9A%E7%A4%BE%20Techouse&areaword=%E6%9D%B1%E4%BA%AC%E9%83%BD&sort=01&sbmap=false
株式会社 Ｄｏｎｕｔｓ,東京都,https://www.green-japan.com/job/101167,https://itp.ne.jp/keyword/?keyword=%E6%A0%AA%E5%BC%8F%E4%BC%9A%E7%A4%BE%20%EF%BC%A4%EF%BD%8F%EF%BD%8E%EF%BD%95%EF%BD%94%EF%BD%93&areaword=%E6%9D%B1%E4%BA%AC%E9%83%BD&sort=01&sbmap=false
株式会社 ブロードリーフ,東京都,https://www.green-japan.com/job/110419,https://itp.ne.jp/keyword/?keyword=%E6%A0%AA%E5%BC%8F%E4%BC%9A%E7%A4%BE%20%E3%83%96%E3%83%AD%E3%83%BC%E3%83%89%E3%83%AA%E3%83%BC%E3%83%95&areaword=%E6%9D%B1%E4%BA%AC%E9%83%BD&sort=01&sbmap=false
ソーシャルワイヤー 株式会社,東京都,https://www.green-japan.com/job/111312,https://itp.ne.jp/keyword/?keyword=%E3%82%BD%E3%83%BC%E3%82%B7%E3%83%A3%E3%83%AB%E3%83%AF%E3%82%A4%E3%83%A4%E3%83%BC%20%E6%A0%AA%E5%BC%8F%E4%BC%9A%E7%A4%BE&areaword=%E6%9D%B1%E4%BA%AC%E9%83%BD&sort=01&sbmap=false
パーソルプロセス＆テクノロジー株式会社（旧：株式会社インテリジェンス ビジネスソリューションズ）,東京都,https://www.green-japan.com/job/58702,https://itp.ne.jp/keyword/?keyword=%E3%83%91%E3%83%BC%E3%82%BD%E3%83%AB%E3%83%97%E3%83%AD%E3%82%BB%E3%82%B9%EF%BC%86%E3%83%86%E3%82%AF%E3%83%8E%E3%83%AD%E3%82%B8%E3%83%BC%E6%A0%AA%E5%BC%8F%E4%BC%9A%E7%A4%BE%EF%BC%88%E6%97%A7%EF%BC%9A%E6%A0%AA%E5%BC%8F%E4%BC%9A%E7%A4%BE%E3%82%A4%E3%83%B3%E3%83%86%E3%83%AA%E3%82%B8%E3%82%A7%E3%83%B3%E3%82%B9%20%E3%83%93%E3%82%B8%E3%83%8D%E3%82%B9%E3%82%BD%E3%83%AA%E3%83%A5%E3%83%BC%E3%82%B7%E3%83%A7%E3%83%B3%E3%82%BA%EF%BC%89&areaword=%E6%9D%B1%E4%BA%AC%E9%83%BD&sort=01&sbmap=false
ファビウス 株式会社,東京都,https://www.green-japan.com/job/111152,https://itp.ne.jp/keyword/?keyword=%E3%83%95%E3%82%A1%E3%83%93%E3%82%A6%E3%82%B9%20%E6%A0%AA%E5%BC%8F%E4%BC%9A%E7%A4%BE&areaword=%E6%9D%B1%E4%BA%AC%E9%83%BD&sort=01&sbmap=false
パクテラ・テクノロジー・ジャパン 株式会社,東京都,https://www.green-japan.com/job/87520,https://itp.ne.jp/keyword/?keyword=%E3%83%91%E3%82%AF%E3%83%86%E3%83%A9%E3%83%BB%E3%83%86%E3%82%AF%E3%83%8E%E3%83%AD%E3%82%B8%E3%83%BC%E3%83%BB%E3%82%B8%E3%83%A3%E3%83%91%E3%83%B3%20%E6%A0%AA%E5%BC%8F%E4%BC%9A%E7%A4%BE&areaword=%E6%9D%B1%E4%BA%AC%E9%83%BD&sort=01&sbmap=false
ファーストアカウンティング 株式会社,東京都,https://www.green-japan.com/job/106831,https://itp.ne.jp/keyword/?keyword=%E3%83%95%E3%82%A1%E3%83%BC%E3%82%B9%E3%83%88%E3%82%A2%E3%82%AB%E3%82%A6%E3%83%B3%E3%83%86%E3%82%A3%E3%83%B3%E3%82%B0%20%E6%A0%AA%E5%BC%8F%E4%BC%9A%E7%A4%BE&areaword=%E6%9D%B1%E4%BA%AC%E9%83%BD&sort=01&sbmap=false
株式会社 ファンコミュニケーションズ,東京都,https://www.green-japan.com/job/64162,https://itp.ne.jp/keyword/?keyword=%E6%A0%AA%E5%BC%8F%E4%BC%9A%E7%A4%BE%20%E3%83%95%E3%82%A1%E3%83%B3%E3%82%B3%E3%83%9F%E3%83%A5%E3%83%8B%E3%82%B1%E3%83%BC%E3%82%B7%E3%83%A7%E3%83%B3%E3%82%BA&areaword=%E6%9D%B1%E4%BA%AC%E9%83%BD&sort=01&sbmap=false
株式会社 Lang-8,東京都,https://www.green-japan.com/job/111471,https://itp.ne.jp/keyword/?keyword=%E6%A0%AA%E5%BC%8F%E4%BC%9A%E7%A4%BE%20Lang-8&areaword=%E6%9D%B1%E4%BA%AC%E9%83%BD&sort=01&sbmap=false
株式会社 テクロス,東京都,https://www.green-japan.com/job/80888,https://itp.ne.jp/keyword/?keyword=%E6%A0%AA%E5%BC%8F%E4%BC%9A%E7%A4%BE%20%E3%83%86%E3%82%AF%E3%83%AD%E3%82%B9&areaword=%E6%9D%B1%E4%BA%AC%E9%83%BD&sort=01&sbmap=false
株式会社 GameWith,東京都,https://www.green-japan.com/job/108977,https://itp.ne.jp/keyword/?keyword=%E6%A0%AA%E5%BC%8F%E4%BC%9A%E7%A4%BE%20GameWith&areaword=%E6%9D%B1%E4%BA%AC%E9%83%BD&sort=01&sbmap=false
株式会社 フロムスクラッチ,東京都,https://www.green-japan.com/job/81422,https://itp.ne.jp/keyword/?keyword=%E6%A0%AA%E5%BC%8F%E4%BC%9A%E7%A4%BE%20%E3%83%95%E3%83%AD%E3%83%A0%E3%82%B9%E3%82%AF%E3%83%A9%E3%83%83%E3%83%81&areaword=%E6%9D%B1%E4%BA%AC%E9%83%BD&sort=01&sbmap=false
ココン 株式会社,東京都,https://www.green-japan.com/job/114121,https://itp.ne.jp/keyword/?keyword=%E3%82%B3%E3%82%B3%E3%83%B3%20%E6%A0%AA%E5%BC%8F%E4%BC%9A%E7%A4%BE&areaword=%E6%9D%B1%E4%BA%AC%E9%83%BD&sort=01&sbmap=false
株式会社 wwwaap,東京都,https://www.green-japan.com/job/112120,https://itp.ne.jp/keyword/?keyword=%E6%A0%AA%E5%BC%8F%E4%BC%9A%E7%A4%BE%20wwwaap&areaword=%E6%9D%B1%E4%BA%AC%E9%83%BD&sort=01&sbmap=false
株式会社 CryptoPie,東京都,https://www.green-japan.com/job/108349,https://itp.ne.jp/keyword/?keyword=%E6%A0%AA%E5%BC%8F%E4%BC%9A%E7%A4%BE%20CryptoPie&areaword=%E6%9D%B1%E4%BA%AC%E9%83%BD&sort=01&sbmap=false
株式会社 ユニコ,大阪府,https://www.green-japan.com/job/110720,https://itp.ne.jp/keyword/?keyword=%E6%A0%AA%E5%BC%8F%E4%BC%9A%E7%A4%BE%20%E3%83%A6%E3%83%8B%E3%82%B3&areaword=%E5%A4%A7%E9%98%AA%E5%BA%9C&sort=01&sbmap=false
株式会社 エル・ティー・エス,京都府，大阪府,https://www.green-japan.com/job/113905,https://itp.ne.jp/keyword/?keyword=%E6%A0%AA%E5%BC%8F%E4%BC%9A%E7%A4%BE%20%E3%82%A8%E3%83%AB%E3%83%BB%E3%83%86%E3%82%A3%E3%83%BC%E3%83%BB%E3%82%A8%E3%82%B9&areaword=%E4%BA%AC%E9%83%BD%E5%BA%9C%EF%BC%8C%E5%A4%A7%E9%98%AA%E5%BA%9C&sort=01&sbmap=false
ルビー・グループ 株式会社,東京都，大阪府,https://www.green-japan.com/job/82213,https://itp.ne.jp/keyword/?keyword=%E3%83%AB%E3%83%93%E3%83%BC%E3%83%BB%E3%82%B0%E3%83%AB%E3%83%BC%E3%83%97%20%E6%A0%AA%E5%BC%8F%E4%BC%9A%E7%A4%BE&areaword=%E6%9D%B1%E4%BA%AC%E9%83%BD%EF%BC%8C%E5%A4%A7%E9%98%AA%E5%BA%9C&sort=01&sbmap=false
bravesoft 株式会社,東京都,https://www.green-japan.com/job/110014,https://itp.ne.jp/keyword/?keyword=bravesoft%20%E6%A0%AA%E5%BC%8F%E4%BC%9A%E7%A4%BE&areaword=%E6%9D%B1%E4%BA%AC%E9%83%BD&sort=01&sbmap=false
株式会社 大黒屋,東京都,https://www.green-japan.com/job/113499,https://itp.ne.jp/keyword/?keyword=%E6%A0%AA%E5%BC%8F%E4%BC%9A%E7%A4%BE%20%E5%A4%A7%E9%BB%92%E5%B1%8B&areaword=%E6%9D%B1%E4%BA%AC%E9%83%BD&sort=01&sbmap=false
株式会社 日立製作所,東京都,https://www.green-japan.com/job/112068,https://itp.ne.jp/keyword/?keyword=%E6%A0%AA%E5%BC%8F%E4%BC%9A%E7%A4%BE%20%E6%97%A5%E7%AB%8B%E8%A3%BD%E4%BD%9C%E6%89%80&areaword=%E6%9D%B1%E4%BA%AC%E9%83%BD&sort=01&sbmap=false
株式会社 アガルート,東京都,https://www.green-japan.com/job/84829,https://itp.ne.jp/keyword/?keyword=%E6%A0%AA%E5%BC%8F%E4%BC%9A%E7%A4%BE%20%E3%82%A2%E3%82%AC%E3%83%AB%E3%83%BC%E3%83%88&areaword=%E6%9D%B1%E4%BA%AC%E9%83%BD&sort=01&sbmap=false
株式会社 HRBrain,全国,https://www.green-japan.com/job/72983,https://itp.ne.jp/keyword/?keyword=%E6%A0%AA%E5%BC%8F%E4%BC%9A%E7%A4%BE%20HRBrain&areaword=%E5%85%A8%E5%9B%BD&sort=01&sbmap=false
株式会社 メドレー,東京都,https://www.green-japan.com/job/86504,https://itp.ne.jp/keyword/?keyword=%E6%A0%AA%E5%BC%8F%E4%BC%9A%E7%A4%BE%20%E3%83%A1%E3%83%89%E3%83%AC%E3%83%BC&areaword=%E6%9D%B1%E4%BA%AC%E9%83%BD&sort=01&sbmap=false
株式会社 アイデンティティー,東京都,https://www.green-japan.com/job/105033,https://itp.ne.jp/keyword/?keyword=%E6%A0%AA%E5%BC%8F%E4%BC%9A%E7%A4%BE%20%E3%82%A2%E3%82%A4%E3%83%87%E3%83%B3%E3%83%86%E3%82%A3%E3%83%86%E3%82%A3%E3%83%BC&areaword=%E6%9D%B1%E4%BA%AC%E9%83%BD&sort=01&sbmap=false
ジオサイン 株式会社,東京都,https://www.green-japan.com/job/113435,https://itp.ne.jp/keyword/?keyword=%E3%82%B8%E3%82%AA%E3%82%B5%E3%82%A4%E3%83%B3%20%E6%A0%AA%E5%BC%8F%E4%BC%9A%E7%A4%BE&areaword=%E6%9D%B1%E4%BA%AC%E9%83%BD&sort=01&sbmap=false
リビン・テクノロジーズ 株式会社,東京都,https://www.green-japan.com/job/114267,https://itp.ne.jp/keyword/?keyword=%E3%83%AA%E3%83%93%E3%83%B3%E3%83%BB%E3%83%86%E3%82%AF%E3%83%8E%E3%83%AD%E3%82%B8%E3%83%BC%E3%82%BA%20%E6%A0%AA%E5%BC%8F%E4%BC%9A%E7%A4%BE&areaword=%E6%9D%B1%E4%BA%AC%E9%83%BD&sort=01&sbmap=false
株式会社 アクシス,東京都,https://www.green-japan.com/job/111055,https://itp.ne.jp/keyword/?keyword=%E6%A0%AA%E5%BC%8F%E4%BC%9A%E7%A4%BE%20%E3%82%A2%E3%82%AF%E3%82%B7%E3%82%B9&areaword=%E6%9D%B1%E4%BA%AC%E9%83%BD&sort=01&sbmap=false
RESTAR 株式会社,東京都,https://www.green-japan.com/job/85390,https://itp.ne.jp/keyword/?keyword=RESTAR%20%E6%A0%AA%E5%BC%8F%E4%BC%9A%E7%A4%BE&areaword=%E6%9D%B1%E4%BA%AC%E9%83%BD&sort=01&sbmap=false
株式会社 Catallaxy,東京都,https://www.green-japan.com/job/78182,https://itp.ne.jp/keyword/?keyword=%E6%A0%AA%E5%BC%8F%E4%BC%9A%E7%A4%BE%20Catallaxy&areaword=%E6%9D%B1%E4%BA%AC%E9%83%BD&sort=01&sbmap=false
株式会社 セイルボート,東京都,https://www.green-japan.com/job/109448,https://itp.ne.jp/keyword/?keyword=%E6%A0%AA%E5%BC%8F%E4%BC%9A%E7%A4%BE%20%E3%82%BB%E3%82%A4%E3%83%AB%E3%83%9C%E3%83%BC%E3%83%88&areaword=%E6%9D%B1%E4%BA%AC%E9%83%BD&sort=01&sbmap=false
株式会社 アプロ総研,大阪府,https://www.green-japan.com/job/82130,https://itp.ne.jp/keyword/?keyword=%E6%A0%AA%E5%BC%8F%E4%BC%9A%E7%A4%BE%20%E3%82%A2%E3%83%97%E3%83%AD%E7%B7%8F%E7%A0%94&areaword=%E5%A4%A7%E9%98%AA%E5%BA%9C&sort=01&sbmap=false
株式会社 オーバードライブ,東京都,https://www.green-japan.com/job/83271,https://itp.ne.jp/keyword/?keyword=%E6%A0%AA%E5%BC%8F%E4%BC%9A%E7%A4%BE%20%E3%82%AA%E3%83%BC%E3%83%90%E3%83%BC%E3%83%89%E3%83%A9%E3%82%A4%E3%83%96&areaword=%E6%9D%B1%E4%BA%AC%E9%83%BD&sort=01&sbmap=false
株式会社 ブライセン,東京都,https://www.green-japan.com/job/110599,https://itp.ne.jp/keyword/?keyword=%E6%A0%AA%E5%BC%8F%E4%BC%9A%E7%A4%BE%20%E3%83%96%E3%83%A9%E3%82%A4%E3%82%BB%E3%83%B3&areaword=%E6%9D%B1%E4%BA%AC%E9%83%BD&sort=01&sbmap=false
株式会社 ブレインパッド,東京都,https://www.green-japan.com/job/103657,https://itp.ne.jp/keyword/?keyword=%E6%A0%AA%E5%BC%8F%E4%BC%9A%E7%A4%BE%20%E3%83%96%E3%83%AC%E3%82%A4%E3%83%B3%E3%83%91%E3%83%83%E3%83%89&areaword=%E6%9D%B1%E4%BA%AC%E9%83%BD&sort=01&sbmap=false
株式会社 Speee,東京都,https://www.green-japan.com/job/58750,https://itp.ne.jp/keyword/?keyword=%E6%A0%AA%E5%BC%8F%E4%BC%9A%E7%A4%BE%20Speee&areaword=%E6%9D%B1%E4%BA%AC%E9%83%BD&sort=01&sbmap=false
株式会社 トリビュー,東京都,https://www.green-japan.com/job/109196,https://itp.ne.jp/keyword/?keyword=%E6%A0%AA%E5%BC%8F%E4%BC%9A%E7%A4%BE%20%E3%83%88%E3%83%AA%E3%83%93%E3%83%A5%E3%83%BC&areaword=%E6%9D%B1%E4%BA%AC%E9%83%BD&sort=01&sbmap=false
株式会社 フィエルテ,東京都,https://www.green-japan.com/job/110376,https://itp.ne.jp/keyword/?keyword=%E6%A0%AA%E5%BC%8F%E4%BC%9A%E7%A4%BE%20%E3%83%95%E3%82%A3%E3%82%A8%E3%83%AB%E3%83%86&areaword=%E6%9D%B1%E4%BA%AC%E9%83%BD&sort=01&sbmap=false
アイ・モバイル 株式会社,東京都,https://www.green-japan.com/job/109579,https://itp.ne.jp/keyword/?keyword=%E3%82%A2%E3%82%A4%E3%83%BB%E3%83%A2%E3%83%90%E3%82%A4%E3%83%AB%20%E6%A0%AA%E5%BC%8F%E4%BC%9A%E7%A4%BE&areaword=%E6%9D%B1%E4%BA%AC%E9%83%BD&sort=01&sbmap=false
株式会社 エス・エム・エス,東京都，全国,https://www.green-japan.com/job/113178,https://itp.ne.jp/keyword/?keyword=%E6%A0%AA%E5%BC%8F%E4%BC%9A%E7%A4%BE%20%E3%82%A8%E3%82%B9%E3%83%BB%E3%82%A8%E3%83%A0%E3%83%BB%E3%82%A8%E3%82%B9&areaword=%E6%9D%B1%E4%BA%AC%E9%83%BD%EF%BC%8C%E5%85%A8%E5%9B%BD&sort=01&sbmap=false
Vogaro 株式会社,大阪府,https://www.green-japan.com/job/56104,https://itp.ne.jp/keyword/?keyword=Vogaro%20%E6%A0%AA%E5%BC%8F%E4%BC%9A%E7%A4%BE&areaword=%E5%A4%A7%E9%98%AA%E5%BA%9C&sort=01&sbmap=false
株式会社 ラビッツ,東京都,https://www.green-japan.com/job/73812,https://itp.ne.jp/keyword/?keyword=%E6%A0%AA%E5%BC%8F%E4%BC%9A%E7%A4%BE%20%E3%83%A9%E3%83%93%E3%83%83%E3%83%84&areaword=%E6%9D%B1%E4%BA%AC%E9%83%BD&sort=01&sbmap=false
楽天 株式会社,東京都,https://www.green-japan.com/job/114163,https://itp.ne.jp/keyword/?keyword=%E6%A5%BD%E5%A4%A9%20%E6%A0%AA%E5%BC%8F%E4%BC%9A%E7%A4%BE&areaword=%E6%9D%B1%E4%BA%AC%E9%83%BD&sort=01&sbmap=false
株式会社 Hajimari(旧ITプロパートナーズ),東京都,https://www.green-japan.com/job/65329,https://itp.ne.jp/keyword/?keyword=%E6%A0%AA%E5%BC%8F%E4%BC%9A%E7%A4%BE%20Hajimari%28%E6%97%A7IT%E3%83%97%E3%83%AD%E3%83%91%E3%83%BC%E3%83%88%E3%83%8A%E3%83%BC%E3%82%BA%29&areaword=%E6%9D%B1%E4%BA%AC%E9%83%BD&sort=01&sbmap=false
株式会社 カンム,東京都,https://www.green-japan.com/job/90590,https://itp.ne.jp/keyword/?keyword=%E6%A0%AA%E5%BC%8F%E4%BC%9A%E7%A4%BE%20%E3%82%AB%E3%83%B3%E3%83%A0&areaword=%E6%9D%B1%E4%BA%AC%E9%83%BD&sort=01&sbmap=false
株式会社 BNGパートナーズ,東京都,https://www.green-japan.com/job/111965,https://itp.ne.jp/keyword/?keyword=%E6%A0%AA%E5%BC%8F%E4%BC%9A%E7%A4%BE%20BNG%E3%83%91%E3%83%BC%E3%83%88%E3%83%8A%E3%83%BC%E3%82%BA&areaword=%E6%9D%B1%E4%BA%AC%E9%83%BD&sort=01&sbmap=false
株式会社 IDCフロンティア,東京都,https://www.green-japan.com/job/112347,https://itp.ne.jp/keyword/?keyword=%E6%A0%AA%E5%BC%8F%E4%BC%9A%E7%A4%BE%20IDC%E3%83%95%E3%83%AD%E3%83%B3%E3%83%86%E3%82%A3%E3%82%A2&areaword=%E6%9D%B1%E4%BA%AC%E9%83%BD&sort=01&sbmap=false
株式会社 アークネクト,東京都,https://www.green-japan.com/job/104724,https://itp.ne.jp/keyword/?keyword=%E6%A0%AA%E5%BC%8F%E4%BC%9A%E7%A4%BE%20%E3%82%A2%E3%83%BC%E3%82%AF%E3%83%8D%E3%82%AF%E3%83%88&areaword=%E6%9D%B1%E4%BA%AC%E9%83%BD&sort=01&sbmap=false
FYカンパニー 株式会社,東京都,https://www.green-japan.com/job/113497,https://itp.ne.jp/keyword/?keyword=FY%E3%82%AB%E3%83%B3%E3%83%91%E3%83%8B%E3%83%BC%20%E6%A0%AA%E5%BC%8F%E4%BC%9A%E7%A4%BE&areaword=%E6%9D%B1%E4%BA%AC%E9%83%BD&sort=01&sbmap=false
株式会社 Brave group（旧名：Unlimited）,東京都,https://www.green-japan.com/job/113141,https://itp.ne.jp/keyword/?keyword=%E6%A0%AA%E5%BC%8F%E4%BC%9A%E7%A4%BE%20Brave%20group%EF%BC%88%E6%97%A7%E5%90%8D%EF%BC%9AUnlimited%EF%BC%89&areaword=%E6%9D%B1%E4%BA%AC%E9%83%BD&sort=01&sbmap=false
アスタリスト 株式会社,東京都,https://www.green-japan.com/job/76935,https://itp.ne.jp/keyword/?keyword=%E3%82%A2%E3%82%B9%E3%82%BF%E3%83%AA%E3%82%B9%E3%83%88%20%E6%A0%AA%E5%BC%8F%E4%BC%9A%E7%A4%BE&areaword=%E6%9D%B1%E4%BA%AC%E9%83%BD&sort=01&sbmap=false
株式会社 ジオコード,東京都,https://www.green-japan.com/job/76279,https://itp.ne.jp/keyword/?keyword=%E6%A0%AA%E5%BC%8F%E4%BC%9A%E7%A4%BE%20%E3%82%B8%E3%82%AA%E3%82%B3%E3%83%BC%E3%83%89&areaword=%E6%9D%B1%E4%BA%AC%E9%83%BD&sort=01&sbmap=false
株式会社 リブセンス,東京都,https://www.green-japan.com/job/30399,https://itp.ne.jp/keyword/?keyword=%E6%A0%AA%E5%BC%8F%E4%BC%9A%E7%A4%BE%20%E3%83%AA%E3%83%96%E3%82%BB%E3%83%B3%E3%82%B9&areaword=%E6%9D%B1%E4%BA%AC%E9%83%BD&sort=01&sbmap=false
株式会社 AXSEED,東京都,https://www.green-japan.com/job/89104,https://itp.ne.jp/keyword/?keyword=%E6%A0%AA%E5%BC%8F%E4%BC%9A%E7%A4%BE%20AXSEED&areaword=%E6%9D%B1%E4%BA%AC%E9%83%BD&sort=01&sbmap=false
株式会社 ジ・アイ,埼玉県，千葉県，東京都，神奈川県,https://www.green-japan.com/job/107251,https://itp.ne.jp/keyword/?keyword=%E6%A0%AA%E5%BC%8F%E4%BC%9A%E7%A4%BE%20%E3%82%B8%E3%83%BB%E3%82%A2%E3%82%A4&areaword=%E5%9F%BC%E7%8E%89%E7%9C%8C%EF%BC%8C%E5%8D%83%E8%91%89%E7%9C%8C%EF%BC%8C%E6%9D%B1%E4%BA%AC%E9%83%BD%EF%BC%8C%E7%A5%9E%E5%A5%88%E5%B7%9D%E7%9C%8C&sort=01&sbmap=false
株式会社 ペイジェント,東京都,https://www.green-japan.com/job/88156,https://itp.ne.jp/keyword/?keyword=%E6%A0%AA%E5%BC%8F%E4%BC%9A%E7%A4%BE%20%E3%83%9A%E3%82%A4%E3%82%B8%E3%82%A7%E3%83%B3%E3%83%88&areaword=%E6%9D%B1%E4%BA%AC%E9%83%BD&sort=01&sbmap=false
ソナス 株式会社,東京都,https://www.green-japan.com/job/90564,https://itp.ne.jp/keyword/?keyword=%E3%82%BD%E3%83%8A%E3%82%B9%20%E6%A0%AA%E5%BC%8F%E4%BC%9A%E7%A4%BE&areaword=%E6%9D%B1%E4%BA%AC%E9%83%BD&sort=01&sbmap=false
株式会社 ビズリーチ,東京都,https://www.green-japan.com/job/63576,https://itp.ne.jp/keyword/?keyword=%E6%A0%AA%E5%BC%8F%E4%BC%9A%E7%A4%BE%20%E3%83%93%E3%82%BA%E3%83%AA%E3%83%BC%E3%83%81&areaword=%E6%9D%B1%E4%BA%AC%E9%83%BD&sort=01&sbmap=false
株式会社 Onion,東京都,https://www.green-japan.com/job/80863,https://itp.ne.jp/keyword/?keyword=%E6%A0%AA%E5%BC%8F%E4%BC%9A%E7%A4%BE%20Onion&areaword=%E6%9D%B1%E4%BA%AC%E9%83%BD&sort=01&sbmap=false
株式会社 Rosso,東京都,https://www.green-japan.com/job/16362,https://itp.ne.jp/keyword/?keyword=%E6%A0%AA%E5%BC%8F%E4%BC%9A%E7%A4%BE%20Rosso&areaword=%E6%9D%B1%E4%BA%AC%E9%83%BD&sort=01&sbmap=false
アジアクエスト 株式会社,大分県,https://www.green-japan.com/job/108779,https://itp.ne.jp/keyword/?keyword=%E3%82%A2%E3%82%B8%E3%82%A2%E3%82%AF%E3%82%A8%E3%82%B9%E3%83%88%20%E6%A0%AA%E5%BC%8F%E4%BC%9A%E7%A4%BE&areaword=%E5%A4%A7%E5%88%86%E7%9C%8C&sort=01&sbmap=false
株式会社 ストロボライト,東京都,https://www.green-japan.com/job/109778,https://itp.ne.jp/keyword/?keyword=%E6%A0%AA%E5%BC%8F%E4%BC%9A%E7%A4%BE%20%E3%82%B9%E3%83%88%E3%83%AD%E3%83%9C%E3%83%A9%E3%82%A4%E3%83%88&areaword=%E6%9D%B1%E4%BA%AC%E9%83%BD&sort=01&sbmap=false
株式会社 ネットマーケティング,東京都,https://www.green-japan.com/job/94818,https://itp.ne.jp/keyword/?keyword=%E6%A0%AA%E5%BC%8F%E4%BC%9A%E7%A4%BE%20%E3%83%8D%E3%83%83%E3%83%88%E3%83%9E%E3%83%BC%E3%82%B1%E3%83%86%E3%82%A3%E3%83%B3%E3%82%B0&areaword=%E6%9D%B1%E4%BA%AC%E9%83%BD&sort=01&sbmap=false
株式会社 ネオキャリア,東京都,https://www.green-japan.com/job/113101,https://itp.ne.jp/keyword/?keyword=%E6%A0%AA%E5%BC%8F%E4%BC%9A%E7%A4%BE%20%E3%83%8D%E3%82%AA%E3%82%AD%E3%83%A3%E3%83%AA%E3%82%A2&areaword=%E6%9D%B1%E4%BA%AC%E9%83%BD&sort=01&sbmap=false
ウェルスタイル 株式会社,東京都,https://www.green-japan.com/job/80646,https://itp.ne.jp/keyword/?keyword=%E3%82%A6%E3%82%A7%E3%83%AB%E3%82%B9%E3%82%BF%E3%82%A4%E3%83%AB%20%E6%A0%AA%E5%BC%8F%E4%BC%9A%E7%A4%BE&areaword=%E6%9D%B1%E4%BA%AC%E9%83%BD&sort=01&sbmap=false
株式会社 スイッチスマイル,東京都,https://www.green-japan.com/job/108392,https://itp.ne.jp/keyword/?keyword=%E6%A0%AA%E5%BC%8F%E4%BC%9A%E7%A4%BE%20%E3%82%B9%E3%82%A4%E3%83%83%E3%83%81%E3%82%B9%E3%83%9E%E3%82%A4%E3%83%AB&areaword=%E6%9D%B1%E4%BA%AC%E9%83%BD&sort=01&sbmap=false
株式会社 BONX,東京都,https://www.green-japan.com/job/64772,https://itp.ne.jp/keyword/?keyword=%E6%A0%AA%E5%BC%8F%E4%BC%9A%E7%A4%BE%20BONX&areaword=%E6%9D%B1%E4%BA%AC%E9%83%BD&sort=01&sbmap=false
ISHグループ 株式会社,東京都,https://www.green-japan.com/job/79475,https://itp.ne.jp/keyword/?keyword=ISH%E3%82%B0%E3%83%AB%E3%83%BC%E3%83%97%20%E6%A0%AA%E5%BC%8F%E4%BC%9A%E7%A4%BE&areaword=%E6%9D%B1%E4%BA%AC%E9%83%BD&sort=01&sbmap=false
vivit 株式会社,東京都,https://www.green-japan.com/job/107042,https://itp.ne.jp/keyword/?keyword=vivit%20%E6%A0%AA%E5%BC%8F%E4%BC%9A%E7%A4%BE&areaword=%E6%9D%B1%E4%BA%AC%E9%83%BD&sort=01&sbmap=false
株式会社 ミナケア,東京都,https://www.green-japan.com/job/60693,https://itp.ne.jp/keyword/?keyword=%E6%A0%AA%E5%BC%8F%E4%BC%9A%E7%A4%BE%20%E3%83%9F%E3%83%8A%E3%82%B1%E3%82%A2&areaword=%E6%9D%B1%E4%BA%AC%E9%83%BD&sort=01&sbmap=false
株式会社 Gracia,東京都,https://www.green-japan.com/job/84879,https://itp.ne.jp/keyword/?keyword=%E6%A0%AA%E5%BC%8F%E4%BC%9A%E7%A4%BE%20Gracia&areaword=%E6%9D%B1%E4%BA%AC%E9%83%BD&sort=01&sbmap=false
株式会社 アルトワイズ,東京都,https://www.green-japan.com/job/87895,https://itp.ne.jp/keyword/?keyword=%E6%A0%AA%E5%BC%8F%E4%BC%9A%E7%A4%BE%20%E3%82%A2%E3%83%AB%E3%83%88%E3%83%AF%E3%82%A4%E3%82%BA&areaword=%E6%9D%B1%E4%BA%AC%E9%83%BD&sort=01&sbmap=false
PIAZZA 株式会社,東京都,https://www.green-japan.com/job/110554,https://itp.ne.jp/keyword/?keyword=PIAZZA%20%E6%A0%AA%E5%BC%8F%E4%BC%9A%E7%A4%BE&areaword=%E6%9D%B1%E4%BA%AC%E9%83%BD&sort=01&sbmap=false
株式会社 ストレイナー,埼玉県，千葉県，東京都，神奈川県，全国,https://www.green-japan.com/job/110899,https://itp.ne.jp/keyword/?keyword=%E6%A0%AA%E5%BC%8F%E4%BC%9A%E7%A4%BE%20%E3%82%B9%E3%83%88%E3%83%AC%E3%82%A4%E3%83%8A%E3%83%BC&areaword=%E5%9F%BC%E7%8E%89%E7%9C%8C%EF%BC%8C%E5%8D%83%E8%91%89%E7%9C%8C%EF%BC%8C%E6%9D%B1%E4%BA%AC%E9%83%BD%EF%BC%8C%E7%A5%9E%E5%A5%88%E5%B7%9D%E7%9C%8C%EF%BC%8C%E5%85%A8%E5%9B%BD&sort=01&sbmap=false
株式会社 H2,東京都,https://www.green-japan.com/job/107150,https://itp.ne.jp/keyword/?keyword=%E6%A0%AA%E5%BC%8F%E4%BC%9A%E7%A4%BE%20H2&areaword=%E6%9D%B1%E4%BA%AC%E9%83%BD&sort=01&sbmap=false
株式会社 CLARITY STUDIO,東京都,https://www.green-japan.com/job/70333,https://itp.ne.jp/keyword/?keyword=%E6%A0%AA%E5%BC%8F%E4%BC%9A%E7%A4%BE%20CLARITY%20STUDIO&areaword=%E6%9D%B1%E4%BA%AC%E9%83%BD&sort=01&sbmap=false
カクテルメイク 株式会社,東京都,https://www.green-japan.com/job/111834,https://itp.ne.jp/keyword/?keyword=%E3%82%AB%E3%82%AF%E3%83%86%E3%83%AB%E3%83%A1%E3%82%A4%E3%82%AF%20%E6%A0%AA%E5%BC%8F%E4%BC%9A%E7%A4%BE&areaword=%E6%9D%B1%E4%BA%AC%E9%83%BD&sort=01&sbmap=false
株式会社 イーツー・インフォ,神奈川県,https://www.green-japan.com/job/105994,https://itp.ne.jp/keyword/?keyword=%E6%A0%AA%E5%BC%8F%E4%BC%9A%E7%A4%BE%20%E3%82%A4%E3%83%BC%E3%83%84%E3%83%BC%E3%83%BB%E3%82%A4%E3%83%B3%E3%83%95%E3%82%A9&areaword=%E7%A5%9E%E5%A5%88%E5%B7%9D%E7%9C%8C&sort=01&sbmap=false
BASE 株式会社,東京都,https://www.green-japan.com/job/110392,https://itp.ne.jp/keyword/?keyword=BASE%20%E6%A0%AA%E5%BC%8F%E4%BC%9A%E7%A4%BE&areaword=%E6%9D%B1%E4%BA%AC%E9%83%BD&sort=01&sbmap=false
株式会社 ZEALS,東京都,https://www.green-japan.com/job/80332,https://itp.ne.jp/keyword/?keyword=%E6%A0%AA%E5%BC%8F%E4%BC%9A%E7%A4%BE%20ZEALS&areaword=%E6%9D%B1%E4%BA%AC%E9%83%BD&sort=01&sbmap=false
株式会社 エブリー,東京都,https://www.green-japan.com/job/61995,https://itp.ne.jp/keyword/?keyword=%E6%A0%AA%E5%BC%8F%E4%BC%9A%E7%A4%BE%20%E3%82%A8%E3%83%96%E3%83%AA%E3%83%BC&areaword=%E6%9D%B1%E4%BA%AC%E9%83%BD&sort=01&sbmap=false
CBcloud 株式会社,東京都,https://www.green-japan.com/job/113020,https://itp.ne.jp/keyword/?keyword=CBcloud%20%E6%A0%AA%E5%BC%8F%E4%BC%9A%E7%A4%BE&areaword=%E6%9D%B1%E4%BA%AC%E9%83%BD&sort=01&sbmap=false
INCLUSIVE 株式会社,東京都,https://www.green-japan.com/job/33752,https://itp.ne.jp/keyword/?keyword=INCLUSIVE%20%E6%A0%AA%E5%BC%8F%E4%BC%9A%E7%A4%BE&areaword=%E6%9D%B1%E4%BA%AC%E9%83%BD&sort=01&sbmap=false
株式会社 バリューエージェント,大阪府,https://www.green-japan.com/job/96381,https://itp.ne.jp/keyword/?keyword=%E6%A0%AA%E5%BC%8F%E4%BC%9A%E7%A4%BE%20%E3%83%90%E3%83%AA%E3%83%A5%E3%83%BC%E3%82%A8%E3%83%BC%E3%82%B8%E3%82%A7%E3%83%B3%E3%83%88&areaword=%E5%A4%A7%E9%98%AA%E5%BA%9C&sort=01&sbmap=false
株式会社 BeatFit,東京都,https://www.green-japan.com/job/69218,https://itp.ne.jp/keyword/?keyword=%E6%A0%AA%E5%BC%8F%E4%BC%9A%E7%A4%BE%20BeatFit&areaword=%E6%9D%B1%E4%BA%AC%E9%83%BD&sort=01&sbmap=false
シソーラス 株式会社,長野県,https://www.green-japan.com/job/78355,https://itp.ne.jp/keyword/?keyword=%E3%82%B7%E3%82%BD%E3%83%BC%E3%83%A9%E3%82%B9%20%E6%A0%AA%E5%BC%8F%E4%BC%9A%E7%A4%BE&areaword=%E9%95%B7%E9%87%8E%E7%9C%8C&sort=01&sbmap=false
株式会社 リーンジャパン,東京都,https://www.green-japan.com/job/81661,https://itp.ne.jp/keyword/?keyword=%E6%A0%AA%E5%BC%8F%E4%BC%9A%E7%A4%BE%20%E3%83%AA%E3%83%BC%E3%83%B3%E3%82%B8%E3%83%A3%E3%83%91%E3%83%B3&areaword=%E6%9D%B1%E4%BA%AC%E9%83%BD&sort=01&sbmap=false
株式会社 キャピタルメディカ,東京都,https://www.green-japan.com/job/110496,https://itp.ne.jp/keyword/?keyword=%E6%A0%AA%E5%BC%8F%E4%BC%9A%E7%A4%BE%20%E3%82%AD%E3%83%A3%E3%83%94%E3%82%BF%E3%83%AB%E3%83%A1%E3%83%87%E3%82%A3%E3%82%AB&areaword=%E6%9D%B1%E4%BA%AC%E9%83%BD&sort=01&sbmap=false
株式会社 JDSC,東京都,https://www.green-japan.com/job/101786,https://itp.ne.jp/keyword/?keyword=%E6%A0%AA%E5%BC%8F%E4%BC%9A%E7%A4%BE%20JDSC&areaword=%E6%9D%B1%E4%BA%AC%E9%83%BD&sort=01&sbmap=false
株式会社 アーキベース,東京都,https://www.green-japan.com/job/87887,https://itp.ne.jp/keyword/?keyword=%E6%A0%AA%E5%BC%8F%E4%BC%9A%E7%A4%BE%20%E3%82%A2%E3%83%BC%E3%82%AD%E3%83%99%E3%83%BC%E3%82%B9&areaword=%E6%9D%B1%E4%BA%AC%E9%83%BD&sort=01&sbmap=false
株式会社 Legoliss,東京都,https://www.green-japan.com/job/101911,https://itp.ne.jp/keyword/?keyword=%E6%A0%AA%E5%BC%8F%E4%BC%9A%E7%A4%BE%20Legoliss&areaword=%E6%9D%B1%E4%BA%AC%E9%83%BD&sort=01&sbmap=false
株式会社 Beer and Tech,滋賀県，奈良県，和歌山県，鳥取県，島根県，岡山県，広島県，山口県，徳島県，香川県，愛媛県，高知県，佐賀県，長崎県，熊本県，大分県，宮崎県，鹿児島県，沖縄県,https://www.green-japan.com/job/102959,https://itp.ne.jp/keyword/?keyword=%E6%A0%AA%E5%BC%8F%E4%BC%9A%E7%A4%BE%20Beer%20and%20Tech&areaword=%E6%BB%8B%E8%B3%80%E7%9C%8C%EF%BC%8C%E5%A5%88%E8%89%AF%E7%9C%8C%EF%BC%8C%E5%92%8C%E6%AD%8C%E5%B1%B1%E7%9C%8C%EF%BC%8C%E9%B3%A5%E5%8F%96%E7%9C%8C%EF%BC%8C%E5%B3%B6%E6%A0%B9%E7%9C%8C%EF%BC%8C%E5%B2%A1%E5%B1%B1%E7%9C%8C%EF%BC%8C%E5%BA%83%E5%B3%B6%E7%9C%8C%EF%BC%8C%E5%B1%B1%E5%8F%A3%E7%9C%8C%EF%BC%8C%E5%BE%B3%E5%B3%B6%E7%9C%8C%EF%BC%8C%E9%A6%99%E5%B7%9D%E7%9C%8C%EF%BC%8C%E6%84%9B%E5%AA%9B%E7%9C%8C%EF%BC%8C%E9%AB%98%E7%9F%A5%E7%9C%8C%EF%BC%8C%E4%BD%90%E8%B3%80%E7%9C%8C%EF%BC%8C%E9%95%B7%E5%B4%8E%E7%9C%8C%EF%BC%8C%E7%86%8A%E6%9C%AC%E7%9C%8C%EF%BC%8C%E5%A4%A7%E5%88%86%E7%9C%8C%EF%BC%8C%E5%AE%AE%E5%B4%8E%E7%9C%8C%EF%BC%8C%E9%B9%BF%E5%85%90%E5%B3%B6%E7%9C%8C%EF%BC%8C%E6%B2%96%E7%B8%84%E7%9C%8C&sort=01&sbmap=false
株式会社 BearTail,東京都,https://www.green-japan.com/job/112306,https://itp.ne.jp/keyword/?keyword=%E6%A0%AA%E5%BC%8F%E4%BC%9A%E7%A4%BE%20BearTail&areaword=%E6%9D%B1%E4%BA%AC%E9%83%BD&sort=01&sbmap=false
バルス 株式会社,全国,https://www.green-japan.com/job/106746,https://itp.ne.jp/keyword/?keyword=%E3%83%90%E3%83%AB%E3%82%B9%20%E6%A0%AA%E5%BC%8F%E4%BC%9A%E7%A4%BE&areaword=%E5%85%A8%E5%9B%BD&sort=01&sbmap=false
株式会社 はてな,東京都,https://www.green-japan.com/job/103450,https://itp.ne.jp/keyword/?keyword=%E6%A0%AA%E5%BC%8F%E4%BC%9A%E7%A4%BE%20%E3%81%AF%E3%81%A6%E3%81%AA&areaword=%E6%9D%B1%E4%BA%AC%E9%83%BD&sort=01&sbmap=false
株式会社 ベイカレント・コンサルティング,東京都,https://www.green-japan.com/job/67829,https://itp.ne.jp/keyword/?keyword=%E6%A0%AA%E5%BC%8F%E4%BC%9A%E7%A4%BE%20%E3%83%99%E3%82%A4%E3%82%AB%E3%83%AC%E3%83%B3%E3%83%88%E3%83%BB%E3%82%B3%E3%83%B3%E3%82%B5%E3%83%AB%E3%83%86%E3%82%A3%E3%83%B3%E3%82%B0&areaword=%E6%9D%B1%E4%BA%AC%E9%83%BD&sort=01&sbmap=false
株式会社 palan,東京都，全国,https://www.green-japan.com/job/106642,https://itp.ne.jp/keyword/?keyword=%E6%A0%AA%E5%BC%8F%E4%BC%9A%E7%A4%BE%20palan&areaword=%E6%9D%B1%E4%BA%AC%E9%83%BD%EF%BC%8C%E5%85%A8%E5%9B%BD&sort=01&sbmap=false
株式会社 ウィズパッション,神奈川県,https://www.green-japan.com/job/73907,https://itp.ne.jp/keyword/?keyword=%E6%A0%AA%E5%BC%8F%E4%BC%9A%E7%A4%BE%20%E3%82%A6%E3%82%A3%E3%82%BA%E3%83%91%E3%83%83%E3%82%B7%E3%83%A7%E3%83%B3&areaword=%E7%A5%9E%E5%A5%88%E5%B7%9D%E7%9C%8C&sort=01&sbmap=false
株式会社 CancerTechnologies,東京都,https://www.green-japan.com/job/86630,https://itp.ne.jp/keyword/?keyword=%E6%A0%AA%E5%BC%8F%E4%BC%9A%E7%A4%BE%20CancerTechnologies&areaword=%E6%9D%B1%E4%BA%AC%E9%83%BD&sort=01&sbmap=false
フォースタートアップス 株式会社,東京都,https://www.green-japan.com/job/95465,https://itp.ne.jp/keyword/?keyword=%E3%83%95%E3%82%A9%E3%83%BC%E3%82%B9%E3%82%BF%E3%83%BC%E3%83%88%E3%82%A2%E3%83%83%E3%83%97%E3%82%B9%20%E6%A0%AA%E5%BC%8F%E4%BC%9A%E7%A4%BE&areaword=%E6%9D%B1%E4%BA%AC%E9%83%BD&sort=01&sbmap=false
株式会社 Live2D,東京都,https://www.green-japan.com/job/37911,https://itp.ne.jp/keyword/?keyword=%E6%A0%AA%E5%BC%8F%E4%BC%9A%E7%A4%BE%20Live2D&areaword=%E6%9D%B1%E4%BA%AC%E9%83%BD&sort=01&sbmap=false
アクサス 株式会社,東京都,https://www.green-japan.com/job/101307,https://itp.ne.jp/keyword/?keyword=%E3%82%A2%E3%82%AF%E3%82%B5%E3%82%B9%20%E6%A0%AA%E5%BC%8F%E4%BC%9A%E7%A4%BE&areaword=%E6%9D%B1%E4%BA%AC%E9%83%BD&sort=01&sbmap=false
ターミナル 株式会社,東京都,https://www.green-japan.com/job/113173,https://itp.ne.jp/keyword/?keyword=%E3%82%BF%E3%83%BC%E3%83%9F%E3%83%8A%E3%83%AB%20%E6%A0%AA%E5%BC%8F%E4%BC%9A%E7%A4%BE&areaword=%E6%9D%B1%E4%BA%AC%E9%83%BD&sort=01&sbmap=false
株式会社 創新ラボ,東京都,https://www.green-japan.com/job/88311,https://itp.ne.jp/keyword/?keyword=%E6%A0%AA%E5%BC%8F%E4%BC%9A%E7%A4%BE%20%E5%89%B5%E6%96%B0%E3%83%A9%E3%83%9C&areaword=%E6%9D%B1%E4%BA%AC%E9%83%BD&sort=01&sbmap=false
株式会社 リンクアンドコミュニケーション,東京都,https://www.green-japan.com/job/68860,https://itp.ne.jp/keyword/?keyword=%E6%A0%AA%E5%BC%8F%E4%BC%9A%E7%A4%BE%20%E3%83%AA%E3%83%B3%E3%82%AF%E3%82%A2%E3%83%B3%E3%83%89%E3%82%B3%E3%83%9F%E3%83%A5%E3%83%8B%E3%82%B1%E3%83%BC%E3%82%B7%E3%83%A7%E3%83%B3&areaword=%E6%9D%B1%E4%BA%AC%E9%83%BD&sort=01&sbmap=false
quatre 株式会社,東京都,https://www.green-japan.com/job/97825,https://itp.ne.jp/keyword/?keyword=quatre%20%E6%A0%AA%E5%BC%8F%E4%BC%9A%E7%A4%BE&areaword=%E6%9D%B1%E4%BA%AC%E9%83%BD&sort=01&sbmap=false
ココネ 株式会社,東京都,https://www.green-japan.com/job/82332,https://itp.ne.jp/keyword/?keyword=%E3%82%B3%E3%82%B3%E3%83%8D%20%E6%A0%AA%E5%BC%8F%E4%BC%9A%E7%A4%BE&areaword=%E6%9D%B1%E4%BA%AC%E9%83%BD&sort=01&sbmap=false
バイオマス・フューエル 株式会社,群馬県,https://www.green-japan.com/job/105682,https://itp.ne.jp/keyword/?keyword=%E3%83%90%E3%82%A4%E3%82%AA%E3%83%9E%E3%82%B9%E3%83%BB%E3%83%95%E3%83%A5%E3%83%BC%E3%82%A8%E3%83%AB%20%E6%A0%AA%E5%BC%8F%E4%BC%9A%E7%A4%BE&areaword=%E7%BE%A4%E9%A6%AC%E7%9C%8C&sort=01&sbmap=false
Studio51 株式会社,東京都,https://www.green-japan.com/job/112727,https://itp.ne.jp/keyword/?keyword=Studio51%20%E6%A0%AA%E5%BC%8F%E4%BC%9A%E7%A4%BE&areaword=%E6%9D%B1%E4%BA%AC%E9%83%BD&sort=01&sbmap=false
