株式会社 デジタルシフトウェーブ,東京都,https://www.green-japan.com/job/98085,https://itp.ne.jp/keyword/?keyword=%E6%A0%AA%E5%BC%8F%E4%BC%9A%E7%A4%BE%20%E3%83%87%E3%82%B8%E3%82%BF%E3%83%AB%E3%82%B7%E3%83%95%E3%83%88%E3%82%A6%E3%82%A7%E3%83%BC%E3%83%96&areaword=%E6%9D%B1%E4%BA%AC%E9%83%BD&sort=01&sbmap=false
株式会社 フライウィール,東京都,https://www.green-japan.com/job/94405,https://itp.ne.jp/keyword/?keyword=%E6%A0%AA%E5%BC%8F%E4%BC%9A%E7%A4%BE%20%E3%83%95%E3%83%A9%E3%82%A4%E3%82%A6%E3%82%A3%E3%83%BC%E3%83%AB&areaword=%E6%9D%B1%E4%BA%AC%E9%83%BD&sort=01&sbmap=false
株式会社 PIGNUS,東京都,https://www.green-japan.com/job/115703,https://itp.ne.jp/keyword/?keyword=%E6%A0%AA%E5%BC%8F%E4%BC%9A%E7%A4%BE%20PIGNUS&areaword=%E6%9D%B1%E4%BA%AC%E9%83%BD&sort=01&sbmap=false
株式会社 キャンサースキャン,東京都,https://www.green-japan.com/job/111819,https://itp.ne.jp/keyword/?keyword=%E6%A0%AA%E5%BC%8F%E4%BC%9A%E7%A4%BE%20%E3%82%AD%E3%83%A3%E3%83%B3%E3%82%B5%E3%83%BC%E3%82%B9%E3%82%AD%E3%83%A3%E3%83%B3&areaword=%E6%9D%B1%E4%BA%AC%E9%83%BD&sort=01&sbmap=false
s1_name,s3_location,s2_a_url,https://itp.ne.jp/keyword/?keyword=s1_name&areaword=s3_location&sort=01&sbmap=false
株式会社 Regrit Partners,東京都,https://www.green-japan.com/job/106752,https://itp.ne.jp/keyword/?keyword=%E6%A0%AA%E5%BC%8F%E4%BC%9A%E7%A4%BE%20Regrit%20Partners&areaword=%E6%9D%B1%E4%BA%AC%E9%83%BD&sort=01&sbmap=false
株式会社 エル・ティー・エス,埼玉県，千葉県，東京都，神奈川県,https://www.green-japan.com/job/113890,https://itp.ne.jp/keyword/?keyword=%E6%A0%AA%E5%BC%8F%E4%BC%9A%E7%A4%BE%20%E3%82%A8%E3%83%AB%E3%83%BB%E3%83%86%E3%82%A3%E3%83%BC%E3%83%BB%E3%82%A8%E3%82%B9&areaword=%E5%9F%BC%E7%8E%89%E7%9C%8C%EF%BC%8C%E5%8D%83%E8%91%89%E7%9C%8C%EF%BC%8C%E6%9D%B1%E4%BA%AC%E9%83%BD%EF%BC%8C%E7%A5%9E%E5%A5%88%E5%B7%9D%E7%9C%8C&sort=01&sbmap=false
コダワリ・ビジネス・コンサルティング 株式会社,東京都,https://www.green-japan.com/job/21752,https://itp.ne.jp/keyword/?keyword=%E3%82%B3%E3%83%80%E3%83%AF%E3%83%AA%E3%83%BB%E3%83%93%E3%82%B8%E3%83%8D%E3%82%B9%E3%83%BB%E3%82%B3%E3%83%B3%E3%82%B5%E3%83%AB%E3%83%86%E3%82%A3%E3%83%B3%E3%82%B0%20%E6%A0%AA%E5%BC%8F%E4%BC%9A%E7%A4%BE&areaword=%E6%9D%B1%E4%BA%AC%E9%83%BD&sort=01&sbmap=false
株式会社 テクノモバイル,東京都,https://www.green-japan.com/job/86880,https://itp.ne.jp/keyword/?keyword=%E6%A0%AA%E5%BC%8F%E4%BC%9A%E7%A4%BE%20%E3%83%86%E3%82%AF%E3%83%8E%E3%83%A2%E3%83%90%E3%82%A4%E3%83%AB&areaword=%E6%9D%B1%E4%BA%AC%E9%83%BD&sort=01&sbmap=false
株式会社 バリュレイト,東京都,https://www.green-japan.com/job/116070,https://itp.ne.jp/keyword/?keyword=%E6%A0%AA%E5%BC%8F%E4%BC%9A%E7%A4%BE%20%E3%83%90%E3%83%AA%E3%83%A5%E3%83%AC%E3%82%A4%E3%83%88&areaword=%E6%9D%B1%E4%BA%AC%E9%83%BD&sort=01&sbmap=false
ケイスリー 株式会社,東京都,https://www.green-japan.com/job/108600,https://itp.ne.jp/keyword/?keyword=%E3%82%B1%E3%82%A4%E3%82%B9%E3%83%AA%E3%83%BC%20%E6%A0%AA%E5%BC%8F%E4%BC%9A%E7%A4%BE&areaword=%E6%9D%B1%E4%BA%AC%E9%83%BD&sort=01&sbmap=false
グリーンモンスター 株式会社,東京都,https://www.green-japan.com/job/77512,https://itp.ne.jp/keyword/?keyword=%E3%82%B0%E3%83%AA%E3%83%BC%E3%83%B3%E3%83%A2%E3%83%B3%E3%82%B9%E3%82%BF%E3%83%BC%20%E6%A0%AA%E5%BC%8F%E4%BC%9A%E7%A4%BE&areaword=%E6%9D%B1%E4%BA%AC%E9%83%BD&sort=01&sbmap=false
株式会社 Roseau Pensant,東京都,https://www.green-japan.com/job/30830,https://itp.ne.jp/keyword/?keyword=%E6%A0%AA%E5%BC%8F%E4%BC%9A%E7%A4%BE%20Roseau%20Pensant&areaword=%E6%9D%B1%E4%BA%AC%E9%83%BD&sort=01&sbmap=false
株式会社 リジョブ,東京都,https://www.green-japan.com/job/106232,https://itp.ne.jp/keyword/?keyword=%E6%A0%AA%E5%BC%8F%E4%BC%9A%E7%A4%BE%20%E3%83%AA%E3%82%B8%E3%83%A7%E3%83%96&areaword=%E6%9D%B1%E4%BA%AC%E9%83%BD&sort=01&sbmap=false
株式会社 サイバー・バズ,東京都,https://www.green-japan.com/job/41277,https://itp.ne.jp/keyword/?keyword=%E6%A0%AA%E5%BC%8F%E4%BC%9A%E7%A4%BE%20%E3%82%B5%E3%82%A4%E3%83%90%E3%83%BC%E3%83%BB%E3%83%90%E3%82%BA&areaword=%E6%9D%B1%E4%BA%AC%E9%83%BD&sort=01&sbmap=false
株式会社 ビジネス アソシエイツ,東京都，大阪府,https://www.green-japan.com/job/85485,https://itp.ne.jp/keyword/?keyword=%E6%A0%AA%E5%BC%8F%E4%BC%9A%E7%A4%BE%20%E3%83%93%E3%82%B8%E3%83%8D%E3%82%B9%20%E3%82%A2%E3%82%BD%E3%82%B7%E3%82%A8%E3%82%A4%E3%83%84&areaword=%E6%9D%B1%E4%BA%AC%E9%83%BD%EF%BC%8C%E5%A4%A7%E9%98%AA%E5%BA%9C&sort=01&sbmap=false
クービック 株式会社,東京都,https://www.green-japan.com/job/114615,https://itp.ne.jp/keyword/?keyword=%E3%82%AF%E3%83%BC%E3%83%93%E3%83%83%E3%82%AF%20%E6%A0%AA%E5%BC%8F%E4%BC%9A%E7%A4%BE&areaword=%E6%9D%B1%E4%BA%AC%E9%83%BD&sort=01&sbmap=false
株式会社 WAKUWAKU,東京都,https://www.green-japan.com/job/103845,https://itp.ne.jp/keyword/?keyword=%E6%A0%AA%E5%BC%8F%E4%BC%9A%E7%A4%BE%20WAKUWAKU&areaword=%E6%9D%B1%E4%BA%AC%E9%83%BD&sort=01&sbmap=false
FISM 株式会社,東京都,https://www.green-japan.com/job/96100,https://itp.ne.jp/keyword/?keyword=FISM%20%E6%A0%AA%E5%BC%8F%E4%BC%9A%E7%A4%BE&areaword=%E6%9D%B1%E4%BA%AC%E9%83%BD&sort=01&sbmap=false
株式会社 サイトビジット,東京都,https://www.green-japan.com/job/115397,https://itp.ne.jp/keyword/?keyword=%E6%A0%AA%E5%BC%8F%E4%BC%9A%E7%A4%BE%20%E3%82%B5%E3%82%A4%E3%83%88%E3%83%93%E3%82%B8%E3%83%83%E3%83%88&areaword=%E6%9D%B1%E4%BA%AC%E9%83%BD&sort=01&sbmap=false
株式会社 チームスピリット,東京都，海外,https://www.green-japan.com/job/85324,https://itp.ne.jp/keyword/?keyword=%E6%A0%AA%E5%BC%8F%E4%BC%9A%E7%A4%BE%20%E3%83%81%E3%83%BC%E3%83%A0%E3%82%B9%E3%83%94%E3%83%AA%E3%83%83%E3%83%88&areaword=%E6%9D%B1%E4%BA%AC%E9%83%BD%EF%BC%8C%E6%B5%B7%E5%A4%96&sort=01&sbmap=false
株式会社 CryptoPie,東京都,https://www.green-japan.com/job/108356,https://itp.ne.jp/keyword/?keyword=%E6%A0%AA%E5%BC%8F%E4%BC%9A%E7%A4%BE%20CryptoPie&areaword=%E6%9D%B1%E4%BA%AC%E9%83%BD&sort=01&sbmap=false
Ascent Business Consulting 株式会社,東京都,https://www.green-japan.com/job/116234,https://itp.ne.jp/keyword/?keyword=Ascent%20Business%20Consulting%20%E6%A0%AA%E5%BC%8F%E4%BC%9A%E7%A4%BE&areaword=%E6%9D%B1%E4%BA%AC%E9%83%BD&sort=01&sbmap=false
ミュージックセキュリティーズ 株式会社,東京都,https://www.green-japan.com/job/54751,https://itp.ne.jp/keyword/?keyword=%E3%83%9F%E3%83%A5%E3%83%BC%E3%82%B8%E3%83%83%E3%82%AF%E3%82%BB%E3%82%AD%E3%83%A5%E3%83%AA%E3%83%86%E3%82%A3%E3%83%BC%E3%82%BA%20%E6%A0%AA%E5%BC%8F%E4%BC%9A%E7%A4%BE&areaword=%E6%9D%B1%E4%BA%AC%E9%83%BD&sort=01&sbmap=false
株式会社 ネクストビート,東京都,https://www.green-japan.com/job/89290,https://itp.ne.jp/keyword/?keyword=%E6%A0%AA%E5%BC%8F%E4%BC%9A%E7%A4%BE%20%E3%83%8D%E3%82%AF%E3%82%B9%E3%83%88%E3%83%93%E3%83%BC%E3%83%88&areaword=%E6%9D%B1%E4%BA%AC%E9%83%BD&sort=01&sbmap=false
AI CROSS 株式会社,東京都,https://www.green-japan.com/job/112537,https://itp.ne.jp/keyword/?keyword=AI%20CROSS%20%E6%A0%AA%E5%BC%8F%E4%BC%9A%E7%A4%BE&areaword=%E6%9D%B1%E4%BA%AC%E9%83%BD&sort=01&sbmap=false
株式会社 ROXX（旧名：株式会社SCOUTER）,東京都,https://www.green-japan.com/job/99651,https://itp.ne.jp/keyword/?keyword=%E6%A0%AA%E5%BC%8F%E4%BC%9A%E7%A4%BE%20ROXX%EF%BC%88%E6%97%A7%E5%90%8D%EF%BC%9A%E6%A0%AA%E5%BC%8F%E4%BC%9A%E7%A4%BESCOUTER%EF%BC%89&areaword=%E6%9D%B1%E4%BA%AC%E9%83%BD&sort=01&sbmap=false
株式会社 グローマス,東京都,https://www.green-japan.com/job/113432,https://itp.ne.jp/keyword/?keyword=%E6%A0%AA%E5%BC%8F%E4%BC%9A%E7%A4%BE%20%E3%82%B0%E3%83%AD%E3%83%BC%E3%83%9E%E3%82%B9&areaword=%E6%9D%B1%E4%BA%AC%E9%83%BD&sort=01&sbmap=false
INCLUSIVE 株式会社,東京都,https://www.green-japan.com/job/33757,https://itp.ne.jp/keyword/?keyword=INCLUSIVE%20%E6%A0%AA%E5%BC%8F%E4%BC%9A%E7%A4%BE&areaword=%E6%9D%B1%E4%BA%AC%E9%83%BD&sort=01&sbmap=false
ナイル 株式会社,東京都,https://www.green-japan.com/job/104402,https://itp.ne.jp/keyword/?keyword=%E3%83%8A%E3%82%A4%E3%83%AB%20%E6%A0%AA%E5%BC%8F%E4%BC%9A%E7%A4%BE&areaword=%E6%9D%B1%E4%BA%AC%E9%83%BD&sort=01&sbmap=false
パクテラ・テクノロジー・ジャパン 株式会社,東京都,https://www.green-japan.com/job/116288,https://itp.ne.jp/keyword/?keyword=%E3%83%91%E3%82%AF%E3%83%86%E3%83%A9%E3%83%BB%E3%83%86%E3%82%AF%E3%83%8E%E3%83%AD%E3%82%B8%E3%83%BC%E3%83%BB%E3%82%B8%E3%83%A3%E3%83%91%E3%83%B3%20%E6%A0%AA%E5%BC%8F%E4%BC%9A%E7%A4%BE&areaword=%E6%9D%B1%E4%BA%AC%E9%83%BD&sort=01&sbmap=false
株式会社 デンタルアシスト,東京都,https://www.green-japan.com/job/115370,https://itp.ne.jp/keyword/?keyword=%E6%A0%AA%E5%BC%8F%E4%BC%9A%E7%A4%BE%20%E3%83%87%E3%83%B3%E3%82%BF%E3%83%AB%E3%82%A2%E3%82%B7%E3%82%B9%E3%83%88&areaword=%E6%9D%B1%E4%BA%AC%E9%83%BD&sort=01&sbmap=false
株式会社 ランチェスター,東京都,https://www.green-japan.com/job/115272,https://itp.ne.jp/keyword/?keyword=%E6%A0%AA%E5%BC%8F%E4%BC%9A%E7%A4%BE%20%E3%83%A9%E3%83%B3%E3%83%81%E3%82%A7%E3%82%B9%E3%82%BF%E3%83%BC&areaword=%E6%9D%B1%E4%BA%AC%E9%83%BD&sort=01&sbmap=false
BAMV 合同会社,東京都,https://www.green-japan.com/job/95112,https://itp.ne.jp/keyword/?keyword=BAMV%20%E5%90%88%E5%90%8C%E4%BC%9A%E7%A4%BE&areaword=%E6%9D%B1%E4%BA%AC%E9%83%BD&sort=01&sbmap=false
株式会社 BNGパートナーズ,東京都,https://www.green-japan.com/job/116024,https://itp.ne.jp/keyword/?keyword=%E6%A0%AA%E5%BC%8F%E4%BC%9A%E7%A4%BE%20BNG%E3%83%91%E3%83%BC%E3%83%88%E3%83%8A%E3%83%BC%E3%82%BA&areaword=%E6%9D%B1%E4%BA%AC%E9%83%BD&sort=01&sbmap=false
株式会社 チュートリアル,東京都,https://www.green-japan.com/job/115500,https://itp.ne.jp/keyword/?keyword=%E6%A0%AA%E5%BC%8F%E4%BC%9A%E7%A4%BE%20%E3%83%81%E3%83%A5%E3%83%BC%E3%83%88%E3%83%AA%E3%82%A2%E3%83%AB&areaword=%E6%9D%B1%E4%BA%AC%E9%83%BD&sort=01&sbmap=false
電通アイソバー 株式会社,東京都,https://www.green-japan.com/job/82769,https://itp.ne.jp/keyword/?keyword=%E9%9B%BB%E9%80%9A%E3%82%A2%E3%82%A4%E3%82%BD%E3%83%90%E3%83%BC%20%E6%A0%AA%E5%BC%8F%E4%BC%9A%E7%A4%BE&areaword=%E6%9D%B1%E4%BA%AC%E9%83%BD&sort=01&sbmap=false
株式会社 ベアーズ,東京都,https://www.green-japan.com/job/115392,https://itp.ne.jp/keyword/?keyword=%E6%A0%AA%E5%BC%8F%E4%BC%9A%E7%A4%BE%20%E3%83%99%E3%82%A2%E3%83%BC%E3%82%BA&areaword=%E6%9D%B1%E4%BA%AC%E9%83%BD&sort=01&sbmap=false
株式会社 HR Force,東京都,https://www.green-japan.com/job/67923,https://itp.ne.jp/keyword/?keyword=%E6%A0%AA%E5%BC%8F%E4%BC%9A%E7%A4%BE%20HR%20Force&areaword=%E6%9D%B1%E4%BA%AC%E9%83%BD&sort=01&sbmap=false
株式会社 ユーティル,東京都,https://www.green-japan.com/job/114568,https://itp.ne.jp/keyword/?keyword=%E6%A0%AA%E5%BC%8F%E4%BC%9A%E7%A4%BE%20%E3%83%A6%E3%83%BC%E3%83%86%E3%82%A3%E3%83%AB&areaword=%E6%9D%B1%E4%BA%AC%E9%83%BD&sort=01&sbmap=false
株式会社 BTM,東京都,https://www.green-japan.com/job/103120,https://itp.ne.jp/keyword/?keyword=%E6%A0%AA%E5%BC%8F%E4%BC%9A%E7%A4%BE%20BTM&areaword=%E6%9D%B1%E4%BA%AC%E9%83%BD&sort=01&sbmap=false
株式会社 シャノン,東京都,https://www.green-japan.com/job/116098,https://itp.ne.jp/keyword/?keyword=%E6%A0%AA%E5%BC%8F%E4%BC%9A%E7%A4%BE%20%E3%82%B7%E3%83%A3%E3%83%8E%E3%83%B3&areaword=%E6%9D%B1%E4%BA%AC%E9%83%BD&sort=01&sbmap=false
株式会社 識学,東京都,https://www.green-japan.com/job/105231,https://itp.ne.jp/keyword/?keyword=%E6%A0%AA%E5%BC%8F%E4%BC%9A%E7%A4%BE%20%E8%AD%98%E5%AD%A6&areaword=%E6%9D%B1%E4%BA%AC%E9%83%BD&sort=01&sbmap=false
アイムファクトリー 株式会社,埼玉県，千葉県，東京都，神奈川県，京都府，大阪府，兵庫県，奈良県,https://www.green-japan.com/job/115405,https://itp.ne.jp/keyword/?keyword=%E3%82%A2%E3%82%A4%E3%83%A0%E3%83%95%E3%82%A1%E3%82%AF%E3%83%88%E3%83%AA%E3%83%BC%20%E6%A0%AA%E5%BC%8F%E4%BC%9A%E7%A4%BE&areaword=%E5%9F%BC%E7%8E%89%E7%9C%8C%EF%BC%8C%E5%8D%83%E8%91%89%E7%9C%8C%EF%BC%8C%E6%9D%B1%E4%BA%AC%E9%83%BD%EF%BC%8C%E7%A5%9E%E5%A5%88%E5%B7%9D%E7%9C%8C%EF%BC%8C%E4%BA%AC%E9%83%BD%E5%BA%9C%EF%BC%8C%E5%A4%A7%E9%98%AA%E5%BA%9C%EF%BC%8C%E5%85%B5%E5%BA%AB%E7%9C%8C%EF%BC%8C%E5%A5%88%E8%89%AF%E7%9C%8C&sort=01&sbmap=false
株式会社 ケップル,東京都,https://www.green-japan.com/job/114482,https://itp.ne.jp/keyword/?keyword=%E6%A0%AA%E5%BC%8F%E4%BC%9A%E7%A4%BE%20%E3%82%B1%E3%83%83%E3%83%97%E3%83%AB&areaword=%E6%9D%B1%E4%BA%AC%E9%83%BD&sort=01&sbmap=false
株式会社 ロケーションバリュー,東京都,https://www.green-japan.com/job/103359,https://itp.ne.jp/keyword/?keyword=%E6%A0%AA%E5%BC%8F%E4%BC%9A%E7%A4%BE%20%E3%83%AD%E3%82%B1%E3%83%BC%E3%82%B7%E3%83%A7%E3%83%B3%E3%83%90%E3%83%AA%E3%83%A5%E3%83%BC&areaword=%E6%9D%B1%E4%BA%AC%E9%83%BD&sort=01&sbmap=false
アートトレーディング 株式会社,静岡県,https://www.green-japan.com/job/114996,https://itp.ne.jp/keyword/?keyword=%E3%82%A2%E3%83%BC%E3%83%88%E3%83%88%E3%83%AC%E3%83%BC%E3%83%87%E3%82%A3%E3%83%B3%E3%82%B0%20%E6%A0%AA%E5%BC%8F%E4%BC%9A%E7%A4%BE&areaword=%E9%9D%99%E5%B2%A1%E7%9C%8C&sort=01&sbmap=false
ソフトブレーン 株式会社,東京都,https://www.green-japan.com/job/115884,https://itp.ne.jp/keyword/?keyword=%E3%82%BD%E3%83%95%E3%83%88%E3%83%96%E3%83%AC%E3%83%BC%E3%83%B3%20%E6%A0%AA%E5%BC%8F%E4%BC%9A%E7%A4%BE&areaword=%E6%9D%B1%E4%BA%AC%E9%83%BD&sort=01&sbmap=false
学校法人 麻生塾,福岡県,https://www.green-japan.com/job/116114,https://itp.ne.jp/keyword/?keyword=%E5%AD%A6%E6%A0%A1%E6%B3%95%E4%BA%BA%20%E9%BA%BB%E7%94%9F%E5%A1%BE&areaword=%E7%A6%8F%E5%B2%A1%E7%9C%8C&sort=01&sbmap=false
Supership 株式会社,東京都,https://www.green-japan.com/job/114287,https://itp.ne.jp/keyword/?keyword=Supership%20%E6%A0%AA%E5%BC%8F%E4%BC%9A%E7%A4%BE&areaword=%E6%9D%B1%E4%BA%AC%E9%83%BD&sort=01&sbmap=false
株式会社 MyRefer,東京都,https://www.green-japan.com/job/85297,https://itp.ne.jp/keyword/?keyword=%E6%A0%AA%E5%BC%8F%E4%BC%9A%E7%A4%BE%20MyRefer&areaword=%E6%9D%B1%E4%BA%AC%E9%83%BD&sort=01&sbmap=false
株式会社 日立製作所,東京都,https://www.green-japan.com/job/102809,https://itp.ne.jp/keyword/?keyword=%E6%A0%AA%E5%BC%8F%E4%BC%9A%E7%A4%BE%20%E6%97%A5%E7%AB%8B%E8%A3%BD%E4%BD%9C%E6%89%80&areaword=%E6%9D%B1%E4%BA%AC%E9%83%BD&sort=01&sbmap=false
iYell 株式会社,東京都,https://www.green-japan.com/job/115240,https://itp.ne.jp/keyword/?keyword=iYell%20%E6%A0%AA%E5%BC%8F%E4%BC%9A%E7%A4%BE&areaword=%E6%9D%B1%E4%BA%AC%E9%83%BD&sort=01&sbmap=false
FANTAS technology 株式会社,東京都,https://www.green-japan.com/job/112573,https://itp.ne.jp/keyword/?keyword=FANTAS%20technology%20%E6%A0%AA%E5%BC%8F%E4%BC%9A%E7%A4%BE&areaword=%E6%9D%B1%E4%BA%AC%E9%83%BD&sort=01&sbmap=false
株式会社 エヌエルプラス,東京都,https://www.green-japan.com/job/109594,https://itp.ne.jp/keyword/?keyword=%E6%A0%AA%E5%BC%8F%E4%BC%9A%E7%A4%BE%20%E3%82%A8%E3%83%8C%E3%82%A8%E3%83%AB%E3%83%97%E3%83%A9%E3%82%B9&areaword=%E6%9D%B1%E4%BA%AC%E9%83%BD&sort=01&sbmap=false
株式会社 UPDATA（旧：ダイヤモンドメディア株式会社）,東京都，全国,https://www.green-japan.com/job/114680,https://itp.ne.jp/keyword/?keyword=%E6%A0%AA%E5%BC%8F%E4%BC%9A%E7%A4%BE%20UPDATA%EF%BC%88%E6%97%A7%EF%BC%9A%E3%83%80%E3%82%A4%E3%83%A4%E3%83%A2%E3%83%B3%E3%83%89%E3%83%A1%E3%83%87%E3%82%A3%E3%82%A2%E6%A0%AA%E5%BC%8F%E4%BC%9A%E7%A4%BE%EF%BC%89&areaword=%E6%9D%B1%E4%BA%AC%E9%83%BD%EF%BC%8C%E5%85%A8%E5%9B%BD&sort=01&sbmap=false
株式会社 Liberaware,千葉県,https://www.green-japan.com/job/115834,https://itp.ne.jp/keyword/?keyword=%E6%A0%AA%E5%BC%8F%E4%BC%9A%E7%A4%BE%20Liberaware&areaword=%E5%8D%83%E8%91%89%E7%9C%8C&sort=01&sbmap=false
株式会社 アトラエ,東京都,https://www.green-japan.com/job/90670,https://itp.ne.jp/keyword/?keyword=%E6%A0%AA%E5%BC%8F%E4%BC%9A%E7%A4%BE%20%E3%82%A2%E3%83%88%E3%83%A9%E3%82%A8&areaword=%E6%9D%B1%E4%BA%AC%E9%83%BD&sort=01&sbmap=false
株式会社 アズライト,東京都,https://www.green-japan.com/job/110669,https://itp.ne.jp/keyword/?keyword=%E6%A0%AA%E5%BC%8F%E4%BC%9A%E7%A4%BE%20%E3%82%A2%E3%82%BA%E3%83%A9%E3%82%A4%E3%83%88&areaword=%E6%9D%B1%E4%BA%AC%E9%83%BD&sort=01&sbmap=false
株式会社 TAPP,大阪府,https://www.green-japan.com/job/113264,https://itp.ne.jp/keyword/?keyword=%E6%A0%AA%E5%BC%8F%E4%BC%9A%E7%A4%BE%20TAPP&areaword=%E5%A4%A7%E9%98%AA%E5%BA%9C&sort=01&sbmap=false
株式会社 トラストリッジ,東京都,https://www.green-japan.com/job/115099,https://itp.ne.jp/keyword/?keyword=%E6%A0%AA%E5%BC%8F%E4%BC%9A%E7%A4%BE%20%E3%83%88%E3%83%A9%E3%82%B9%E3%83%88%E3%83%AA%E3%83%83%E3%82%B8&areaword=%E6%9D%B1%E4%BA%AC%E9%83%BD&sort=01&sbmap=false
株式会社 ブレインパッド,東京都,https://www.green-japan.com/job/44895,https://itp.ne.jp/keyword/?keyword=%E6%A0%AA%E5%BC%8F%E4%BC%9A%E7%A4%BE%20%E3%83%96%E3%83%AC%E3%82%A4%E3%83%B3%E3%83%91%E3%83%83%E3%83%89&areaword=%E6%9D%B1%E4%BA%AC%E9%83%BD&sort=01&sbmap=false
株式会社 グラム,東京都,https://www.green-japan.com/job/109931,https://itp.ne.jp/keyword/?keyword=%E6%A0%AA%E5%BC%8F%E4%BC%9A%E7%A4%BE%20%E3%82%B0%E3%83%A9%E3%83%A0&areaword=%E6%9D%B1%E4%BA%AC%E9%83%BD&sort=01&sbmap=false
株式会社 ファーストデジタル,東京都,https://www.green-japan.com/job/107147,https://itp.ne.jp/keyword/?keyword=%E6%A0%AA%E5%BC%8F%E4%BC%9A%E7%A4%BE%20%E3%83%95%E3%82%A1%E3%83%BC%E3%82%B9%E3%83%88%E3%83%87%E3%82%B8%E3%82%BF%E3%83%AB&areaword=%E6%9D%B1%E4%BA%AC%E9%83%BD&sort=01&sbmap=false
株式会社 メドレー,東京都,https://www.green-japan.com/job/106599,https://itp.ne.jp/keyword/?keyword=%E6%A0%AA%E5%BC%8F%E4%BC%9A%E7%A4%BE%20%E3%83%A1%E3%83%89%E3%83%AC%E3%83%BC&areaword=%E6%9D%B1%E4%BA%AC%E9%83%BD&sort=01&sbmap=false
株式会社 アイデンティティー,東京都,https://www.green-japan.com/job/103112,https://itp.ne.jp/keyword/?keyword=%E6%A0%AA%E5%BC%8F%E4%BC%9A%E7%A4%BE%20%E3%82%A2%E3%82%A4%E3%83%87%E3%83%B3%E3%83%86%E3%82%A3%E3%83%86%E3%82%A3%E3%83%BC&areaword=%E6%9D%B1%E4%BA%AC%E9%83%BD&sort=01&sbmap=false
デジタルアーツコンサルティング 株式会社,東京都,https://www.green-japan.com/job/91693,https://itp.ne.jp/keyword/?keyword=%E3%83%87%E3%82%B8%E3%82%BF%E3%83%AB%E3%82%A2%E3%83%BC%E3%83%84%E3%82%B3%E3%83%B3%E3%82%B5%E3%83%AB%E3%83%86%E3%82%A3%E3%83%B3%E3%82%B0%20%E6%A0%AA%E5%BC%8F%E4%BC%9A%E7%A4%BE&areaword=%E6%9D%B1%E4%BA%AC%E9%83%BD&sort=01&sbmap=false
株式会社 プロジット,東京都，神奈川県,https://www.green-japan.com/job/30299,https://itp.ne.jp/keyword/?keyword=%E6%A0%AA%E5%BC%8F%E4%BC%9A%E7%A4%BE%20%E3%83%97%E3%83%AD%E3%82%B8%E3%83%83%E3%83%88&areaword=%E6%9D%B1%E4%BA%AC%E9%83%BD%EF%BC%8C%E7%A5%9E%E5%A5%88%E5%B7%9D%E7%9C%8C&sort=01&sbmap=false
株式会社 GameWith,東京都,https://www.green-japan.com/job/108977,https://itp.ne.jp/keyword/?keyword=%E6%A0%AA%E5%BC%8F%E4%BC%9A%E7%A4%BE%20GameWith&areaword=%E6%9D%B1%E4%BA%AC%E9%83%BD&sort=01&sbmap=false
株式会社 LIFULL senior,東京都,https://www.green-japan.com/job/100332,https://itp.ne.jp/keyword/?keyword=%E6%A0%AA%E5%BC%8F%E4%BC%9A%E7%A4%BE%20LIFULL%20senior&areaword=%E6%9D%B1%E4%BA%AC%E9%83%BD&sort=01&sbmap=false
株式会社 柴田ビジネス・コンサルティング,大阪府,https://www.green-japan.com/job/102798,https://itp.ne.jp/keyword/?keyword=%E6%A0%AA%E5%BC%8F%E4%BC%9A%E7%A4%BE%20%E6%9F%B4%E7%94%B0%E3%83%93%E3%82%B8%E3%83%8D%E3%82%B9%E3%83%BB%E3%82%B3%E3%83%B3%E3%82%B5%E3%83%AB%E3%83%86%E3%82%A3%E3%83%B3%E3%82%B0&areaword=%E5%A4%A7%E9%98%AA%E5%BA%9C&sort=01&sbmap=false
株式会社 キャピタルメディカ,東京都,https://www.green-japan.com/job/110208,https://itp.ne.jp/keyword/?keyword=%E6%A0%AA%E5%BC%8F%E4%BC%9A%E7%A4%BE%20%E3%82%AD%E3%83%A3%E3%83%94%E3%82%BF%E3%83%AB%E3%83%A1%E3%83%87%E3%82%A3%E3%82%AB&areaword=%E6%9D%B1%E4%BA%AC%E9%83%BD&sort=01&sbmap=false
株式会社 カイマデータ,東京都,https://www.green-japan.com/job/107220,https://itp.ne.jp/keyword/?keyword=%E6%A0%AA%E5%BC%8F%E4%BC%9A%E7%A4%BE%20%E3%82%AB%E3%82%A4%E3%83%9E%E3%83%87%E3%83%BC%E3%82%BF&areaword=%E6%9D%B1%E4%BA%AC%E9%83%BD&sort=01&sbmap=false
ファーストアカウンティング 株式会社,東京都,https://www.green-japan.com/job/106831,https://itp.ne.jp/keyword/?keyword=%E3%83%95%E3%82%A1%E3%83%BC%E3%82%B9%E3%83%88%E3%82%A2%E3%82%AB%E3%82%A6%E3%83%B3%E3%83%86%E3%82%A3%E3%83%B3%E3%82%B0%20%E6%A0%AA%E5%BC%8F%E4%BC%9A%E7%A4%BE&areaword=%E6%9D%B1%E4%BA%AC%E9%83%BD&sort=01&sbmap=false
株式会社 Trueone,埼玉県，千葉県，東京都，神奈川県，大阪府,https://www.green-japan.com/job/50126,https://itp.ne.jp/keyword/?keyword=%E6%A0%AA%E5%BC%8F%E4%BC%9A%E7%A4%BE%20Trueone&areaword=%E5%9F%BC%E7%8E%89%E7%9C%8C%EF%BC%8C%E5%8D%83%E8%91%89%E7%9C%8C%EF%BC%8C%E6%9D%B1%E4%BA%AC%E9%83%BD%EF%BC%8C%E7%A5%9E%E5%A5%88%E5%B7%9D%E7%9C%8C%EF%BC%8C%E5%A4%A7%E9%98%AA%E5%BA%9C&sort=01&sbmap=false
株式会社 WARC,東京都,https://www.green-japan.com/job/81405,https://itp.ne.jp/keyword/?keyword=%E6%A0%AA%E5%BC%8F%E4%BC%9A%E7%A4%BE%20WARC&areaword=%E6%9D%B1%E4%BA%AC%E9%83%BD&sort=01&sbmap=false
エクスチュア 株式会社,東京都,https://www.green-japan.com/job/34845,https://itp.ne.jp/keyword/?keyword=%E3%82%A8%E3%82%AF%E3%82%B9%E3%83%81%E3%83%A5%E3%82%A2%20%E6%A0%AA%E5%BC%8F%E4%BC%9A%E7%A4%BE&areaword=%E6%9D%B1%E4%BA%AC%E9%83%BD&sort=01&sbmap=false
株式会社 いい生活,大阪府,https://www.green-japan.com/job/96776,https://itp.ne.jp/keyword/?keyword=%E6%A0%AA%E5%BC%8F%E4%BC%9A%E7%A4%BE%20%E3%81%84%E3%81%84%E7%94%9F%E6%B4%BB&areaword=%E5%A4%A7%E9%98%AA%E5%BA%9C&sort=01&sbmap=false
MOCAL 株式会社,埼玉県，千葉県，東京都，神奈川県,https://www.green-japan.com/job/65090,https://itp.ne.jp/keyword/?keyword=MOCAL%20%E6%A0%AA%E5%BC%8F%E4%BC%9A%E7%A4%BE&areaword=%E5%9F%BC%E7%8E%89%E7%9C%8C%EF%BC%8C%E5%8D%83%E8%91%89%E7%9C%8C%EF%BC%8C%E6%9D%B1%E4%BA%AC%E9%83%BD%EF%BC%8C%E7%A5%9E%E5%A5%88%E5%B7%9D%E7%9C%8C&sort=01&sbmap=false
DATUM STUDIO 株式会社,東京都,https://www.green-japan.com/job/110441,https://itp.ne.jp/keyword/?keyword=DATUM%20STUDIO%20%E6%A0%AA%E5%BC%8F%E4%BC%9A%E7%A4%BE&areaword=%E6%9D%B1%E4%BA%AC%E9%83%BD&sort=01&sbmap=false
株式会社 サイカ,東京都,https://www.green-japan.com/job/109921,https://itp.ne.jp/keyword/?keyword=%E6%A0%AA%E5%BC%8F%E4%BC%9A%E7%A4%BE%20%E3%82%B5%E3%82%A4%E3%82%AB&areaword=%E6%9D%B1%E4%BA%AC%E9%83%BD&sort=01&sbmap=false
株式会社 TMJ,東京都,https://www.green-japan.com/job/107351,https://itp.ne.jp/keyword/?keyword=%E6%A0%AA%E5%BC%8F%E4%BC%9A%E7%A4%BE%20TMJ&areaword=%E6%9D%B1%E4%BA%AC%E9%83%BD&sort=01&sbmap=false
株式会社 ALL CONNECT,大阪府,https://www.green-japan.com/job/114862,https://itp.ne.jp/keyword/?keyword=%E6%A0%AA%E5%BC%8F%E4%BC%9A%E7%A4%BE%20ALL%20CONNECT&areaword=%E5%A4%A7%E9%98%AA%E5%BA%9C&sort=01&sbmap=false
株式会社 フィエルテ,東京都,https://www.green-japan.com/job/107785,https://itp.ne.jp/keyword/?keyword=%E6%A0%AA%E5%BC%8F%E4%BC%9A%E7%A4%BE%20%E3%83%95%E3%82%A3%E3%82%A8%E3%83%AB%E3%83%86&areaword=%E6%9D%B1%E4%BA%AC%E9%83%BD&sort=01&sbmap=false
Sansan 株式会社 ビジネス職採用,東京都,https://www.green-japan.com/job/113506,https://itp.ne.jp/keyword/?keyword=Sansan%20%E6%A0%AA%E5%BC%8F%E4%BC%9A%E7%A4%BE%20%E3%83%93%E3%82%B8%E3%83%8D%E3%82%B9%E8%81%B7%E6%8E%A1%E7%94%A8&areaword=%E6%9D%B1%E4%BA%AC%E9%83%BD&sort=01&sbmap=false
株式会社 マクロミル,東京都,https://www.green-japan.com/job/24944,https://itp.ne.jp/keyword/?keyword=%E6%A0%AA%E5%BC%8F%E4%BC%9A%E7%A4%BE%20%E3%83%9E%E3%82%AF%E3%83%AD%E3%83%9F%E3%83%AB&areaword=%E6%9D%B1%E4%BA%AC%E9%83%BD&sort=01&sbmap=false
株式会社 ゴゴジャン,東京都,https://www.green-japan.com/job/66803,https://itp.ne.jp/keyword/?keyword=%E6%A0%AA%E5%BC%8F%E4%BC%9A%E7%A4%BE%20%E3%82%B4%E3%82%B4%E3%82%B8%E3%83%A3%E3%83%B3&areaword=%E6%9D%B1%E4%BA%AC%E9%83%BD&sort=01&sbmap=false
株式会社 ローカルフォリオ（旧リーチローカル・ジャパン株式会社）,大阪府,https://www.green-japan.com/job/110873,https://itp.ne.jp/keyword/?keyword=%E6%A0%AA%E5%BC%8F%E4%BC%9A%E7%A4%BE%20%E3%83%AD%E3%83%BC%E3%82%AB%E3%83%AB%E3%83%95%E3%82%A9%E3%83%AA%E3%82%AA%EF%BC%88%E6%97%A7%E3%83%AA%E3%83%BC%E3%83%81%E3%83%AD%E3%83%BC%E3%82%AB%E3%83%AB%E3%83%BB%E3%82%B8%E3%83%A3%E3%83%91%E3%83%B3%E6%A0%AA%E5%BC%8F%E4%BC%9A%E7%A4%BE%EF%BC%89&areaword=%E5%A4%A7%E9%98%AA%E5%BA%9C&sort=01&sbmap=false
ブライエッジ 株式会社,東京都,https://www.green-japan.com/job/58431,https://itp.ne.jp/keyword/?keyword=%E3%83%96%E3%83%A9%E3%82%A4%E3%82%A8%E3%83%83%E3%82%B8%20%E6%A0%AA%E5%BC%8F%E4%BC%9A%E7%A4%BE&areaword=%E6%9D%B1%E4%BA%AC%E9%83%BD&sort=01&sbmap=false
ストロングポイント 株式会社,岡山県，香川県，高知県,https://www.green-japan.com/job/111382,https://itp.ne.jp/keyword/?keyword=%E3%82%B9%E3%83%88%E3%83%AD%E3%83%B3%E3%82%B0%E3%83%9D%E3%82%A4%E3%83%B3%E3%83%88%20%E6%A0%AA%E5%BC%8F%E4%BC%9A%E7%A4%BE&areaword=%E5%B2%A1%E5%B1%B1%E7%9C%8C%EF%BC%8C%E9%A6%99%E5%B7%9D%E7%9C%8C%EF%BC%8C%E9%AB%98%E7%9F%A5%E7%9C%8C&sort=01&sbmap=false
株式会社 ジェネシスコミュニケーション,東京都,https://www.green-japan.com/job/109496,https://itp.ne.jp/keyword/?keyword=%E6%A0%AA%E5%BC%8F%E4%BC%9A%E7%A4%BE%20%E3%82%B8%E3%82%A7%E3%83%8D%E3%82%B7%E3%82%B9%E3%82%B3%E3%83%9F%E3%83%A5%E3%83%8B%E3%82%B1%E3%83%BC%E3%82%B7%E3%83%A7%E3%83%B3&areaword=%E6%9D%B1%E4%BA%AC%E9%83%BD&sort=01&sbmap=false
ルビー・グループ 株式会社,東京都,https://www.green-japan.com/job/85608,https://itp.ne.jp/keyword/?keyword=%E3%83%AB%E3%83%93%E3%83%BC%E3%83%BB%E3%82%B0%E3%83%AB%E3%83%BC%E3%83%97%20%E6%A0%AA%E5%BC%8F%E4%BC%9A%E7%A4%BE&areaword=%E6%9D%B1%E4%BA%AC%E9%83%BD&sort=01&sbmap=false
株式会社 テクロス,東京都,https://www.green-japan.com/job/80890,https://itp.ne.jp/keyword/?keyword=%E6%A0%AA%E5%BC%8F%E4%BC%9A%E7%A4%BE%20%E3%83%86%E3%82%AF%E3%83%AD%E3%82%B9&areaword=%E6%9D%B1%E4%BA%AC%E9%83%BD&sort=01&sbmap=false
株式会社 asken,東京都,https://www.green-japan.com/job/112284,https://itp.ne.jp/keyword/?keyword=%E6%A0%AA%E5%BC%8F%E4%BC%9A%E7%A4%BE%20asken&areaword=%E6%9D%B1%E4%BA%AC%E9%83%BD&sort=01&sbmap=false
株式会社 ライトワークス,東京都,https://www.green-japan.com/job/108262,https://itp.ne.jp/keyword/?keyword=%E6%A0%AA%E5%BC%8F%E4%BC%9A%E7%A4%BE%20%E3%83%A9%E3%82%A4%E3%83%88%E3%83%AF%E3%83%BC%E3%82%AF%E3%82%B9&areaword=%E6%9D%B1%E4%BA%AC%E9%83%BD&sort=01&sbmap=false
株式会社 ビザスク,東京都,https://www.green-japan.com/job/39769,https://itp.ne.jp/keyword/?keyword=%E6%A0%AA%E5%BC%8F%E4%BC%9A%E7%A4%BE%20%E3%83%93%E3%82%B6%E3%82%B9%E3%82%AF&areaword=%E6%9D%B1%E4%BA%AC%E9%83%BD&sort=01&sbmap=false
クラフトバンク 株式会社,東京都,https://www.green-japan.com/job/55380,https://itp.ne.jp/keyword/?keyword=%E3%82%AF%E3%83%A9%E3%83%95%E3%83%88%E3%83%90%E3%83%B3%E3%82%AF%20%E6%A0%AA%E5%BC%8F%E4%BC%9A%E7%A4%BE&areaword=%E6%9D%B1%E4%BA%AC%E9%83%BD&sort=01&sbmap=false
株式会社 プロレド・パートナーズ,東京都,https://www.green-japan.com/job/60446,https://itp.ne.jp/keyword/?keyword=%E6%A0%AA%E5%BC%8F%E4%BC%9A%E7%A4%BE%20%E3%83%97%E3%83%AD%E3%83%AC%E3%83%89%E3%83%BB%E3%83%91%E3%83%BC%E3%83%88%E3%83%8A%E3%83%BC%E3%82%BA&areaword=%E6%9D%B1%E4%BA%AC%E9%83%BD&sort=01&sbmap=false
株式会社 ココナラ,東京都,https://www.green-japan.com/job/114542,https://itp.ne.jp/keyword/?keyword=%E6%A0%AA%E5%BC%8F%E4%BC%9A%E7%A4%BE%20%E3%82%B3%E3%82%B3%E3%83%8A%E3%83%A9&areaword=%E6%9D%B1%E4%BA%AC%E9%83%BD&sort=01&sbmap=false
スターティアレイズ 株式会社,東京都,https://www.green-japan.com/job/93962,https://itp.ne.jp/keyword/?keyword=%E3%82%B9%E3%82%BF%E3%83%BC%E3%83%86%E3%82%A3%E3%82%A2%E3%83%AC%E3%82%A4%E3%82%BA%20%E6%A0%AA%E5%BC%8F%E4%BC%9A%E7%A4%BE&areaword=%E6%9D%B1%E4%BA%AC%E9%83%BD&sort=01&sbmap=false
株式会社 トップゲート,東京都,https://www.green-japan.com/job/108147,https://itp.ne.jp/keyword/?keyword=%E6%A0%AA%E5%BC%8F%E4%BC%9A%E7%A4%BE%20%E3%83%88%E3%83%83%E3%83%97%E3%82%B2%E3%83%BC%E3%83%88&areaword=%E6%9D%B1%E4%BA%AC%E9%83%BD&sort=01&sbmap=false
凸版印刷 株式会社,東京都,https://www.green-japan.com/job/77427,https://itp.ne.jp/keyword/?keyword=%E5%87%B8%E7%89%88%E5%8D%B0%E5%88%B7%20%E6%A0%AA%E5%BC%8F%E4%BC%9A%E7%A4%BE&areaword=%E6%9D%B1%E4%BA%AC%E9%83%BD&sort=01&sbmap=false
株式会社 HERO innovation,東京都,https://www.green-japan.com/job/60007,https://itp.ne.jp/keyword/?keyword=%E6%A0%AA%E5%BC%8F%E4%BC%9A%E7%A4%BE%20HERO%20innovation&areaword=%E6%9D%B1%E4%BA%AC%E9%83%BD&sort=01&sbmap=false
株式会社 リード・イノベーション,東京都,https://www.green-japan.com/job/103315,https://itp.ne.jp/keyword/?keyword=%E6%A0%AA%E5%BC%8F%E4%BC%9A%E7%A4%BE%20%E3%83%AA%E3%83%BC%E3%83%89%E3%83%BB%E3%82%A4%E3%83%8E%E3%83%99%E3%83%BC%E3%82%B7%E3%83%A7%E3%83%B3&areaword=%E6%9D%B1%E4%BA%AC%E9%83%BD&sort=01&sbmap=false
株式会社 Branding Engineer,東京都,https://www.green-japan.com/job/113069,https://itp.ne.jp/keyword/?keyword=%E6%A0%AA%E5%BC%8F%E4%BC%9A%E7%A4%BE%20Branding%20Engineer&areaword=%E6%9D%B1%E4%BA%AC%E9%83%BD&sort=01&sbmap=false
株式会社 オープンロジ,東京都,https://www.green-japan.com/job/99560,https://itp.ne.jp/keyword/?keyword=%E6%A0%AA%E5%BC%8F%E4%BC%9A%E7%A4%BE%20%E3%82%AA%E3%83%BC%E3%83%97%E3%83%B3%E3%83%AD%E3%82%B8&areaword=%E6%9D%B1%E4%BA%AC%E9%83%BD&sort=01&sbmap=false
株式会社 クーリエ,東京都,https://www.green-japan.com/job/93273,https://itp.ne.jp/keyword/?keyword=%E6%A0%AA%E5%BC%8F%E4%BC%9A%E7%A4%BE%20%E3%82%AF%E3%83%BC%E3%83%AA%E3%82%A8&areaword=%E6%9D%B1%E4%BA%AC%E9%83%BD&sort=01&sbmap=false
フリービット 株式会社,東京都,https://www.green-japan.com/job/108479,https://itp.ne.jp/keyword/?keyword=%E3%83%95%E3%83%AA%E3%83%BC%E3%83%93%E3%83%83%E3%83%88%20%E6%A0%AA%E5%BC%8F%E4%BC%9A%E7%A4%BE&areaword=%E6%9D%B1%E4%BA%AC%E9%83%BD&sort=01&sbmap=false
ファウンダーズ 株式会社,東京都,https://www.green-japan.com/job/112820,https://itp.ne.jp/keyword/?keyword=%E3%83%95%E3%82%A1%E3%82%A6%E3%83%B3%E3%83%80%E3%83%BC%E3%82%BA%20%E6%A0%AA%E5%BC%8F%E4%BC%9A%E7%A4%BE&areaword=%E6%9D%B1%E4%BA%AC%E9%83%BD&sort=01&sbmap=false
株式会社 デジタルフォルン,東京都,https://www.green-japan.com/job/71179,https://itp.ne.jp/keyword/?keyword=%E6%A0%AA%E5%BC%8F%E4%BC%9A%E7%A4%BE%20%E3%83%87%E3%82%B8%E3%82%BF%E3%83%AB%E3%83%95%E3%82%A9%E3%83%AB%E3%83%B3&areaword=%E6%9D%B1%E4%BA%AC%E9%83%BD&sort=01&sbmap=false
株式会社 テクノロジーパートナー,東京都,https://www.green-japan.com/job/113085,https://itp.ne.jp/keyword/?keyword=%E6%A0%AA%E5%BC%8F%E4%BC%9A%E7%A4%BE%20%E3%83%86%E3%82%AF%E3%83%8E%E3%83%AD%E3%82%B8%E3%83%BC%E3%83%91%E3%83%BC%E3%83%88%E3%83%8A%E3%83%BC&areaword=%E6%9D%B1%E4%BA%AC%E9%83%BD&sort=01&sbmap=false
RELATIONS 株式会社,東京都,https://www.green-japan.com/job/107888,https://itp.ne.jp/keyword/?keyword=RELATIONS%20%E6%A0%AA%E5%BC%8F%E4%BC%9A%E7%A4%BE&areaword=%E6%9D%B1%E4%BA%AC%E9%83%BD&sort=01&sbmap=false
株式会社 Ｄｏｎｕｔｓ,東京都,https://www.green-japan.com/job/101166,https://itp.ne.jp/keyword/?keyword=%E6%A0%AA%E5%BC%8F%E4%BC%9A%E7%A4%BE%20%EF%BC%A4%EF%BD%8F%EF%BD%8E%EF%BD%95%EF%BD%94%EF%BD%93&areaword=%E6%9D%B1%E4%BA%AC%E9%83%BD&sort=01&sbmap=false
アクセンチュア 株式会社,東京都，京都府，大阪府，福岡県,https://www.green-japan.com/job/52992,https://itp.ne.jp/keyword/?keyword=%E3%82%A2%E3%82%AF%E3%82%BB%E3%83%B3%E3%83%81%E3%83%A5%E3%82%A2%20%E6%A0%AA%E5%BC%8F%E4%BC%9A%E7%A4%BE&areaword=%E6%9D%B1%E4%BA%AC%E9%83%BD%EF%BC%8C%E4%BA%AC%E9%83%BD%E5%BA%9C%EF%BC%8C%E5%A4%A7%E9%98%AA%E5%BA%9C%EF%BC%8C%E7%A6%8F%E5%B2%A1%E7%9C%8C&sort=01&sbmap=false
株式会社 スカイアーチネットワークス,東京都,https://www.green-japan.com/job/107905,https://itp.ne.jp/keyword/?keyword=%E6%A0%AA%E5%BC%8F%E4%BC%9A%E7%A4%BE%20%E3%82%B9%E3%82%AB%E3%82%A4%E3%82%A2%E3%83%BC%E3%83%81%E3%83%8D%E3%83%83%E3%83%88%E3%83%AF%E3%83%BC%E3%82%AF%E3%82%B9&areaword=%E6%9D%B1%E4%BA%AC%E9%83%BD&sort=01&sbmap=false
株式会社 div,東京都,https://www.green-japan.com/job/105910,https://itp.ne.jp/keyword/?keyword=%E6%A0%AA%E5%BC%8F%E4%BC%9A%E7%A4%BE%20div&areaword=%E6%9D%B1%E4%BA%AC%E9%83%BD&sort=01&sbmap=false
ビットバンク 株式会社,東京都,https://www.green-japan.com/job/102891,https://itp.ne.jp/keyword/?keyword=%E3%83%93%E3%83%83%E3%83%88%E3%83%90%E3%83%B3%E3%82%AF%20%E6%A0%AA%E5%BC%8F%E4%BC%9A%E7%A4%BE&areaword=%E6%9D%B1%E4%BA%AC%E9%83%BD&sort=01&sbmap=false
株式会社 ROBOT PAYMENT (旧名：株式会社Cloud Payment) ,東京都,https://www.green-japan.com/job/59256,https://itp.ne.jp/keyword/?keyword=%E6%A0%AA%E5%BC%8F%E4%BC%9A%E7%A4%BE%20ROBOT%20PAYMENT%20%28%E6%97%A7%E5%90%8D%EF%BC%9A%E6%A0%AA%E5%BC%8F%E4%BC%9A%E7%A4%BECloud%20Payment%29%20&areaword=%E6%9D%B1%E4%BA%AC%E9%83%BD&sort=01&sbmap=false
パーソルプロセス＆テクノロジー株式会社（旧：株式会社インテリジェンス ビジネスソリューションズ）,大阪府,https://www.green-japan.com/job/55089,https://itp.ne.jp/keyword/?keyword=%E3%83%91%E3%83%BC%E3%82%BD%E3%83%AB%E3%83%97%E3%83%AD%E3%82%BB%E3%82%B9%EF%BC%86%E3%83%86%E3%82%AF%E3%83%8E%E3%83%AD%E3%82%B8%E3%83%BC%E6%A0%AA%E5%BC%8F%E4%BC%9A%E7%A4%BE%EF%BC%88%E6%97%A7%EF%BC%9A%E6%A0%AA%E5%BC%8F%E4%BC%9A%E7%A4%BE%E3%82%A4%E3%83%B3%E3%83%86%E3%83%AA%E3%82%B8%E3%82%A7%E3%83%B3%E3%82%B9%20%E3%83%93%E3%82%B8%E3%83%8D%E3%82%B9%E3%82%BD%E3%83%AA%E3%83%A5%E3%83%BC%E3%82%B7%E3%83%A7%E3%83%B3%E3%82%BA%EF%BC%89&areaword=%E5%A4%A7%E9%98%AA%E5%BA%9C&sort=01&sbmap=false
株式会社 MILIZE,北海道，青森県，岩手県，宮城県，秋田県，山形県，福島県，茨城県，栃木県，群馬県，埼玉県，千葉県，東京都，神奈川県，新潟県，富山県，石川県，福井県，山梨県，長野県，岐阜県，静岡県，愛知県，三重県，滋賀県，京都府，大阪府，兵庫県，奈良県，和歌山県，鳥取県，島根県，岡山県，広島県，山口県，徳島県，香川県，愛媛県，高知県，佐賀県，長崎県，熊本県，大分県，宮崎県，鹿児島県，沖縄県，全国，海外,https://www.green-japan.com/job/81491,https://itp.ne.jp/keyword/?keyword=%E6%A0%AA%E5%BC%8F%E4%BC%9A%E7%A4%BE%20MILIZE&areaword=%E5%8C%97%E6%B5%B7%E9%81%93%EF%BC%8C%E9%9D%92%E6%A3%AE%E7%9C%8C%EF%BC%8C%E5%B2%A9%E6%89%8B%E7%9C%8C%EF%BC%8C%E5%AE%AE%E5%9F%8E%E7%9C%8C%EF%BC%8C%E7%A7%8B%E7%94%B0%E7%9C%8C%EF%BC%8C%E5%B1%B1%E5%BD%A2%E7%9C%8C%EF%BC%8C%E7%A6%8F%E5%B3%B6%E7%9C%8C%EF%BC%8C%E8%8C%A8%E5%9F%8E%E7%9C%8C%EF%BC%8C%E6%A0%83%E6%9C%A8%E7%9C%8C%EF%BC%8C%E7%BE%A4%E9%A6%AC%E7%9C%8C%EF%BC%8C%E5%9F%BC%E7%8E%89%E7%9C%8C%EF%BC%8C%E5%8D%83%E8%91%89%E7%9C%8C%EF%BC%8C%E6%9D%B1%E4%BA%AC%E9%83%BD%EF%BC%8C%E7%A5%9E%E5%A5%88%E5%B7%9D%E7%9C%8C%EF%BC%8C%E6%96%B0%E6%BD%9F%E7%9C%8C%EF%BC%8C%E5%AF%8C%E5%B1%B1%E7%9C%8C%EF%BC%8C%E7%9F%B3%E5%B7%9D%E7%9C%8C%EF%BC%8C%E7%A6%8F%E4%BA%95%E7%9C%8C%EF%BC%8C%E5%B1%B1%E6%A2%A8%E7%9C%8C%EF%BC%8C%E9%95%B7%E9%87%8E%E7%9C%8C%EF%BC%8C%E5%B2%90%E9%98%9C%E7%9C%8C%EF%BC%8C%E9%9D%99%E5%B2%A1%E7%9C%8C%EF%BC%8C%E6%84%9B%E7%9F%A5%E7%9C%8C%EF%BC%8C%E4%B8%89%E9%87%8D%E7%9C%8C%EF%BC%8C%E6%BB%8B%E8%B3%80%E7%9C%8C%EF%BC%8C%E4%BA%AC%E9%83%BD%E5%BA%9C%EF%BC%8C%E5%A4%A7%E9%98%AA%E5%BA%9C%EF%BC%8C%E5%85%B5%E5%BA%AB%E7%9C%8C%EF%BC%8C%E5%A5%88%E8%89%AF%E7%9C%8C%EF%BC%8C%E5%92%8C%E6%AD%8C%E5%B1%B1%E7%9C%8C%EF%BC%8C%E9%B3%A5%E5%8F%96%E7%9C%8C%EF%BC%8C%E5%B3%B6%E6%A0%B9%E7%9C%8C%EF%BC%8C%E5%B2%A1%E5%B1%B1%E7%9C%8C%EF%BC%8C%E5%BA%83%E5%B3%B6%E7%9C%8C%EF%BC%8C%E5%B1%B1%E5%8F%A3%E7%9C%8C%EF%BC%8C%E5%BE%B3%E5%B3%B6%E7%9C%8C%EF%BC%8C%E9%A6%99%E5%B7%9D%E7%9C%8C%EF%BC%8C%E6%84%9B%E5%AA%9B%E7%9C%8C%EF%BC%8C%E9%AB%98%E7%9F%A5%E7%9C%8C%EF%BC%8C%E4%BD%90%E8%B3%80%E7%9C%8C%EF%BC%8C%E9%95%B7%E5%B4%8E%E7%9C%8C%EF%BC%8C%E7%86%8A%E6%9C%AC%E7%9C%8C%EF%BC%8C%E5%A4%A7%E5%88%86%E7%9C%8C%EF%BC%8C%E5%AE%AE%E5%B4%8E%E7%9C%8C%EF%BC%8C%E9%B9%BF%E5%85%90%E5%B3%B6%E7%9C%8C%EF%BC%8C%E6%B2%96%E7%B8%84%E7%9C%8C%EF%BC%8C%E5%85%A8%E5%9B%BD%EF%BC%8C%E6%B5%B7%E5%A4%96&sort=01&sbmap=false
TVISION INSIGHTS 株式会社,東京都,https://www.green-japan.com/job/81235,https://itp.ne.jp/keyword/?keyword=TVISION%20INSIGHTS%20%E6%A0%AA%E5%BC%8F%E4%BC%9A%E7%A4%BE&areaword=%E6%9D%B1%E4%BA%AC%E9%83%BD&sort=01&sbmap=false
株式会社 ミナジン,東京都,https://www.green-japan.com/job/92524,https://itp.ne.jp/keyword/?keyword=%E6%A0%AA%E5%BC%8F%E4%BC%9A%E7%A4%BE%20%E3%83%9F%E3%83%8A%E3%82%B8%E3%83%B3&areaword=%E6%9D%B1%E4%BA%AC%E9%83%BD&sort=01&sbmap=false
ビーウィズ 株式会社,東京都,https://www.green-japan.com/job/113745,https://itp.ne.jp/keyword/?keyword=%E3%83%93%E3%83%BC%E3%82%A6%E3%82%A3%E3%82%BA%20%E6%A0%AA%E5%BC%8F%E4%BC%9A%E7%A4%BE&areaword=%E6%9D%B1%E4%BA%AC%E9%83%BD&sort=01&sbmap=false
株式会社 ジーネクスト,東京都,https://www.green-japan.com/job/99518,https://itp.ne.jp/keyword/?keyword=%E6%A0%AA%E5%BC%8F%E4%BC%9A%E7%A4%BE%20%E3%82%B8%E3%83%BC%E3%83%8D%E3%82%AF%E3%82%B9%E3%83%88&areaword=%E6%9D%B1%E4%BA%AC%E9%83%BD&sort=01&sbmap=false
株式会社 フロムスクラッチ,東京都,https://www.green-japan.com/job/83510,https://itp.ne.jp/keyword/?keyword=%E6%A0%AA%E5%BC%8F%E4%BC%9A%E7%A4%BE%20%E3%83%95%E3%83%AD%E3%83%A0%E3%82%B9%E3%82%AF%E3%83%A9%E3%83%83%E3%83%81&areaword=%E6%9D%B1%E4%BA%AC%E9%83%BD&sort=01&sbmap=false
株式会社 ラクス,大阪府,https://www.green-japan.com/job/111568,https://itp.ne.jp/keyword/?keyword=%E6%A0%AA%E5%BC%8F%E4%BC%9A%E7%A4%BE%20%E3%83%A9%E3%82%AF%E3%82%B9&areaword=%E5%A4%A7%E9%98%AA%E5%BA%9C&sort=01&sbmap=false
株式会社 システナ,東京都，神奈川県,https://www.green-japan.com/job/58467,https://itp.ne.jp/keyword/?keyword=%E6%A0%AA%E5%BC%8F%E4%BC%9A%E7%A4%BE%20%E3%82%B7%E3%82%B9%E3%83%86%E3%83%8A&areaword=%E6%9D%B1%E4%BA%AC%E9%83%BD%EF%BC%8C%E7%A5%9E%E5%A5%88%E5%B7%9D%E7%9C%8C&sort=01&sbmap=false
株式会社 神戸デジタル・ラボ,兵庫県,https://www.green-japan.com/job/109895,https://itp.ne.jp/keyword/?keyword=%E6%A0%AA%E5%BC%8F%E4%BC%9A%E7%A4%BE%20%E7%A5%9E%E6%88%B8%E3%83%87%E3%82%B8%E3%82%BF%E3%83%AB%E3%83%BB%E3%83%A9%E3%83%9C&areaword=%E5%85%B5%E5%BA%AB%E7%9C%8C&sort=01&sbmap=false
イグニション・ポイント 株式会社,埼玉県，千葉県，東京都，神奈川県，大阪府，海外,https://www.green-japan.com/job/59154,https://itp.ne.jp/keyword/?keyword=%E3%82%A4%E3%82%B0%E3%83%8B%E3%82%B7%E3%83%A7%E3%83%B3%E3%83%BB%E3%83%9D%E3%82%A4%E3%83%B3%E3%83%88%20%E6%A0%AA%E5%BC%8F%E4%BC%9A%E7%A4%BE&areaword=%E5%9F%BC%E7%8E%89%E7%9C%8C%EF%BC%8C%E5%8D%83%E8%91%89%E7%9C%8C%EF%BC%8C%E6%9D%B1%E4%BA%AC%E9%83%BD%EF%BC%8C%E7%A5%9E%E5%A5%88%E5%B7%9D%E7%9C%8C%EF%BC%8C%E5%A4%A7%E9%98%AA%E5%BA%9C%EF%BC%8C%E6%B5%B7%E5%A4%96&sort=01&sbmap=false
株式会社 HRBrain,全国,https://www.green-japan.com/job/104921,https://itp.ne.jp/keyword/?keyword=%E6%A0%AA%E5%BC%8F%E4%BC%9A%E7%A4%BE%20HRBrain&areaword=%E5%85%A8%E5%9B%BD&sort=01&sbmap=false
テテマーチ 株式会社,東京都,https://www.green-japan.com/job/78235,https://itp.ne.jp/keyword/?keyword=%E3%83%86%E3%83%86%E3%83%9E%E3%83%BC%E3%83%81%20%E6%A0%AA%E5%BC%8F%E4%BC%9A%E7%A4%BE&areaword=%E6%9D%B1%E4%BA%AC%E9%83%BD&sort=01&sbmap=false
株式会社 フォーサイト,東京都,https://www.green-japan.com/job/51856,https://itp.ne.jp/keyword/?keyword=%E6%A0%AA%E5%BC%8F%E4%BC%9A%E7%A4%BE%20%E3%83%95%E3%82%A9%E3%83%BC%E3%82%B5%E3%82%A4%E3%83%88&areaword=%E6%9D%B1%E4%BA%AC%E9%83%BD&sort=01&sbmap=false
BASE 株式会社,東京都,https://www.green-japan.com/job/109656,https://itp.ne.jp/keyword/?keyword=BASE%20%E6%A0%AA%E5%BC%8F%E4%BC%9A%E7%A4%BE&areaword=%E6%9D%B1%E4%BA%AC%E9%83%BD&sort=01&sbmap=false
株式会社 ゼロすむ,新潟県,https://www.green-japan.com/job/113488,https://itp.ne.jp/keyword/?keyword=%E6%A0%AA%E5%BC%8F%E4%BC%9A%E7%A4%BE%20%E3%82%BC%E3%83%AD%E3%81%99%E3%82%80&areaword=%E6%96%B0%E6%BD%9F%E7%9C%8C&sort=01&sbmap=false
株式会社 ストリートスマート,東京都,https://www.green-japan.com/job/74660,https://itp.ne.jp/keyword/?keyword=%E6%A0%AA%E5%BC%8F%E4%BC%9A%E7%A4%BE%20%E3%82%B9%E3%83%88%E3%83%AA%E3%83%BC%E3%83%88%E3%82%B9%E3%83%9E%E3%83%BC%E3%83%88&areaword=%E6%9D%B1%E4%BA%AC%E9%83%BD&sort=01&sbmap=false
株式会社 Gracia,東京都,https://www.green-japan.com/job/84892,https://itp.ne.jp/keyword/?keyword=%E6%A0%AA%E5%BC%8F%E4%BC%9A%E7%A4%BE%20Gracia&areaword=%E6%9D%B1%E4%BA%AC%E9%83%BD&sort=01&sbmap=false
株式会社 セレス,東京都,https://www.green-japan.com/job/108497,https://itp.ne.jp/keyword/?keyword=%E6%A0%AA%E5%BC%8F%E4%BC%9A%E7%A4%BE%20%E3%82%BB%E3%83%AC%E3%82%B9&areaword=%E6%9D%B1%E4%BA%AC%E9%83%BD&sort=01&sbmap=false
株式会社 リヴァンプ,東京都,https://www.green-japan.com/job/58404,https://itp.ne.jp/keyword/?keyword=%E6%A0%AA%E5%BC%8F%E4%BC%9A%E7%A4%BE%20%E3%83%AA%E3%83%B4%E3%82%A1%E3%83%B3%E3%83%97&areaword=%E6%9D%B1%E4%BA%AC%E9%83%BD&sort=01&sbmap=false
株式会社 サーキュレーション,福岡県,https://www.green-japan.com/job/89489,https://itp.ne.jp/keyword/?keyword=%E6%A0%AA%E5%BC%8F%E4%BC%9A%E7%A4%BE%20%E3%82%B5%E3%83%BC%E3%82%AD%E3%83%A5%E3%83%AC%E3%83%BC%E3%82%B7%E3%83%A7%E3%83%B3&areaword=%E7%A6%8F%E5%B2%A1%E7%9C%8C&sort=01&sbmap=false
株式会社 WACUL,東京都,https://www.green-japan.com/job/91362,https://itp.ne.jp/keyword/?keyword=%E6%A0%AA%E5%BC%8F%E4%BC%9A%E7%A4%BE%20WACUL&areaword=%E6%9D%B1%E4%BA%AC%E9%83%BD&sort=01&sbmap=false
GPSSホールディングス 株式会社,東京都,https://www.green-japan.com/job/113460,https://itp.ne.jp/keyword/?keyword=GPSS%E3%83%9B%E3%83%BC%E3%83%AB%E3%83%87%E3%82%A3%E3%83%B3%E3%82%B0%E3%82%B9%20%E6%A0%AA%E5%BC%8F%E4%BC%9A%E7%A4%BE&areaword=%E6%9D%B1%E4%BA%AC%E9%83%BD&sort=01&sbmap=false
トゥルーコンサルティング 株式会社,東京都,https://www.green-japan.com/job/56449,https://itp.ne.jp/keyword/?keyword=%E3%83%88%E3%82%A5%E3%83%AB%E3%83%BC%E3%82%B3%E3%83%B3%E3%82%B5%E3%83%AB%E3%83%86%E3%82%A3%E3%83%B3%E3%82%B0%20%E6%A0%AA%E5%BC%8F%E4%BC%9A%E7%A4%BE&areaword=%E6%9D%B1%E4%BA%AC%E9%83%BD&sort=01&sbmap=false
株式会社 サンプロ,長野県,https://www.green-japan.com/job/59406,https://itp.ne.jp/keyword/?keyword=%E6%A0%AA%E5%BC%8F%E4%BC%9A%E7%A4%BE%20%E3%82%B5%E3%83%B3%E3%83%97%E3%83%AD&areaword=%E9%95%B7%E9%87%8E%E7%9C%8C&sort=01&sbmap=false
株式会社 ネオキャリア,東京都,https://www.green-japan.com/job/108776,https://itp.ne.jp/keyword/?keyword=%E6%A0%AA%E5%BC%8F%E4%BC%9A%E7%A4%BE%20%E3%83%8D%E3%82%AA%E3%82%AD%E3%83%A3%E3%83%AA%E3%82%A2&areaword=%E6%9D%B1%E4%BA%AC%E9%83%BD&sort=01&sbmap=false
デマンドリンク 株式会社,東京都,https://www.green-japan.com/job/52546,https://itp.ne.jp/keyword/?keyword=%E3%83%87%E3%83%9E%E3%83%B3%E3%83%89%E3%83%AA%E3%83%B3%E3%82%AF%20%E6%A0%AA%E5%BC%8F%E4%BC%9A%E7%A4%BE&areaword=%E6%9D%B1%E4%BA%AC%E9%83%BD&sort=01&sbmap=false
株式会社 LIG,東京都,https://www.green-japan.com/job/113719,https://itp.ne.jp/keyword/?keyword=%E6%A0%AA%E5%BC%8F%E4%BC%9A%E7%A4%BE%20LIG&areaword=%E6%9D%B1%E4%BA%AC%E9%83%BD&sort=01&sbmap=false
ライフパートナーズ 株式会社,愛知県,https://www.green-japan.com/job/84809,https://itp.ne.jp/keyword/?keyword=%E3%83%A9%E3%82%A4%E3%83%95%E3%83%91%E3%83%BC%E3%83%88%E3%83%8A%E3%83%BC%E3%82%BA%20%E6%A0%AA%E5%BC%8F%E4%BC%9A%E7%A4%BE&areaword=%E6%84%9B%E7%9F%A5%E7%9C%8C&sort=01&sbmap=false
株式会社 ジャパネットホールディングス,東京都,https://www.green-japan.com/job/83409,https://itp.ne.jp/keyword/?keyword=%E6%A0%AA%E5%BC%8F%E4%BC%9A%E7%A4%BE%20%E3%82%B8%E3%83%A3%E3%83%91%E3%83%8D%E3%83%83%E3%83%88%E3%83%9B%E3%83%BC%E3%83%AB%E3%83%87%E3%82%A3%E3%83%B3%E3%82%B0%E3%82%B9&areaword=%E6%9D%B1%E4%BA%AC%E9%83%BD&sort=01&sbmap=false
Attack 株式会社,東京都,https://www.green-japan.com/job/112053,https://itp.ne.jp/keyword/?keyword=Attack%20%E6%A0%AA%E5%BC%8F%E4%BC%9A%E7%A4%BE&areaword=%E6%9D%B1%E4%BA%AC%E9%83%BD&sort=01&sbmap=false
株式会社 アイティフォー,東京都,https://www.green-japan.com/job/16682,https://itp.ne.jp/keyword/?keyword=%E6%A0%AA%E5%BC%8F%E4%BC%9A%E7%A4%BE%20%E3%82%A2%E3%82%A4%E3%83%86%E3%82%A3%E3%83%95%E3%82%A9%E3%83%BC&areaword=%E6%9D%B1%E4%BA%AC%E9%83%BD&sort=01&sbmap=false
HEROZ 株式会社,東京都,https://www.green-japan.com/job/92232,https://itp.ne.jp/keyword/?keyword=HEROZ%20%E6%A0%AA%E5%BC%8F%E4%BC%9A%E7%A4%BE&areaword=%E6%9D%B1%E4%BA%AC%E9%83%BD&sort=01&sbmap=false
株式会社 エフアイシーシー,東京都,https://www.green-japan.com/job/93444,https://itp.ne.jp/keyword/?keyword=%E6%A0%AA%E5%BC%8F%E4%BC%9A%E7%A4%BE%20%E3%82%A8%E3%83%95%E3%82%A2%E3%82%A4%E3%82%B7%E3%83%BC%E3%82%B7%E3%83%BC&areaword=%E6%9D%B1%E4%BA%AC%E9%83%BD&sort=01&sbmap=false
株式会社 ハロネット,東京都,https://www.green-japan.com/job/113129,https://itp.ne.jp/keyword/?keyword=%E6%A0%AA%E5%BC%8F%E4%BC%9A%E7%A4%BE%20%E3%83%8F%E3%83%AD%E3%83%8D%E3%83%83%E3%83%88&areaword=%E6%9D%B1%E4%BA%AC%E9%83%BD&sort=01&sbmap=false
リビン・テクノロジーズ 株式会社,東京都,https://www.green-japan.com/job/59097,https://itp.ne.jp/keyword/?keyword=%E3%83%AA%E3%83%93%E3%83%B3%E3%83%BB%E3%83%86%E3%82%AF%E3%83%8E%E3%83%AD%E3%82%B8%E3%83%BC%E3%82%BA%20%E6%A0%AA%E5%BC%8F%E4%BC%9A%E7%A4%BE&areaword=%E6%9D%B1%E4%BA%AC%E9%83%BD&sort=01&sbmap=false
株式会社 tenkai,東京都,https://www.green-japan.com/job/38227,https://itp.ne.jp/keyword/?keyword=%E6%A0%AA%E5%BC%8F%E4%BC%9A%E7%A4%BE%20tenkai&areaword=%E6%9D%B1%E4%BA%AC%E9%83%BD&sort=01&sbmap=false
株式会社 NOKIOO,静岡県,https://www.green-japan.com/job/113254,https://itp.ne.jp/keyword/?keyword=%E6%A0%AA%E5%BC%8F%E4%BC%9A%E7%A4%BE%20NOKIOO&areaword=%E9%9D%99%E5%B2%A1%E7%9C%8C&sort=01&sbmap=false
テコネット 株式会社,大阪府,https://www.green-japan.com/job/93786,https://itp.ne.jp/keyword/?keyword=%E3%83%86%E3%82%B3%E3%83%8D%E3%83%83%E3%83%88%20%E6%A0%AA%E5%BC%8F%E4%BC%9A%E7%A4%BE&areaword=%E5%A4%A7%E9%98%AA%E5%BA%9C&sort=01&sbmap=false
株式会社 インタースペース,東京都,https://www.green-japan.com/job/92980,https://itp.ne.jp/keyword/?keyword=%E6%A0%AA%E5%BC%8F%E4%BC%9A%E7%A4%BE%20%E3%82%A4%E3%83%B3%E3%82%BF%E3%83%BC%E3%82%B9%E3%83%9A%E3%83%BC%E3%82%B9&areaword=%E6%9D%B1%E4%BA%AC%E9%83%BD&sort=01&sbmap=false
株式会社 ソフィア,東京都,https://www.green-japan.com/job/45625,https://itp.ne.jp/keyword/?keyword=%E6%A0%AA%E5%BC%8F%E4%BC%9A%E7%A4%BE%20%E3%82%BD%E3%83%95%E3%82%A3%E3%82%A2&areaword=%E6%9D%B1%E4%BA%AC%E9%83%BD&sort=01&sbmap=false
コインチェック 株式会社,東京都,https://www.green-japan.com/job/112007,https://itp.ne.jp/keyword/?keyword=%E3%82%B3%E3%82%A4%E3%83%B3%E3%83%81%E3%82%A7%E3%83%83%E3%82%AF%20%E6%A0%AA%E5%BC%8F%E4%BC%9A%E7%A4%BE&areaword=%E6%9D%B1%E4%BA%AC%E9%83%BD&sort=01&sbmap=false
株式会社 FORCE,大阪府,https://www.green-japan.com/job/97491,https://itp.ne.jp/keyword/?keyword=%E6%A0%AA%E5%BC%8F%E4%BC%9A%E7%A4%BE%20FORCE&areaword=%E5%A4%A7%E9%98%AA%E5%BA%9C&sort=01&sbmap=false
株式会社 ラック,東京都,https://www.green-japan.com/job/83528,https://itp.ne.jp/keyword/?keyword=%E6%A0%AA%E5%BC%8F%E4%BC%9A%E7%A4%BE%20%E3%83%A9%E3%83%83%E3%82%AF&areaword=%E6%9D%B1%E4%BA%AC%E9%83%BD&sort=01&sbmap=false
アスタミューゼ 株式会社,東京都,https://www.green-japan.com/job/110066,https://itp.ne.jp/keyword/?keyword=%E3%82%A2%E3%82%B9%E3%82%BF%E3%83%9F%E3%83%A5%E3%83%BC%E3%82%BC%20%E6%A0%AA%E5%BC%8F%E4%BC%9A%E7%A4%BE&areaword=%E6%9D%B1%E4%BA%AC%E9%83%BD&sort=01&sbmap=false
エイムネクスト 株式会社,東京都，全国,https://www.green-japan.com/job/93693,https://itp.ne.jp/keyword/?keyword=%E3%82%A8%E3%82%A4%E3%83%A0%E3%83%8D%E3%82%AF%E3%82%B9%E3%83%88%20%E6%A0%AA%E5%BC%8F%E4%BC%9A%E7%A4%BE&areaword=%E6%9D%B1%E4%BA%AC%E9%83%BD%EF%BC%8C%E5%85%A8%E5%9B%BD&sort=01&sbmap=false
Vogaro 株式会社,大阪府,https://www.green-japan.com/job/56108,https://itp.ne.jp/keyword/?keyword=Vogaro%20%E6%A0%AA%E5%BC%8F%E4%BC%9A%E7%A4%BE&areaword=%E5%A4%A7%E9%98%AA%E5%BA%9C&sort=01&sbmap=false
バーチャレクス・ホールディングス 株式会社,東京都,https://www.green-japan.com/job/84431,https://itp.ne.jp/keyword/?keyword=%E3%83%90%E3%83%BC%E3%83%81%E3%83%A3%E3%83%AC%E3%82%AF%E3%82%B9%E3%83%BB%E3%83%9B%E3%83%BC%E3%83%AB%E3%83%87%E3%82%A3%E3%83%B3%E3%82%B0%E3%82%B9%20%E6%A0%AA%E5%BC%8F%E4%BC%9A%E7%A4%BE&areaword=%E6%9D%B1%E4%BA%AC%E9%83%BD&sort=01&sbmap=false
株式会社 鶴,東京都,https://www.green-japan.com/job/111939,https://itp.ne.jp/keyword/?keyword=%E6%A0%AA%E5%BC%8F%E4%BC%9A%E7%A4%BE%20%E9%B6%B4&areaword=%E6%9D%B1%E4%BA%AC%E9%83%BD&sort=01&sbmap=false
株式会社 ウェブレッジ,東京都,https://www.green-japan.com/job/67040,https://itp.ne.jp/keyword/?keyword=%E6%A0%AA%E5%BC%8F%E4%BC%9A%E7%A4%BE%20%E3%82%A6%E3%82%A7%E3%83%96%E3%83%AC%E3%83%83%E3%82%B8&areaword=%E6%9D%B1%E4%BA%AC%E9%83%BD&sort=01&sbmap=false
株式会社 アフレル,東京都,https://www.green-japan.com/job/76580,https://itp.ne.jp/keyword/?keyword=%E6%A0%AA%E5%BC%8F%E4%BC%9A%E7%A4%BE%20%E3%82%A2%E3%83%95%E3%83%AC%E3%83%AB&areaword=%E6%9D%B1%E4%BA%AC%E9%83%BD&sort=01&sbmap=false
株式会社 ロゼッタ,東京都,https://www.green-japan.com/job/91682,https://itp.ne.jp/keyword/?keyword=%E6%A0%AA%E5%BC%8F%E4%BC%9A%E7%A4%BE%20%E3%83%AD%E3%82%BC%E3%83%83%E3%82%BF&areaword=%E6%9D%B1%E4%BA%AC%E9%83%BD&sort=01&sbmap=false
株式会社 TRUSTDOCK,東京都,https://www.green-japan.com/job/108546,https://itp.ne.jp/keyword/?keyword=%E6%A0%AA%E5%BC%8F%E4%BC%9A%E7%A4%BE%20TRUSTDOCK&areaword=%E6%9D%B1%E4%BA%AC%E9%83%BD&sort=01&sbmap=false
株式会社  Trys,東京都,https://www.green-japan.com/job/111465,https://itp.ne.jp/keyword/?keyword=%E6%A0%AA%E5%BC%8F%E4%BC%9A%E7%A4%BE%20%20Trys&areaword=%E6%9D%B1%E4%BA%AC%E9%83%BD&sort=01&sbmap=false
株式会社 メイクス,東京都,https://www.green-japan.com/job/54891,https://itp.ne.jp/keyword/?keyword=%E6%A0%AA%E5%BC%8F%E4%BC%9A%E7%A4%BE%20%E3%83%A1%E3%82%A4%E3%82%AF%E3%82%B9&areaword=%E6%9D%B1%E4%BA%AC%E9%83%BD&sort=01&sbmap=false
株式会社 イードア,東京都,https://www.green-japan.com/job/47558,https://itp.ne.jp/keyword/?keyword=%E6%A0%AA%E5%BC%8F%E4%BC%9A%E7%A4%BE%20%E3%82%A4%E3%83%BC%E3%83%89%E3%82%A2&areaword=%E6%9D%B1%E4%BA%AC%E9%83%BD&sort=01&sbmap=false
ニュートン・コンサルティング 株式会社,東京都,https://www.green-japan.com/job/38176,https://itp.ne.jp/keyword/?keyword=%E3%83%8B%E3%83%A5%E3%83%BC%E3%83%88%E3%83%B3%E3%83%BB%E3%82%B3%E3%83%B3%E3%82%B5%E3%83%AB%E3%83%86%E3%82%A3%E3%83%B3%E3%82%B0%20%E6%A0%AA%E5%BC%8F%E4%BC%9A%E7%A4%BE&areaword=%E6%9D%B1%E4%BA%AC%E9%83%BD&sort=01&sbmap=false
株式会社 データワイズ,東京都,https://www.green-japan.com/job/107231,https://itp.ne.jp/keyword/?keyword=%E6%A0%AA%E5%BC%8F%E4%BC%9A%E7%A4%BE%20%E3%83%87%E3%83%BC%E3%82%BF%E3%83%AF%E3%82%A4%E3%82%BA&areaword=%E6%9D%B1%E4%BA%AC%E9%83%BD&sort=01&sbmap=false
株式会社 ウェブクルー,東京都,https://www.green-japan.com/job/108273,https://itp.ne.jp/keyword/?keyword=%E6%A0%AA%E5%BC%8F%E4%BC%9A%E7%A4%BE%20%E3%82%A6%E3%82%A7%E3%83%96%E3%82%AF%E3%83%AB%E3%83%BC&areaword=%E6%9D%B1%E4%BA%AC%E9%83%BD&sort=01&sbmap=false
アタラ 合同会社,東京都,https://www.green-japan.com/job/22186,https://itp.ne.jp/keyword/?keyword=%E3%82%A2%E3%82%BF%E3%83%A9%20%E5%90%88%E5%90%8C%E4%BC%9A%E7%A4%BE&areaword=%E6%9D%B1%E4%BA%AC%E9%83%BD&sort=01&sbmap=false
バルテス 株式会社,東京都,https://www.green-japan.com/job/66828,https://itp.ne.jp/keyword/?keyword=%E3%83%90%E3%83%AB%E3%83%86%E3%82%B9%20%E6%A0%AA%E5%BC%8F%E4%BC%9A%E7%A4%BE&areaword=%E6%9D%B1%E4%BA%AC%E9%83%BD&sort=01&sbmap=false
INTLOOP 株式会社,東京都,https://www.green-japan.com/job/83549,https://itp.ne.jp/keyword/?keyword=INTLOOP%20%E6%A0%AA%E5%BC%8F%E4%BC%9A%E7%A4%BE&areaword=%E6%9D%B1%E4%BA%AC%E9%83%BD&sort=01&sbmap=false
株式会社 ヒューマンサイエンス,東京都,https://www.green-japan.com/job/84727,https://itp.ne.jp/keyword/?keyword=%E6%A0%AA%E5%BC%8F%E4%BC%9A%E7%A4%BE%20%E3%83%92%E3%83%A5%E3%83%BC%E3%83%9E%E3%83%B3%E3%82%B5%E3%82%A4%E3%82%A8%E3%83%B3%E3%82%B9&areaword=%E6%9D%B1%E4%BA%AC%E9%83%BD&sort=01&sbmap=false
BTCボックス 株式会社,東京都,https://www.green-japan.com/job/97911,https://itp.ne.jp/keyword/?keyword=BTC%E3%83%9C%E3%83%83%E3%82%AF%E3%82%B9%20%E6%A0%AA%E5%BC%8F%E4%BC%9A%E7%A4%BE&areaword=%E6%9D%B1%E4%BA%AC%E9%83%BD&sort=01&sbmap=false
AESコンサルティング 株式会社,東京都,https://www.green-japan.com/job/77890,https://itp.ne.jp/keyword/?keyword=AES%E3%82%B3%E3%83%B3%E3%82%B5%E3%83%AB%E3%83%86%E3%82%A3%E3%83%B3%E3%82%B0%20%E6%A0%AA%E5%BC%8F%E4%BC%9A%E7%A4%BE&areaword=%E6%9D%B1%E4%BA%AC%E9%83%BD&sort=01&sbmap=false
Matcher 株式会社,東京都,https://www.green-japan.com/job/88871,https://itp.ne.jp/keyword/?keyword=Matcher%20%E6%A0%AA%E5%BC%8F%E4%BC%9A%E7%A4%BE&areaword=%E6%9D%B1%E4%BA%AC%E9%83%BD&sort=01&sbmap=false
notari 株式会社,東京都,https://www.green-japan.com/job/88266,https://itp.ne.jp/keyword/?keyword=notari%20%E6%A0%AA%E5%BC%8F%E4%BC%9A%E7%A4%BE&areaword=%E6%9D%B1%E4%BA%AC%E9%83%BD&sort=01&sbmap=false
株式会社 ストレイナー,埼玉県，千葉県，東京都，神奈川県，全国,https://www.green-japan.com/job/110898,https://itp.ne.jp/keyword/?keyword=%E6%A0%AA%E5%BC%8F%E4%BC%9A%E7%A4%BE%20%E3%82%B9%E3%83%88%E3%83%AC%E3%82%A4%E3%83%8A%E3%83%BC&areaword=%E5%9F%BC%E7%8E%89%E7%9C%8C%EF%BC%8C%E5%8D%83%E8%91%89%E7%9C%8C%EF%BC%8C%E6%9D%B1%E4%BA%AC%E9%83%BD%EF%BC%8C%E7%A5%9E%E5%A5%88%E5%B7%9D%E7%9C%8C%EF%BC%8C%E5%85%A8%E5%9B%BD&sort=01&sbmap=false
株式会社 アイコニックジャパン,海外,https://www.green-japan.com/job/80121,https://itp.ne.jp/keyword/?keyword=%E6%A0%AA%E5%BC%8F%E4%BC%9A%E7%A4%BE%20%E3%82%A2%E3%82%A4%E3%82%B3%E3%83%8B%E3%83%83%E3%82%AF%E3%82%B8%E3%83%A3%E3%83%91%E3%83%B3&areaword=%E6%B5%B7%E5%A4%96&sort=01&sbmap=false
株式会社 STANDARD,東京都,https://www.green-japan.com/job/113493,https://itp.ne.jp/keyword/?keyword=%E6%A0%AA%E5%BC%8F%E4%BC%9A%E7%A4%BE%20STANDARD&areaword=%E6%9D%B1%E4%BA%AC%E9%83%BD&sort=01&sbmap=false
株式会社 スマートウィル,東京都,https://www.green-japan.com/job/48243,https://itp.ne.jp/keyword/?keyword=%E6%A0%AA%E5%BC%8F%E4%BC%9A%E7%A4%BE%20%E3%82%B9%E3%83%9E%E3%83%BC%E3%83%88%E3%82%A6%E3%82%A3%E3%83%AB&areaword=%E6%9D%B1%E4%BA%AC%E9%83%BD&sort=01&sbmap=false
株式会社 コンコードエグゼクティブグループ,東京都,https://www.green-japan.com/job/17828,https://itp.ne.jp/keyword/?keyword=%E6%A0%AA%E5%BC%8F%E4%BC%9A%E7%A4%BE%20%E3%82%B3%E3%83%B3%E3%82%B3%E3%83%BC%E3%83%89%E3%82%A8%E3%82%B0%E3%82%BC%E3%82%AF%E3%83%86%E3%82%A3%E3%83%96%E3%82%B0%E3%83%AB%E3%83%BC%E3%83%97&areaword=%E6%9D%B1%E4%BA%AC%E9%83%BD&sort=01&sbmap=false
株式会社 ねこじゃらし,東京都,https://www.green-japan.com/job/112896,https://itp.ne.jp/keyword/?keyword=%E6%A0%AA%E5%BC%8F%E4%BC%9A%E7%A4%BE%20%E3%81%AD%E3%81%93%E3%81%98%E3%82%83%E3%82%89%E3%81%97&areaword=%E6%9D%B1%E4%BA%AC%E9%83%BD&sort=01&sbmap=false
株式会社 dotD,東京都,https://www.green-japan.com/job/96624,https://itp.ne.jp/keyword/?keyword=%E6%A0%AA%E5%BC%8F%E4%BC%9A%E7%A4%BE%20dotD&areaword=%E6%9D%B1%E4%BA%AC%E9%83%BD&sort=01&sbmap=false
株式会社 BearTail,東京都,https://www.green-japan.com/job/112306,https://itp.ne.jp/keyword/?keyword=%E6%A0%AA%E5%BC%8F%E4%BC%9A%E7%A4%BE%20BearTail&areaword=%E6%9D%B1%E4%BA%AC%E9%83%BD&sort=01&sbmap=false
株式会社 エヌリンクス,東京都,https://www.green-japan.com/job/2414,https://itp.ne.jp/keyword/?keyword=%E6%A0%AA%E5%BC%8F%E4%BC%9A%E7%A4%BE%20%E3%82%A8%E3%83%8C%E3%83%AA%E3%83%B3%E3%82%AF%E3%82%B9&areaword=%E6%9D%B1%E4%BA%AC%E9%83%BD&sort=01&sbmap=false
アンダーワークス 株式会社,東京都,https://www.green-japan.com/job/28857,https://itp.ne.jp/keyword/?keyword=%E3%82%A2%E3%83%B3%E3%83%80%E3%83%BC%E3%83%AF%E3%83%BC%E3%82%AF%E3%82%B9%20%E6%A0%AA%E5%BC%8F%E4%BC%9A%E7%A4%BE&areaword=%E6%9D%B1%E4%BA%AC%E9%83%BD&sort=01&sbmap=false
株式会社 シーユーシー,東京都，全国,https://www.green-japan.com/job/76399,https://itp.ne.jp/keyword/?keyword=%E6%A0%AA%E5%BC%8F%E4%BC%9A%E7%A4%BE%20%E3%82%B7%E3%83%BC%E3%83%A6%E3%83%BC%E3%82%B7%E3%83%BC&areaword=%E6%9D%B1%E4%BA%AC%E9%83%BD%EF%BC%8C%E5%85%A8%E5%9B%BD&sort=01&sbmap=false
株式会社 スパイラル・アンド・カンパニー,東京都,https://www.green-japan.com/job/110471,https://itp.ne.jp/keyword/?keyword=%E6%A0%AA%E5%BC%8F%E4%BC%9A%E7%A4%BE%20%E3%82%B9%E3%83%91%E3%82%A4%E3%83%A9%E3%83%AB%E3%83%BB%E3%82%A2%E3%83%B3%E3%83%89%E3%83%BB%E3%82%AB%E3%83%B3%E3%83%91%E3%83%8B%E3%83%BC&areaword=%E6%9D%B1%E4%BA%AC%E9%83%BD&sort=01&sbmap=false
株式会社 新大陸,静岡県,https://www.green-japan.com/job/56201,https://itp.ne.jp/keyword/?keyword=%E6%A0%AA%E5%BC%8F%E4%BC%9A%E7%A4%BE%20%E6%96%B0%E5%A4%A7%E9%99%B8&areaword=%E9%9D%99%E5%B2%A1%E7%9C%8C&sort=01&sbmap=false
株式会社 トマルバ,京都府,https://www.green-japan.com/job/51470,https://itp.ne.jp/keyword/?keyword=%E6%A0%AA%E5%BC%8F%E4%BC%9A%E7%A4%BE%20%E3%83%88%E3%83%9E%E3%83%AB%E3%83%90&areaword=%E4%BA%AC%E9%83%BD%E5%BA%9C&sort=01&sbmap=false
ClipLine 株式会社,東京都,https://www.green-japan.com/job/88590,https://itp.ne.jp/keyword/?keyword=ClipLine%20%E6%A0%AA%E5%BC%8F%E4%BC%9A%E7%A4%BE&areaword=%E6%9D%B1%E4%BA%AC%E9%83%BD&sort=01&sbmap=false
株式会社 オーリーズ,東京都,https://www.green-japan.com/job/79616,https://itp.ne.jp/keyword/?keyword=%E6%A0%AA%E5%BC%8F%E4%BC%9A%E7%A4%BE%20%E3%82%AA%E3%83%BC%E3%83%AA%E3%83%BC%E3%82%BA&areaword=%E6%9D%B1%E4%BA%AC%E9%83%BD&sort=01&sbmap=false
株式会社 マウンティンITコンサル事業部,東京都,https://www.green-japan.com/job/89007,https://itp.ne.jp/keyword/?keyword=%E6%A0%AA%E5%BC%8F%E4%BC%9A%E7%A4%BE%20%E3%83%9E%E3%82%A6%E3%83%B3%E3%83%86%E3%82%A3%E3%83%B3IT%E3%82%B3%E3%83%B3%E3%82%B5%E3%83%AB%E4%BA%8B%E6%A5%AD%E9%83%A8&areaword=%E6%9D%B1%E4%BA%AC%E9%83%BD&sort=01&sbmap=false
株式会社 サクセスプラン,東京都,https://www.green-japan.com/job/102096,https://itp.ne.jp/keyword/?keyword=%E6%A0%AA%E5%BC%8F%E4%BC%9A%E7%A4%BE%20%E3%82%B5%E3%82%AF%E3%82%BB%E3%82%B9%E3%83%97%E3%83%A9%E3%83%B3&areaword=%E6%9D%B1%E4%BA%AC%E9%83%BD&sort=01&sbmap=false
サイコス 株式会社,東京都,https://www.green-japan.com/job/33829,https://itp.ne.jp/keyword/?keyword=%E3%82%B5%E3%82%A4%E3%82%B3%E3%82%B9%20%E6%A0%AA%E5%BC%8F%E4%BC%9A%E7%A4%BE&areaword=%E6%9D%B1%E4%BA%AC%E9%83%BD&sort=01&sbmap=false
株式会社 KSK,茨城県,https://www.green-japan.com/job/82265,https://itp.ne.jp/keyword/?keyword=%E6%A0%AA%E5%BC%8F%E4%BC%9A%E7%A4%BE%20KSK&areaword=%E8%8C%A8%E5%9F%8E%E7%9C%8C&sort=01&sbmap=false
SBIエクイティクラウド 株式会社,東京都,https://www.green-japan.com/job/81417,https://itp.ne.jp/keyword/?keyword=SBI%E3%82%A8%E3%82%AF%E3%82%A4%E3%83%86%E3%82%A3%E3%82%AF%E3%83%A9%E3%82%A6%E3%83%89%20%E6%A0%AA%E5%BC%8F%E4%BC%9A%E7%A4%BE&areaword=%E6%9D%B1%E4%BA%AC%E9%83%BD&sort=01&sbmap=false
株式会社 ベイカレント・コンサルティング,東京都,https://www.green-japan.com/job/66814,https://itp.ne.jp/keyword/?keyword=%E6%A0%AA%E5%BC%8F%E4%BC%9A%E7%A4%BE%20%E3%83%99%E3%82%A4%E3%82%AB%E3%83%AC%E3%83%B3%E3%83%88%E3%83%BB%E3%82%B3%E3%83%B3%E3%82%B5%E3%83%AB%E3%83%86%E3%82%A3%E3%83%B3%E3%82%B0&areaword=%E6%9D%B1%E4%BA%AC%E9%83%BD&sort=01&sbmap=false
株式会社 GA technologies（GAテクノロジーズ） ,東京都,https://www.green-japan.com/job/109737,https://itp.ne.jp/keyword/?keyword=%E6%A0%AA%E5%BC%8F%E4%BC%9A%E7%A4%BE%20GA%20technologies%EF%BC%88GA%E3%83%86%E3%82%AF%E3%83%8E%E3%83%AD%E3%82%B8%E3%83%BC%E3%82%BA%EF%BC%89%20&areaword=%E6%9D%B1%E4%BA%AC%E9%83%BD&sort=01&sbmap=false
株式会社 NTTデータ・フィナンシャル・ソリューションズ,東京都,https://www.green-japan.com/job/75767,https://itp.ne.jp/keyword/?keyword=%E6%A0%AA%E5%BC%8F%E4%BC%9A%E7%A4%BE%20NTT%E3%83%87%E3%83%BC%E3%82%BF%E3%83%BB%E3%83%95%E3%82%A3%E3%83%8A%E3%83%B3%E3%82%B7%E3%83%A3%E3%83%AB%E3%83%BB%E3%82%BD%E3%83%AA%E3%83%A5%E3%83%BC%E3%82%B7%E3%83%A7%E3%83%B3%E3%82%BA&areaword=%E6%9D%B1%E4%BA%AC%E9%83%BD&sort=01&sbmap=false
with Career 株式会社,東京都,https://www.green-japan.com/job/21529,https://itp.ne.jp/keyword/?keyword=with%20Career%20%E6%A0%AA%E5%BC%8F%E4%BC%9A%E7%A4%BE&areaword=%E6%9D%B1%E4%BA%AC%E9%83%BD&sort=01&sbmap=false
株式会社 ホールハート,東京都,https://www.green-japan.com/job/98436,https://itp.ne.jp/keyword/?keyword=%E6%A0%AA%E5%BC%8F%E4%BC%9A%E7%A4%BE%20%E3%83%9B%E3%83%BC%E3%83%AB%E3%83%8F%E3%83%BC%E3%83%88&areaword=%E6%9D%B1%E4%BA%AC%E9%83%BD&sort=01&sbmap=false
株式会社 Legoliss,東京都,https://www.green-japan.com/job/101911,https://itp.ne.jp/keyword/?keyword=%E6%A0%AA%E5%BC%8F%E4%BC%9A%E7%A4%BE%20Legoliss&areaword=%E6%9D%B1%E4%BA%AC%E9%83%BD&sort=01&sbmap=false
ココネ 株式会社,東京都,https://www.green-japan.com/job/94923,https://itp.ne.jp/keyword/?keyword=%E3%82%B3%E3%82%B3%E3%83%8D%20%E6%A0%AA%E5%BC%8F%E4%BC%9A%E7%A4%BE&areaword=%E6%9D%B1%E4%BA%AC%E9%83%BD&sort=01&sbmap=false
プライムナンバーズ 株式会社,東京都,https://www.green-japan.com/job/42591,https://itp.ne.jp/keyword/?keyword=%E3%83%97%E3%83%A9%E3%82%A4%E3%83%A0%E3%83%8A%E3%83%B3%E3%83%90%E3%83%BC%E3%82%BA%20%E6%A0%AA%E5%BC%8F%E4%BC%9A%E7%A4%BE&areaword=%E6%9D%B1%E4%BA%AC%E9%83%BD&sort=01&sbmap=false
ジェニシス社会保険労務士法人,大阪府,https://www.green-japan.com/job/60255,https://itp.ne.jp/keyword/?keyword=%E3%82%B8%E3%82%A7%E3%83%8B%E3%82%B7%E3%82%B9%E7%A4%BE%E4%BC%9A%E4%BF%9D%E9%99%BA%E5%8A%B4%E5%8B%99%E5%A3%AB%E6%B3%95%E4%BA%BA&areaword=%E5%A4%A7%E9%98%AA%E5%BA%9C&sort=01&sbmap=false
トリニティ 株式会社,東京都,https://www.green-japan.com/job/30550,https://itp.ne.jp/keyword/?keyword=%E3%83%88%E3%83%AA%E3%83%8B%E3%83%86%E3%82%A3%20%E6%A0%AA%E5%BC%8F%E4%BC%9A%E7%A4%BE&areaword=%E6%9D%B1%E4%BA%AC%E9%83%BD&sort=01&sbmap=false
株式会社 アクアードコンサルティング,埼玉県，千葉県，東京都，神奈川県,https://www.green-japan.com/job/17494,https://itp.ne.jp/keyword/?keyword=%E6%A0%AA%E5%BC%8F%E4%BC%9A%E7%A4%BE%20%E3%82%A2%E3%82%AF%E3%82%A2%E3%83%BC%E3%83%89%E3%82%B3%E3%83%B3%E3%82%B5%E3%83%AB%E3%83%86%E3%82%A3%E3%83%B3%E3%82%B0&areaword=%E5%9F%BC%E7%8E%89%E7%9C%8C%EF%BC%8C%E5%8D%83%E8%91%89%E7%9C%8C%EF%BC%8C%E6%9D%B1%E4%BA%AC%E9%83%BD%EF%BC%8C%E7%A5%9E%E5%A5%88%E5%B7%9D%E7%9C%8C&sort=01&sbmap=false
株式会社 ダイレクトマーケティングゼロ,東京都,https://www.green-japan.com/job/75426,https://itp.ne.jp/keyword/?keyword=%E6%A0%AA%E5%BC%8F%E4%BC%9A%E7%A4%BE%20%E3%83%80%E3%82%A4%E3%83%AC%E3%82%AF%E3%83%88%E3%83%9E%E3%83%BC%E3%82%B1%E3%83%86%E3%82%A3%E3%83%B3%E3%82%B0%E3%82%BC%E3%83%AD&areaword=%E6%9D%B1%E4%BA%AC%E9%83%BD&sort=01&sbmap=false
株式会社 セントリーディング,東京都,https://www.green-japan.com/job/98799,https://itp.ne.jp/keyword/?keyword=%E6%A0%AA%E5%BC%8F%E4%BC%9A%E7%A4%BE%20%E3%82%BB%E3%83%B3%E3%83%88%E3%83%AA%E3%83%BC%E3%83%87%E3%82%A3%E3%83%B3%E3%82%B0&areaword=%E6%9D%B1%E4%BA%AC%E9%83%BD&sort=01&sbmap=false
株式会社 イーアイアイ,東京都,https://www.green-japan.com/job/90949,https://itp.ne.jp/keyword/?keyword=%E6%A0%AA%E5%BC%8F%E4%BC%9A%E7%A4%BE%20%E3%82%A4%E3%83%BC%E3%82%A2%E3%82%A4%E3%82%A2%E3%82%A4&areaword=%E6%9D%B1%E4%BA%AC%E9%83%BD&sort=01&sbmap=false
株式会社 コレリィアンドアトラクト,東京都,https://www.green-japan.com/job/51772,https://itp.ne.jp/keyword/?keyword=%E6%A0%AA%E5%BC%8F%E4%BC%9A%E7%A4%BE%20%E3%82%B3%E3%83%AC%E3%83%AA%E3%82%A3%E3%82%A2%E3%83%B3%E3%83%89%E3%82%A2%E3%83%88%E3%83%A9%E3%82%AF%E3%83%88&areaword=%E6%9D%B1%E4%BA%AC%E9%83%BD&sort=01&sbmap=false
株式会社 ビューティガレージ,東京都,https://www.green-japan.com/job/72392,https://itp.ne.jp/keyword/?keyword=%E6%A0%AA%E5%BC%8F%E4%BC%9A%E7%A4%BE%20%E3%83%93%E3%83%A5%E3%83%BC%E3%83%86%E3%82%A3%E3%82%AC%E3%83%AC%E3%83%BC%E3%82%B8&areaword=%E6%9D%B1%E4%BA%AC%E9%83%BD&sort=01&sbmap=false
株式会社 コーソル,東京都，神奈川県，愛知県，福岡県，海外,https://www.green-japan.com/job/34720,https://itp.ne.jp/keyword/?keyword=%E6%A0%AA%E5%BC%8F%E4%BC%9A%E7%A4%BE%20%E3%82%B3%E3%83%BC%E3%82%BD%E3%83%AB&areaword=%E6%9D%B1%E4%BA%AC%E9%83%BD%EF%BC%8C%E7%A5%9E%E5%A5%88%E5%B7%9D%E7%9C%8C%EF%BC%8C%E6%84%9B%E7%9F%A5%E7%9C%8C%EF%BC%8C%E7%A6%8F%E5%B2%A1%E7%9C%8C%EF%BC%8C%E6%B5%B7%E5%A4%96&sort=01&sbmap=false
キヤノンビズアテンダ 株式会社,東京都,https://www.green-japan.com/job/107575,https://itp.ne.jp/keyword/?keyword=%E3%82%AD%E3%83%A4%E3%83%8E%E3%83%B3%E3%83%93%E3%82%BA%E3%82%A2%E3%83%86%E3%83%B3%E3%83%80%20%E6%A0%AA%E5%BC%8F%E4%BC%9A%E7%A4%BE&areaword=%E6%9D%B1%E4%BA%AC%E9%83%BD&sort=01&sbmap=false
図研モデリンクス 株式会社,東京都，愛知県,https://www.green-japan.com/job/103227,https://itp.ne.jp/keyword/?keyword=%E5%9B%B3%E7%A0%94%E3%83%A2%E3%83%87%E3%83%AA%E3%83%B3%E3%82%AF%E3%82%B9%20%E6%A0%AA%E5%BC%8F%E4%BC%9A%E7%A4%BE&areaword=%E6%9D%B1%E4%BA%AC%E9%83%BD%EF%BC%8C%E6%84%9B%E7%9F%A5%E7%9C%8C&sort=01&sbmap=false
株式会社 リゾーム,東京都,https://www.green-japan.com/job/74015,https://itp.ne.jp/keyword/?keyword=%E6%A0%AA%E5%BC%8F%E4%BC%9A%E7%A4%BE%20%E3%83%AA%E3%82%BE%E3%83%BC%E3%83%A0&areaword=%E6%9D%B1%E4%BA%AC%E9%83%BD&sort=01&sbmap=false
株式会社 POL,東京都,https://www.green-japan.com/job/91963,https://itp.ne.jp/keyword/?keyword=%E6%A0%AA%E5%BC%8F%E4%BC%9A%E7%A4%BE%20POL&areaword=%E6%9D%B1%E4%BA%AC%E9%83%BD&sort=01&sbmap=false
株式会社 マネーパートナーズ,東京都,https://www.green-japan.com/job/48428,https://itp.ne.jp/keyword/?keyword=%E6%A0%AA%E5%BC%8F%E4%BC%9A%E7%A4%BE%20%E3%83%9E%E3%83%8D%E3%83%BC%E3%83%91%E3%83%BC%E3%83%88%E3%83%8A%E3%83%BC%E3%82%BA&areaword=%E6%9D%B1%E4%BA%AC%E9%83%BD&sort=01&sbmap=false
サイジニア 株式会社,東京都,https://www.green-japan.com/job/25590,https://itp.ne.jp/keyword/?keyword=%E3%82%B5%E3%82%A4%E3%82%B8%E3%83%8B%E3%82%A2%20%E6%A0%AA%E5%BC%8F%E4%BC%9A%E7%A4%BE&areaword=%E6%9D%B1%E4%BA%AC%E9%83%BD&sort=01&sbmap=false
