株式会社 BNGパートナーズ,東京都,https://www.green-japan.com/job/116024,https://itp.ne.jp/keyword/?keyword=%E6%A0%AA%E5%BC%8F%E4%BC%9A%E7%A4%BE%20BNG%E3%83%91%E3%83%BC%E3%83%88%E3%83%8A%E3%83%BC%E3%82%BA&areaword=%E6%9D%B1%E4%BA%AC%E9%83%BD&sort=01&sbmap=false
s1_name,s3_location,s2_a_url,https://itp.ne.jp/keyword/?keyword=s1_name&areaword=s3_location&sort=01&sbmap=false
株式会社 オプティマイザー,東京都,https://www.green-japan.com/job/114197,https://itp.ne.jp/keyword/?keyword=%E6%A0%AA%E5%BC%8F%E4%BC%9A%E7%A4%BE%20%E3%82%AA%E3%83%97%E3%83%86%E3%82%A3%E3%83%9E%E3%82%A4%E3%82%B6%E3%83%BC&areaword=%E6%9D%B1%E4%BA%AC%E9%83%BD&sort=01&sbmap=false
ナレッジスイート 株式会社,東京都,https://www.green-japan.com/job/98419,https://itp.ne.jp/keyword/?keyword=%E3%83%8A%E3%83%AC%E3%83%83%E3%82%B8%E3%82%B9%E3%82%A4%E3%83%BC%E3%83%88%20%E6%A0%AA%E5%BC%8F%E4%BC%9A%E7%A4%BE&areaword=%E6%9D%B1%E4%BA%AC%E9%83%BD&sort=01&sbmap=false
コインスペース 株式会社,東京都,https://www.green-japan.com/job/102437,https://itp.ne.jp/keyword/?keyword=%E3%82%B3%E3%82%A4%E3%83%B3%E3%82%B9%E3%83%9A%E3%83%BC%E3%82%B9%20%E6%A0%AA%E5%BC%8F%E4%BC%9A%E7%A4%BE&areaword=%E6%9D%B1%E4%BA%AC%E9%83%BD&sort=01&sbmap=false
株式会社 アイコニックジャパン,海外,https://www.green-japan.com/job/51417,https://itp.ne.jp/keyword/?keyword=%E6%A0%AA%E5%BC%8F%E4%BC%9A%E7%A4%BE%20%E3%82%A2%E3%82%A4%E3%82%B3%E3%83%8B%E3%83%83%E3%82%AF%E3%82%B8%E3%83%A3%E3%83%91%E3%83%B3&areaword=%E6%B5%B7%E5%A4%96&sort=01&sbmap=false
株式会社 リジョブ,東京都,https://www.green-japan.com/job/112822,https://itp.ne.jp/keyword/?keyword=%E6%A0%AA%E5%BC%8F%E4%BC%9A%E7%A4%BE%20%E3%83%AA%E3%82%B8%E3%83%A7%E3%83%96&areaword=%E6%9D%B1%E4%BA%AC%E9%83%BD&sort=01&sbmap=false
ペッツファースト 株式会社,広島県,https://www.green-japan.com/job/115275,https://itp.ne.jp/keyword/?keyword=%E3%83%9A%E3%83%83%E3%83%84%E3%83%95%E3%82%A1%E3%83%BC%E3%82%B9%E3%83%88%20%E6%A0%AA%E5%BC%8F%E4%BC%9A%E7%A4%BE&areaword=%E5%BA%83%E5%B3%B6%E7%9C%8C&sort=01&sbmap=false
auコマース&ライフ 株式会社,東京都,https://www.green-japan.com/job/115856,https://itp.ne.jp/keyword/?keyword=au%E3%82%B3%E3%83%9E%E3%83%BC%E3%82%B9%26%E3%83%A9%E3%82%A4%E3%83%95%20%E6%A0%AA%E5%BC%8F%E4%BC%9A%E7%A4%BE&areaword=%E6%9D%B1%E4%BA%AC%E9%83%BD&sort=01&sbmap=false
株式会社 アウトソーシングテクノロジー R&D事業本部,兵庫県,https://www.green-japan.com/job/116241,https://itp.ne.jp/keyword/?keyword=%E6%A0%AA%E5%BC%8F%E4%BC%9A%E7%A4%BE%20%E3%82%A2%E3%82%A6%E3%83%88%E3%82%BD%E3%83%BC%E3%82%B7%E3%83%B3%E3%82%B0%E3%83%86%E3%82%AF%E3%83%8E%E3%83%AD%E3%82%B8%E3%83%BC%20R%26D%E4%BA%8B%E6%A5%AD%E6%9C%AC%E9%83%A8&areaword=%E5%85%B5%E5%BA%AB%E7%9C%8C&sort=01&sbmap=false
株式会社 家族葬のファミーユ,愛知県,https://www.green-japan.com/job/115249,https://itp.ne.jp/keyword/?keyword=%E6%A0%AA%E5%BC%8F%E4%BC%9A%E7%A4%BE%20%E5%AE%B6%E6%97%8F%E8%91%AC%E3%81%AE%E3%83%95%E3%82%A1%E3%83%9F%E3%83%BC%E3%83%A6&areaword=%E6%84%9B%E7%9F%A5%E7%9C%8C&sort=01&sbmap=false
ポスタス 株式会社,東京都,https://www.green-japan.com/job/108750,https://itp.ne.jp/keyword/?keyword=%E3%83%9D%E3%82%B9%E3%82%BF%E3%82%B9%20%E6%A0%AA%E5%BC%8F%E4%BC%9A%E7%A4%BE&areaword=%E6%9D%B1%E4%BA%AC%E9%83%BD&sort=01&sbmap=false
株式会社 エイチーム,兵庫県,https://www.green-japan.com/job/109636,https://itp.ne.jp/keyword/?keyword=%E6%A0%AA%E5%BC%8F%E4%BC%9A%E7%A4%BE%20%E3%82%A8%E3%82%A4%E3%83%81%E3%83%BC%E3%83%A0&areaword=%E5%85%B5%E5%BA%AB%E7%9C%8C&sort=01&sbmap=false
学校法人 麻生塾,福岡県,https://www.green-japan.com/job/113050,https://itp.ne.jp/keyword/?keyword=%E5%AD%A6%E6%A0%A1%E6%B3%95%E4%BA%BA%20%E9%BA%BB%E7%94%9F%E5%A1%BE&areaword=%E7%A6%8F%E5%B2%A1%E7%9C%8C&sort=01&sbmap=false
株式会社 デンタルアシスト,東京都,https://www.green-japan.com/job/115370,https://itp.ne.jp/keyword/?keyword=%E6%A0%AA%E5%BC%8F%E4%BC%9A%E7%A4%BE%20%E3%83%87%E3%83%B3%E3%82%BF%E3%83%AB%E3%82%A2%E3%82%B7%E3%82%B9%E3%83%88&areaword=%E6%9D%B1%E4%BA%AC%E9%83%BD&sort=01&sbmap=false
株式会社 ブレイン・ラボ,東京都,https://www.green-japan.com/job/66903,https://itp.ne.jp/keyword/?keyword=%E6%A0%AA%E5%BC%8F%E4%BC%9A%E7%A4%BE%20%E3%83%96%E3%83%AC%E3%82%A4%E3%83%B3%E3%83%BB%E3%83%A9%E3%83%9C&areaword=%E6%9D%B1%E4%BA%AC%E9%83%BD&sort=01&sbmap=false
クラシコ 株式会社,東京都,https://www.green-japan.com/job/116169,https://itp.ne.jp/keyword/?keyword=%E3%82%AF%E3%83%A9%E3%82%B7%E3%82%B3%20%E6%A0%AA%E5%BC%8F%E4%BC%9A%E7%A4%BE&areaword=%E6%9D%B1%E4%BA%AC%E9%83%BD&sort=01&sbmap=false
株式会社 ゴゴジャン,東京都,https://www.green-japan.com/job/55220,https://itp.ne.jp/keyword/?keyword=%E6%A0%AA%E5%BC%8F%E4%BC%9A%E7%A4%BE%20%E3%82%B4%E3%82%B4%E3%82%B8%E3%83%A3%E3%83%B3&areaword=%E6%9D%B1%E4%BA%AC%E9%83%BD&sort=01&sbmap=false
トレノケート 株式会社（旧名：グローバルナレッジネットワーク株式会社）,東京都,https://www.green-japan.com/job/115842,https://itp.ne.jp/keyword/?keyword=%E3%83%88%E3%83%AC%E3%83%8E%E3%82%B1%E3%83%BC%E3%83%88%20%E6%A0%AA%E5%BC%8F%E4%BC%9A%E7%A4%BE%EF%BC%88%E6%97%A7%E5%90%8D%EF%BC%9A%E3%82%B0%E3%83%AD%E3%83%BC%E3%83%90%E3%83%AB%E3%83%8A%E3%83%AC%E3%83%83%E3%82%B8%E3%83%8D%E3%83%83%E3%83%88%E3%83%AF%E3%83%BC%E3%82%AF%E6%A0%AA%E5%BC%8F%E4%BC%9A%E7%A4%BE%EF%BC%89&areaword=%E6%9D%B1%E4%BA%AC%E9%83%BD&sort=01&sbmap=false
株式会社 ブロードリーフ,福岡県,https://www.green-japan.com/job/107385,https://itp.ne.jp/keyword/?keyword=%E6%A0%AA%E5%BC%8F%E4%BC%9A%E7%A4%BE%20%E3%83%96%E3%83%AD%E3%83%BC%E3%83%89%E3%83%AA%E3%83%BC%E3%83%95&areaword=%E7%A6%8F%E5%B2%A1%E7%9C%8C&sort=01&sbmap=false
株式会社 ネクストビート,大阪府,https://www.green-japan.com/job/75027,https://itp.ne.jp/keyword/?keyword=%E6%A0%AA%E5%BC%8F%E4%BC%9A%E7%A4%BE%20%E3%83%8D%E3%82%AF%E3%82%B9%E3%83%88%E3%83%93%E3%83%BC%E3%83%88&areaword=%E5%A4%A7%E9%98%AA%E5%BA%9C&sort=01&sbmap=false
株式会社 ＫＳＫ,埼玉県，東京都,https://www.green-japan.com/job/114854,https://itp.ne.jp/keyword/?keyword=%E6%A0%AA%E5%BC%8F%E4%BC%9A%E7%A4%BE%20%EF%BC%AB%EF%BC%B3%EF%BC%AB&areaword=%E5%9F%BC%E7%8E%89%E7%9C%8C%EF%BC%8C%E6%9D%B1%E4%BA%AC%E9%83%BD&sort=01&sbmap=false
株式会社 アズライト,東京都,https://www.green-japan.com/job/110669,https://itp.ne.jp/keyword/?keyword=%E6%A0%AA%E5%BC%8F%E4%BC%9A%E7%A4%BE%20%E3%82%A2%E3%82%BA%E3%83%A9%E3%82%A4%E3%83%88&areaword=%E6%9D%B1%E4%BA%AC%E9%83%BD&sort=01&sbmap=false
オーガニックグループ 株式会社,福岡県,https://www.green-japan.com/job/109934,https://itp.ne.jp/keyword/?keyword=%E3%82%AA%E3%83%BC%E3%82%AC%E3%83%8B%E3%83%83%E3%82%AF%E3%82%B0%E3%83%AB%E3%83%BC%E3%83%97%20%E6%A0%AA%E5%BC%8F%E4%BC%9A%E7%A4%BE&areaword=%E7%A6%8F%E5%B2%A1%E7%9C%8C&sort=01&sbmap=false
スローガン 株式会社,東京都，京都府,https://www.green-japan.com/job/116159,https://itp.ne.jp/keyword/?keyword=%E3%82%B9%E3%83%AD%E3%83%BC%E3%82%AC%E3%83%B3%20%E6%A0%AA%E5%BC%8F%E4%BC%9A%E7%A4%BE&areaword=%E6%9D%B1%E4%BA%AC%E9%83%BD%EF%BC%8C%E4%BA%AC%E9%83%BD%E5%BA%9C&sort=01&sbmap=false
株式会社 サイトビジット,東京都,https://www.green-japan.com/job/115361,https://itp.ne.jp/keyword/?keyword=%E6%A0%AA%E5%BC%8F%E4%BC%9A%E7%A4%BE%20%E3%82%B5%E3%82%A4%E3%83%88%E3%83%93%E3%82%B8%E3%83%83%E3%83%88&areaword=%E6%9D%B1%E4%BA%AC%E9%83%BD&sort=01&sbmap=false
株式会社 CryptoPie,東京都,https://www.green-japan.com/job/116148,https://itp.ne.jp/keyword/?keyword=%E6%A0%AA%E5%BC%8F%E4%BC%9A%E7%A4%BE%20CryptoPie&areaword=%E6%9D%B1%E4%BA%AC%E9%83%BD&sort=01&sbmap=false
株式会社 TMJ,神奈川県,https://www.green-japan.com/job/104974,https://itp.ne.jp/keyword/?keyword=%E6%A0%AA%E5%BC%8F%E4%BC%9A%E7%A4%BE%20TMJ&areaword=%E7%A5%9E%E5%A5%88%E5%B7%9D%E7%9C%8C&sort=01&sbmap=false
株式会社 ナナメウエ,東京都,https://www.green-japan.com/job/85320,https://itp.ne.jp/keyword/?keyword=%E6%A0%AA%E5%BC%8F%E4%BC%9A%E7%A4%BE%20%E3%83%8A%E3%83%8A%E3%83%A1%E3%82%A6%E3%82%A8&areaword=%E6%9D%B1%E4%BA%AC%E9%83%BD&sort=01&sbmap=false
ファビウス 株式会社,東京都,https://www.green-japan.com/job/38756,https://itp.ne.jp/keyword/?keyword=%E3%83%95%E3%82%A1%E3%83%93%E3%82%A6%E3%82%B9%20%E6%A0%AA%E5%BC%8F%E4%BC%9A%E7%A4%BE&areaword=%E6%9D%B1%E4%BA%AC%E9%83%BD&sort=01&sbmap=false
株式会社 侍,埼玉県，千葉県，東京都，神奈川県,https://www.green-japan.com/job/109491,https://itp.ne.jp/keyword/?keyword=%E6%A0%AA%E5%BC%8F%E4%BC%9A%E7%A4%BE%20%E4%BE%8D&areaword=%E5%9F%BC%E7%8E%89%E7%9C%8C%EF%BC%8C%E5%8D%83%E8%91%89%E7%9C%8C%EF%BC%8C%E6%9D%B1%E4%BA%AC%E9%83%BD%EF%BC%8C%E7%A5%9E%E5%A5%88%E5%B7%9D%E7%9C%8C&sort=01&sbmap=false
株式会社 グラム,東京都,https://www.green-japan.com/job/109931,https://itp.ne.jp/keyword/?keyword=%E6%A0%AA%E5%BC%8F%E4%BC%9A%E7%A4%BE%20%E3%82%B0%E3%83%A9%E3%83%A0&areaword=%E6%9D%B1%E4%BA%AC%E9%83%BD&sort=01&sbmap=false
株式会社 Crunch Style,東京都,https://www.green-japan.com/job/116078,https://itp.ne.jp/keyword/?keyword=%E6%A0%AA%E5%BC%8F%E4%BC%9A%E7%A4%BE%20Crunch%20Style&areaword=%E6%9D%B1%E4%BA%AC%E9%83%BD&sort=01&sbmap=false
ファインディ 株式会社,東京都,https://www.green-japan.com/job/115576,https://itp.ne.jp/keyword/?keyword=%E3%83%95%E3%82%A1%E3%82%A4%E3%83%B3%E3%83%87%E3%82%A3%20%E6%A0%AA%E5%BC%8F%E4%BC%9A%E7%A4%BE&areaword=%E6%9D%B1%E4%BA%AC%E9%83%BD&sort=01&sbmap=false
カレント自動車 株式会社,神奈川県,https://www.green-japan.com/job/114189,https://itp.ne.jp/keyword/?keyword=%E3%82%AB%E3%83%AC%E3%83%B3%E3%83%88%E8%87%AA%E5%8B%95%E8%BB%8A%20%E6%A0%AA%E5%BC%8F%E4%BC%9A%E7%A4%BE&areaword=%E7%A5%9E%E5%A5%88%E5%B7%9D%E7%9C%8C&sort=01&sbmap=false
株式会社 ナチュラルプランツ,東京都,https://www.green-japan.com/job/45581,https://itp.ne.jp/keyword/?keyword=%E6%A0%AA%E5%BC%8F%E4%BC%9A%E7%A4%BE%20%E3%83%8A%E3%83%81%E3%83%A5%E3%83%A9%E3%83%AB%E3%83%97%E3%83%A9%E3%83%B3%E3%83%84&areaword=%E6%9D%B1%E4%BA%AC%E9%83%BD&sort=01&sbmap=false
株式会社 識学,東京都,https://www.green-japan.com/job/105231,https://itp.ne.jp/keyword/?keyword=%E6%A0%AA%E5%BC%8F%E4%BC%9A%E7%A4%BE%20%E8%AD%98%E5%AD%A6&areaword=%E6%9D%B1%E4%BA%AC%E9%83%BD&sort=01&sbmap=false
note 株式会社,東京都,https://www.green-japan.com/job/115371,https://itp.ne.jp/keyword/?keyword=note%20%E6%A0%AA%E5%BC%8F%E4%BC%9A%E7%A4%BE&areaword=%E6%9D%B1%E4%BA%AC%E9%83%BD&sort=01&sbmap=false
ブライエッジ 株式会社,東京都,https://www.green-japan.com/job/114258,https://itp.ne.jp/keyword/?keyword=%E3%83%96%E3%83%A9%E3%82%A4%E3%82%A8%E3%83%83%E3%82%B8%20%E6%A0%AA%E5%BC%8F%E4%BC%9A%E7%A4%BE&areaword=%E6%9D%B1%E4%BA%AC%E9%83%BD&sort=01&sbmap=false
nmsエンジニアリング株式会社（旧：日本マニュファクチャリングサービス株式会社 エンジニアリング事業部）,大阪府,https://www.green-japan.com/job/100355,https://itp.ne.jp/keyword/?keyword=nms%E3%82%A8%E3%83%B3%E3%82%B8%E3%83%8B%E3%82%A2%E3%83%AA%E3%83%B3%E3%82%B0%E6%A0%AA%E5%BC%8F%E4%BC%9A%E7%A4%BE%EF%BC%88%E6%97%A7%EF%BC%9A%E6%97%A5%E6%9C%AC%E3%83%9E%E3%83%8B%E3%83%A5%E3%83%95%E3%82%A1%E3%82%AF%E3%83%81%E3%83%A3%E3%83%AA%E3%83%B3%E3%82%B0%E3%82%B5%E3%83%BC%E3%83%93%E3%82%B9%E6%A0%AA%E5%BC%8F%E4%BC%9A%E7%A4%BE%20%E3%82%A8%E3%83%B3%E3%82%B8%E3%83%8B%E3%82%A2%E3%83%AA%E3%83%B3%E3%82%B0%E4%BA%8B%E6%A5%AD%E9%83%A8%EF%BC%89&areaword=%E5%A4%A7%E9%98%AA%E5%BA%9C&sort=01&sbmap=false
株式会社 チームスピリット,東京都,https://www.green-japan.com/job/113489,https://itp.ne.jp/keyword/?keyword=%E6%A0%AA%E5%BC%8F%E4%BC%9A%E7%A4%BE%20%E3%83%81%E3%83%BC%E3%83%A0%E3%82%B9%E3%83%94%E3%83%AA%E3%83%83%E3%83%88&areaword=%E6%9D%B1%E4%BA%AC%E9%83%BD&sort=01&sbmap=false
夢見る 株式会社,兵庫県,https://www.green-japan.com/job/95243,https://itp.ne.jp/keyword/?keyword=%E5%A4%A2%E8%A6%8B%E3%82%8B%20%E6%A0%AA%E5%BC%8F%E4%BC%9A%E7%A4%BE&areaword=%E5%85%B5%E5%BA%AB%E7%9C%8C&sort=01&sbmap=false
ビズメイツ 株式会社,東京都,https://www.green-japan.com/job/103945,https://itp.ne.jp/keyword/?keyword=%E3%83%93%E3%82%BA%E3%83%A1%E3%82%A4%E3%83%84%20%E6%A0%AA%E5%BC%8F%E4%BC%9A%E7%A4%BE&areaword=%E6%9D%B1%E4%BA%AC%E9%83%BD&sort=01&sbmap=false
アスタミューゼ 株式会社,東京都,https://www.green-japan.com/job/25949,https://itp.ne.jp/keyword/?keyword=%E3%82%A2%E3%82%B9%E3%82%BF%E3%83%9F%E3%83%A5%E3%83%BC%E3%82%BC%20%E6%A0%AA%E5%BC%8F%E4%BC%9A%E7%A4%BE&areaword=%E6%9D%B1%E4%BA%AC%E9%83%BD&sort=01&sbmap=false
リビン・テクノロジーズ 株式会社,東京都,https://www.green-japan.com/job/80157,https://itp.ne.jp/keyword/?keyword=%E3%83%AA%E3%83%93%E3%83%B3%E3%83%BB%E3%83%86%E3%82%AF%E3%83%8E%E3%83%AD%E3%82%B8%E3%83%BC%E3%82%BA%20%E6%A0%AA%E5%BC%8F%E4%BC%9A%E7%A4%BE&areaword=%E6%9D%B1%E4%BA%AC%E9%83%BD&sort=01&sbmap=false
株式会社 クラス,東京都,https://www.green-japan.com/job/100558,https://itp.ne.jp/keyword/?keyword=%E6%A0%AA%E5%BC%8F%E4%BC%9A%E7%A4%BE%20%E3%82%AF%E3%83%A9%E3%82%B9&areaword=%E6%9D%B1%E4%BA%AC%E9%83%BD&sort=01&sbmap=false
株式会社 Hajimari(旧ITプロパートナーズ),東京都,https://www.green-japan.com/job/43865,https://itp.ne.jp/keyword/?keyword=%E6%A0%AA%E5%BC%8F%E4%BC%9A%E7%A4%BE%20Hajimari%28%E6%97%A7IT%E3%83%97%E3%83%AD%E3%83%91%E3%83%BC%E3%83%88%E3%83%8A%E3%83%BC%E3%82%BA%29&areaword=%E6%9D%B1%E4%BA%AC%E9%83%BD&sort=01&sbmap=false
株式会社 ジャパネットホールディングス,福岡県,https://www.green-japan.com/job/107666,https://itp.ne.jp/keyword/?keyword=%E6%A0%AA%E5%BC%8F%E4%BC%9A%E7%A4%BE%20%E3%82%B8%E3%83%A3%E3%83%91%E3%83%8D%E3%83%83%E3%83%88%E3%83%9B%E3%83%BC%E3%83%AB%E3%83%87%E3%82%A3%E3%83%B3%E3%82%B0%E3%82%B9&areaword=%E7%A6%8F%E5%B2%A1%E7%9C%8C&sort=01&sbmap=false
株式会社 メドレー,東京都,https://www.green-japan.com/job/50992,https://itp.ne.jp/keyword/?keyword=%E6%A0%AA%E5%BC%8F%E4%BC%9A%E7%A4%BE%20%E3%83%A1%E3%83%89%E3%83%AC%E3%83%BC&areaword=%E6%9D%B1%E4%BA%AC%E9%83%BD&sort=01&sbmap=false
株式会社 ALL CONNECT,大阪府,https://www.green-japan.com/job/114862,https://itp.ne.jp/keyword/?keyword=%E6%A0%AA%E5%BC%8F%E4%BC%9A%E7%A4%BE%20ALL%20CONNECT&areaword=%E5%A4%A7%E9%98%AA%E5%BA%9C&sort=01&sbmap=false
株式会社 オーネット,兵庫県,https://www.green-japan.com/job/107831,https://itp.ne.jp/keyword/?keyword=%E6%A0%AA%E5%BC%8F%E4%BC%9A%E7%A4%BE%20%E3%82%AA%E3%83%BC%E3%83%8D%E3%83%83%E3%83%88&areaword=%E5%85%B5%E5%BA%AB%E7%9C%8C&sort=01&sbmap=false
株式会社 デジタルハーツホールディングス,東京都,https://www.green-japan.com/job/114782,https://itp.ne.jp/keyword/?keyword=%E6%A0%AA%E5%BC%8F%E4%BC%9A%E7%A4%BE%20%E3%83%87%E3%82%B8%E3%82%BF%E3%83%AB%E3%83%8F%E3%83%BC%E3%83%84%E3%83%9B%E3%83%BC%E3%83%AB%E3%83%87%E3%82%A3%E3%83%B3%E3%82%B0%E3%82%B9&areaword=%E6%9D%B1%E4%BA%AC%E9%83%BD&sort=01&sbmap=false
認定NPO法人カタリバ,福島県,https://www.green-japan.com/job/107797,https://itp.ne.jp/keyword/?keyword=%E8%AA%8D%E5%AE%9ANPO%E6%B3%95%E4%BA%BA%E3%82%AB%E3%82%BF%E3%83%AA%E3%83%90&areaword=%E7%A6%8F%E5%B3%B6%E7%9C%8C&sort=01&sbmap=false
キャリアリンク 株式会社,京都府，大阪府，兵庫県,https://www.green-japan.com/job/78961,https://itp.ne.jp/keyword/?keyword=%E3%82%AD%E3%83%A3%E3%83%AA%E3%82%A2%E3%83%AA%E3%83%B3%E3%82%AF%20%E6%A0%AA%E5%BC%8F%E4%BC%9A%E7%A4%BE&areaword=%E4%BA%AC%E9%83%BD%E5%BA%9C%EF%BC%8C%E5%A4%A7%E9%98%AA%E5%BA%9C%EF%BC%8C%E5%85%B5%E5%BA%AB%E7%9C%8C&sort=01&sbmap=false
Luche Holdings.Pte.Ltd. (LUCHE GROUP),石川県，福井県,https://www.green-japan.com/job/111775,https://itp.ne.jp/keyword/?keyword=Luche%20Holdings.Pte.Ltd.%20%28LUCHE%20GROUP%29&areaword=%E7%9F%B3%E5%B7%9D%E7%9C%8C%EF%BC%8C%E7%A6%8F%E4%BA%95%E7%9C%8C&sort=01&sbmap=false
MOCAL 株式会社,埼玉県，千葉県，東京都，神奈川県,https://www.green-japan.com/job/65090,https://itp.ne.jp/keyword/?keyword=MOCAL%20%E6%A0%AA%E5%BC%8F%E4%BC%9A%E7%A4%BE&areaword=%E5%9F%BC%E7%8E%89%E7%9C%8C%EF%BC%8C%E5%8D%83%E8%91%89%E7%9C%8C%EF%BC%8C%E6%9D%B1%E4%BA%AC%E9%83%BD%EF%BC%8C%E7%A5%9E%E5%A5%88%E5%B7%9D%E7%9C%8C&sort=01&sbmap=false
サークレイス 株式会社,東京都,https://www.green-japan.com/job/87162,https://itp.ne.jp/keyword/?keyword=%E3%82%B5%E3%83%BC%E3%82%AF%E3%83%AC%E3%82%A4%E3%82%B9%20%E6%A0%AA%E5%BC%8F%E4%BC%9A%E7%A4%BE&areaword=%E6%9D%B1%E4%BA%AC%E9%83%BD&sort=01&sbmap=false
フリービット 株式会社,東京都,https://www.green-japan.com/job/112345,https://itp.ne.jp/keyword/?keyword=%E3%83%95%E3%83%AA%E3%83%BC%E3%83%93%E3%83%83%E3%83%88%20%E6%A0%AA%E5%BC%8F%E4%BC%9A%E7%A4%BE&areaword=%E6%9D%B1%E4%BA%AC%E9%83%BD&sort=01&sbmap=false
株式会社 ファーストコネクト,北海道,https://www.green-japan.com/job/70219,https://itp.ne.jp/keyword/?keyword=%E6%A0%AA%E5%BC%8F%E4%BC%9A%E7%A4%BE%20%E3%83%95%E3%82%A1%E3%83%BC%E3%82%B9%E3%83%88%E3%82%B3%E3%83%8D%E3%82%AF%E3%83%88&areaword=%E5%8C%97%E6%B5%B7%E9%81%93&sort=01&sbmap=false
株式会社 スーパーソフトウエア,東京都,https://www.green-japan.com/job/100273,https://itp.ne.jp/keyword/?keyword=%E6%A0%AA%E5%BC%8F%E4%BC%9A%E7%A4%BE%20%E3%82%B9%E3%83%BC%E3%83%91%E3%83%BC%E3%82%BD%E3%83%95%E3%83%88%E3%82%A6%E3%82%A8%E3%82%A2&areaword=%E6%9D%B1%E4%BA%AC%E9%83%BD&sort=01&sbmap=false
CBcloud 株式会社,沖縄県,https://www.green-japan.com/job/106093,https://itp.ne.jp/keyword/?keyword=CBcloud%20%E6%A0%AA%E5%BC%8F%E4%BC%9A%E7%A4%BE&areaword=%E6%B2%96%E7%B8%84%E7%9C%8C&sort=01&sbmap=false
株式会社 Satisfill,北海道,https://www.green-japan.com/job/109943,https://itp.ne.jp/keyword/?keyword=%E6%A0%AA%E5%BC%8F%E4%BC%9A%E7%A4%BE%20Satisfill&areaword=%E5%8C%97%E6%B5%B7%E9%81%93&sort=01&sbmap=false
株式会社 ストリートスマート,大阪府,https://www.green-japan.com/job/92238,https://itp.ne.jp/keyword/?keyword=%E6%A0%AA%E5%BC%8F%E4%BC%9A%E7%A4%BE%20%E3%82%B9%E3%83%88%E3%83%AA%E3%83%BC%E3%83%88%E3%82%B9%E3%83%9E%E3%83%BC%E3%83%88&areaword=%E5%A4%A7%E9%98%AA%E5%BA%9C&sort=01&sbmap=false
株式会社 アイデンティティー,東京都,https://www.green-japan.com/job/100084,https://itp.ne.jp/keyword/?keyword=%E6%A0%AA%E5%BC%8F%E4%BC%9A%E7%A4%BE%20%E3%82%A2%E3%82%A4%E3%83%87%E3%83%B3%E3%83%86%E3%82%A3%E3%83%86%E3%82%A3%E3%83%BC&areaword=%E6%9D%B1%E4%BA%AC%E9%83%BD&sort=01&sbmap=false
株式会社 Showcase Gig,東京都,https://www.green-japan.com/job/115128,https://itp.ne.jp/keyword/?keyword=%E6%A0%AA%E5%BC%8F%E4%BC%9A%E7%A4%BE%20Showcase%20Gig&areaword=%E6%9D%B1%E4%BA%AC%E9%83%BD&sort=01&sbmap=false
株式会社 フュージョニア,東京都,https://www.green-japan.com/job/80836,https://itp.ne.jp/keyword/?keyword=%E6%A0%AA%E5%BC%8F%E4%BC%9A%E7%A4%BE%20%E3%83%95%E3%83%A5%E3%83%BC%E3%82%B8%E3%83%A7%E3%83%8B%E3%82%A2&areaword=%E6%9D%B1%E4%BA%AC%E9%83%BD&sort=01&sbmap=false
ファストドクター 株式会社,東京都,https://www.green-japan.com/job/112117,https://itp.ne.jp/keyword/?keyword=%E3%83%95%E3%82%A1%E3%82%B9%E3%83%88%E3%83%89%E3%82%AF%E3%82%BF%E3%83%BC%20%E6%A0%AA%E5%BC%8F%E4%BC%9A%E7%A4%BE&areaword=%E6%9D%B1%E4%BA%AC%E9%83%BD&sort=01&sbmap=false
株式会社 テクノコア,東京都,https://www.green-japan.com/job/73371,https://itp.ne.jp/keyword/?keyword=%E6%A0%AA%E5%BC%8F%E4%BC%9A%E7%A4%BE%20%E3%83%86%E3%82%AF%E3%83%8E%E3%82%B3%E3%82%A2&areaword=%E6%9D%B1%E4%BA%AC%E9%83%BD&sort=01&sbmap=false
トライシクル 株式会社,東京都,https://www.green-japan.com/job/111060,https://itp.ne.jp/keyword/?keyword=%E3%83%88%E3%83%A9%E3%82%A4%E3%82%B7%E3%82%AF%E3%83%AB%20%E6%A0%AA%E5%BC%8F%E4%BC%9A%E7%A4%BE&areaword=%E6%9D%B1%E4%BA%AC%E9%83%BD&sort=01&sbmap=false
株式会社 ギークリー,東京都,https://www.green-japan.com/job/93066,https://itp.ne.jp/keyword/?keyword=%E6%A0%AA%E5%BC%8F%E4%BC%9A%E7%A4%BE%20%E3%82%AE%E3%83%BC%E3%82%AF%E3%83%AA%E3%83%BC&areaword=%E6%9D%B1%E4%BA%AC%E9%83%BD&sort=01&sbmap=false
株式会社 きゅうべえ,京都府,https://www.green-japan.com/job/77154,https://itp.ne.jp/keyword/?keyword=%E6%A0%AA%E5%BC%8F%E4%BC%9A%E7%A4%BE%20%E3%81%8D%E3%82%85%E3%81%86%E3%81%B9%E3%81%88&areaword=%E4%BA%AC%E9%83%BD%E5%BA%9C&sort=01&sbmap=false
株式会社 MILIZE,北海道，青森県，岩手県，宮城県，秋田県，山形県，福島県，茨城県，栃木県，群馬県，埼玉県，千葉県，東京都，神奈川県，新潟県，富山県，石川県，福井県，山梨県，長野県，岐阜県，静岡県，愛知県，三重県，滋賀県，京都府，大阪府，兵庫県，奈良県，和歌山県，鳥取県，島根県，岡山県，広島県，山口県，徳島県，香川県，愛媛県，高知県，佐賀県，長崎県，熊本県，大分県，宮崎県，鹿児島県，沖縄県，全国，海外,https://www.green-japan.com/job/81491,https://itp.ne.jp/keyword/?keyword=%E6%A0%AA%E5%BC%8F%E4%BC%9A%E7%A4%BE%20MILIZE&areaword=%E5%8C%97%E6%B5%B7%E9%81%93%EF%BC%8C%E9%9D%92%E6%A3%AE%E7%9C%8C%EF%BC%8C%E5%B2%A9%E6%89%8B%E7%9C%8C%EF%BC%8C%E5%AE%AE%E5%9F%8E%E7%9C%8C%EF%BC%8C%E7%A7%8B%E7%94%B0%E7%9C%8C%EF%BC%8C%E5%B1%B1%E5%BD%A2%E7%9C%8C%EF%BC%8C%E7%A6%8F%E5%B3%B6%E7%9C%8C%EF%BC%8C%E8%8C%A8%E5%9F%8E%E7%9C%8C%EF%BC%8C%E6%A0%83%E6%9C%A8%E7%9C%8C%EF%BC%8C%E7%BE%A4%E9%A6%AC%E7%9C%8C%EF%BC%8C%E5%9F%BC%E7%8E%89%E7%9C%8C%EF%BC%8C%E5%8D%83%E8%91%89%E7%9C%8C%EF%BC%8C%E6%9D%B1%E4%BA%AC%E9%83%BD%EF%BC%8C%E7%A5%9E%E5%A5%88%E5%B7%9D%E7%9C%8C%EF%BC%8C%E6%96%B0%E6%BD%9F%E7%9C%8C%EF%BC%8C%E5%AF%8C%E5%B1%B1%E7%9C%8C%EF%BC%8C%E7%9F%B3%E5%B7%9D%E7%9C%8C%EF%BC%8C%E7%A6%8F%E4%BA%95%E7%9C%8C%EF%BC%8C%E5%B1%B1%E6%A2%A8%E7%9C%8C%EF%BC%8C%E9%95%B7%E9%87%8E%E7%9C%8C%EF%BC%8C%E5%B2%90%E9%98%9C%E7%9C%8C%EF%BC%8C%E9%9D%99%E5%B2%A1%E7%9C%8C%EF%BC%8C%E6%84%9B%E7%9F%A5%E7%9C%8C%EF%BC%8C%E4%B8%89%E9%87%8D%E7%9C%8C%EF%BC%8C%E6%BB%8B%E8%B3%80%E7%9C%8C%EF%BC%8C%E4%BA%AC%E9%83%BD%E5%BA%9C%EF%BC%8C%E5%A4%A7%E9%98%AA%E5%BA%9C%EF%BC%8C%E5%85%B5%E5%BA%AB%E7%9C%8C%EF%BC%8C%E5%A5%88%E8%89%AF%E7%9C%8C%EF%BC%8C%E5%92%8C%E6%AD%8C%E5%B1%B1%E7%9C%8C%EF%BC%8C%E9%B3%A5%E5%8F%96%E7%9C%8C%EF%BC%8C%E5%B3%B6%E6%A0%B9%E7%9C%8C%EF%BC%8C%E5%B2%A1%E5%B1%B1%E7%9C%8C%EF%BC%8C%E5%BA%83%E5%B3%B6%E7%9C%8C%EF%BC%8C%E5%B1%B1%E5%8F%A3%E7%9C%8C%EF%BC%8C%E5%BE%B3%E5%B3%B6%E7%9C%8C%EF%BC%8C%E9%A6%99%E5%B7%9D%E7%9C%8C%EF%BC%8C%E6%84%9B%E5%AA%9B%E7%9C%8C%EF%BC%8C%E9%AB%98%E7%9F%A5%E7%9C%8C%EF%BC%8C%E4%BD%90%E8%B3%80%E7%9C%8C%EF%BC%8C%E9%95%B7%E5%B4%8E%E7%9C%8C%EF%BC%8C%E7%86%8A%E6%9C%AC%E7%9C%8C%EF%BC%8C%E5%A4%A7%E5%88%86%E7%9C%8C%EF%BC%8C%E5%AE%AE%E5%B4%8E%E7%9C%8C%EF%BC%8C%E9%B9%BF%E5%85%90%E5%B3%B6%E7%9C%8C%EF%BC%8C%E6%B2%96%E7%B8%84%E7%9C%8C%EF%BC%8C%E5%85%A8%E5%9B%BD%EF%BC%8C%E6%B5%B7%E5%A4%96&sort=01&sbmap=false
株式会社 ROXX（旧名：株式会社SCOUTER）,東京都,https://www.green-japan.com/job/104630,https://itp.ne.jp/keyword/?keyword=%E6%A0%AA%E5%BC%8F%E4%BC%9A%E7%A4%BE%20ROXX%EF%BC%88%E6%97%A7%E5%90%8D%EF%BC%9A%E6%A0%AA%E5%BC%8F%E4%BC%9A%E7%A4%BESCOUTER%EF%BC%89&areaword=%E6%9D%B1%E4%BA%AC%E9%83%BD&sort=01&sbmap=false
株式会社 マノア・リノ,東京都,https://www.green-japan.com/job/100965,https://itp.ne.jp/keyword/?keyword=%E6%A0%AA%E5%BC%8F%E4%BC%9A%E7%A4%BE%20%E3%83%9E%E3%83%8E%E3%82%A2%E3%83%BB%E3%83%AA%E3%83%8E&areaword=%E6%9D%B1%E4%BA%AC%E9%83%BD&sort=01&sbmap=false
ジェイフロンティア 株式会社,東京都,https://www.green-japan.com/job/109273,https://itp.ne.jp/keyword/?keyword=%E3%82%B8%E3%82%A7%E3%82%A4%E3%83%95%E3%83%AD%E3%83%B3%E3%83%86%E3%82%A3%E3%82%A2%20%E6%A0%AA%E5%BC%8F%E4%BC%9A%E7%A4%BE&areaword=%E6%9D%B1%E4%BA%AC%E9%83%BD&sort=01&sbmap=false
株式会社 ココナラ,東京都,https://www.green-japan.com/job/114542,https://itp.ne.jp/keyword/?keyword=%E6%A0%AA%E5%BC%8F%E4%BC%9A%E7%A4%BE%20%E3%82%B3%E3%82%B3%E3%83%8A%E3%83%A9&areaword=%E6%9D%B1%E4%BA%AC%E9%83%BD&sort=01&sbmap=false
株式会社 Branding Engineer,東京都,https://www.green-japan.com/job/54416,https://itp.ne.jp/keyword/?keyword=%E6%A0%AA%E5%BC%8F%E4%BC%9A%E7%A4%BE%20Branding%20Engineer&areaword=%E6%9D%B1%E4%BA%AC%E9%83%BD&sort=01&sbmap=false
オーマイグラス 株式会社,神奈川県，京都府，大阪府,https://www.green-japan.com/job/106291,https://itp.ne.jp/keyword/?keyword=%E3%82%AA%E3%83%BC%E3%83%9E%E3%82%A4%E3%82%B0%E3%83%A9%E3%82%B9%20%E6%A0%AA%E5%BC%8F%E4%BC%9A%E7%A4%BE&areaword=%E7%A5%9E%E5%A5%88%E5%B7%9D%E7%9C%8C%EF%BC%8C%E4%BA%AC%E9%83%BD%E5%BA%9C%EF%BC%8C%E5%A4%A7%E9%98%AA%E5%BA%9C&sort=01&sbmap=false
株式会社 インフィライズ,東京都,https://www.green-japan.com/job/100220,https://itp.ne.jp/keyword/?keyword=%E6%A0%AA%E5%BC%8F%E4%BC%9A%E7%A4%BE%20%E3%82%A4%E3%83%B3%E3%83%95%E3%82%A3%E3%83%A9%E3%82%A4%E3%82%BA&areaword=%E6%9D%B1%E4%BA%AC%E9%83%BD&sort=01&sbmap=false
株式会社 エウレカ,東京都,https://www.green-japan.com/job/97867,https://itp.ne.jp/keyword/?keyword=%E6%A0%AA%E5%BC%8F%E4%BC%9A%E7%A4%BE%20%E3%82%A8%E3%82%A6%E3%83%AC%E3%82%AB&areaword=%E6%9D%B1%E4%BA%AC%E9%83%BD&sort=01&sbmap=false
株式会社 マーケットエンタープライズ,東京都,https://www.green-japan.com/job/110121,https://itp.ne.jp/keyword/?keyword=%E6%A0%AA%E5%BC%8F%E4%BC%9A%E7%A4%BE%20%E3%83%9E%E3%83%BC%E3%82%B1%E3%83%83%E3%83%88%E3%82%A8%E3%83%B3%E3%82%BF%E3%83%BC%E3%83%97%E3%83%A9%E3%82%A4%E3%82%BA&areaword=%E6%9D%B1%E4%BA%AC%E9%83%BD&sort=01&sbmap=false
株式会社 イーナ,大阪府,https://www.green-japan.com/job/36134,https://itp.ne.jp/keyword/?keyword=%E6%A0%AA%E5%BC%8F%E4%BC%9A%E7%A4%BE%20%E3%82%A4%E3%83%BC%E3%83%8A&areaword=%E5%A4%A7%E9%98%AA%E5%BA%9C&sort=01&sbmap=false
株式会社 Colorful System,兵庫県,https://www.green-japan.com/job/113776,https://itp.ne.jp/keyword/?keyword=%E6%A0%AA%E5%BC%8F%E4%BC%9A%E7%A4%BE%20Colorful%20System&areaword=%E5%85%B5%E5%BA%AB%E7%9C%8C&sort=01&sbmap=false
CTW 株式会社,東京都,https://www.green-japan.com/job/112680,https://itp.ne.jp/keyword/?keyword=CTW%20%E6%A0%AA%E5%BC%8F%E4%BC%9A%E7%A4%BE&areaword=%E6%9D%B1%E4%BA%AC%E9%83%BD&sort=01&sbmap=false
株式会社 Project8,東京都,https://www.green-japan.com/job/113758,https://itp.ne.jp/keyword/?keyword=%E6%A0%AA%E5%BC%8F%E4%BC%9A%E7%A4%BE%20Project8&areaword=%E6%9D%B1%E4%BA%AC%E9%83%BD&sort=01&sbmap=false
株式会社 サンプロ,長野県,https://www.green-japan.com/job/59399,https://itp.ne.jp/keyword/?keyword=%E6%A0%AA%E5%BC%8F%E4%BC%9A%E7%A4%BE%20%E3%82%B5%E3%83%B3%E3%83%97%E3%83%AD&areaword=%E9%95%B7%E9%87%8E%E7%9C%8C&sort=01&sbmap=false
株式会社 フェローズ,北海道,https://www.green-japan.com/job/46214,https://itp.ne.jp/keyword/?keyword=%E6%A0%AA%E5%BC%8F%E4%BC%9A%E7%A4%BE%20%E3%83%95%E3%82%A7%E3%83%AD%E3%83%BC%E3%82%BA&areaword=%E5%8C%97%E6%B5%B7%E9%81%93&sort=01&sbmap=false
CO-NECT株式会社(旧ハイドアウトクラブ),東京都,https://www.green-japan.com/job/98210,https://itp.ne.jp/keyword/?keyword=CO-NECT%E6%A0%AA%E5%BC%8F%E4%BC%9A%E7%A4%BE%28%E6%97%A7%E3%83%8F%E3%82%A4%E3%83%89%E3%82%A2%E3%82%A6%E3%83%88%E3%82%AF%E3%83%A9%E3%83%96%29&areaword=%E6%9D%B1%E4%BA%AC%E9%83%BD&sort=01&sbmap=false
株式会社 FORCE,大阪府,https://www.green-japan.com/job/97491,https://itp.ne.jp/keyword/?keyword=%E6%A0%AA%E5%BC%8F%E4%BC%9A%E7%A4%BE%20FORCE&areaword=%E5%A4%A7%E9%98%AA%E5%BA%9C&sort=01&sbmap=false
ソリッドシード 株式会社,東京都,https://www.green-japan.com/job/21521,https://itp.ne.jp/keyword/?keyword=%E3%82%BD%E3%83%AA%E3%83%83%E3%83%89%E3%82%B7%E3%83%BC%E3%83%89%20%E6%A0%AA%E5%BC%8F%E4%BC%9A%E7%A4%BE&areaword=%E6%9D%B1%E4%BA%AC%E9%83%BD&sort=01&sbmap=false
株式会社 アーキタイプ,東京都,https://www.green-japan.com/job/109801,https://itp.ne.jp/keyword/?keyword=%E6%A0%AA%E5%BC%8F%E4%BC%9A%E7%A4%BE%20%E3%82%A2%E3%83%BC%E3%82%AD%E3%82%BF%E3%82%A4%E3%83%97&areaword=%E6%9D%B1%E4%BA%AC%E9%83%BD&sort=01&sbmap=false
株式会社 プロラボ ホールディングス,東京都,https://www.green-japan.com/job/82169,https://itp.ne.jp/keyword/?keyword=%E6%A0%AA%E5%BC%8F%E4%BC%9A%E7%A4%BE%20%E3%83%97%E3%83%AD%E3%83%A9%E3%83%9C%20%E3%83%9B%E3%83%BC%E3%83%AB%E3%83%87%E3%82%A3%E3%83%B3%E3%82%B0%E3%82%B9&areaword=%E6%9D%B1%E4%BA%AC%E9%83%BD&sort=01&sbmap=false
キャリアマネジメント 株式会社,神奈川県,https://www.green-japan.com/job/71088,https://itp.ne.jp/keyword/?keyword=%E3%82%AD%E3%83%A3%E3%83%AA%E3%82%A2%E3%83%9E%E3%83%8D%E3%82%B8%E3%83%A1%E3%83%B3%E3%83%88%20%E6%A0%AA%E5%BC%8F%E4%BC%9A%E7%A4%BE&areaword=%E7%A5%9E%E5%A5%88%E5%B7%9D%E7%9C%8C&sort=01&sbmap=false
株式会社 ProVision,東京都,https://www.green-japan.com/job/68352,https://itp.ne.jp/keyword/?keyword=%E6%A0%AA%E5%BC%8F%E4%BC%9A%E7%A4%BE%20ProVision&areaword=%E6%9D%B1%E4%BA%AC%E9%83%BD&sort=01&sbmap=false
株式会社 アスパークメディカル,東京都,https://www.green-japan.com/job/20897,https://itp.ne.jp/keyword/?keyword=%E6%A0%AA%E5%BC%8F%E4%BC%9A%E7%A4%BE%20%E3%82%A2%E3%82%B9%E3%83%91%E3%83%BC%E3%82%AF%E3%83%A1%E3%83%87%E3%82%A3%E3%82%AB%E3%83%AB&areaword=%E6%9D%B1%E4%BA%AC%E9%83%BD&sort=01&sbmap=false
レバレジーズ 株式会社,東京都,https://www.green-japan.com/job/47366,https://itp.ne.jp/keyword/?keyword=%E3%83%AC%E3%83%90%E3%83%AC%E3%82%B8%E3%83%BC%E3%82%BA%20%E6%A0%AA%E5%BC%8F%E4%BC%9A%E7%A4%BE&areaword=%E6%9D%B1%E4%BA%AC%E9%83%BD&sort=01&sbmap=false
株式会社 フォーサイト,東京都,https://www.green-japan.com/job/51856,https://itp.ne.jp/keyword/?keyword=%E6%A0%AA%E5%BC%8F%E4%BC%9A%E7%A4%BE%20%E3%83%95%E3%82%A9%E3%83%BC%E3%82%B5%E3%82%A4%E3%83%88&areaword=%E6%9D%B1%E4%BA%AC%E9%83%BD&sort=01&sbmap=false
パレクセル・インターナショナル 株式会社,東京都,https://www.green-japan.com/job/24022,https://itp.ne.jp/keyword/?keyword=%E3%83%91%E3%83%AC%E3%82%AF%E3%82%BB%E3%83%AB%E3%83%BB%E3%82%A4%E3%83%B3%E3%82%BF%E3%83%BC%E3%83%8A%E3%82%B7%E3%83%A7%E3%83%8A%E3%83%AB%20%E6%A0%AA%E5%BC%8F%E4%BC%9A%E7%A4%BE&areaword=%E6%9D%B1%E4%BA%AC%E9%83%BD&sort=01&sbmap=false
株式会社 WILLCO,東京都,https://www.green-japan.com/job/55611,https://itp.ne.jp/keyword/?keyword=%E6%A0%AA%E5%BC%8F%E4%BC%9A%E7%A4%BE%20WILLCO&areaword=%E6%9D%B1%E4%BA%AC%E9%83%BD&sort=01&sbmap=false
notari 株式会社,東京都,https://www.green-japan.com/job/88266,https://itp.ne.jp/keyword/?keyword=notari%20%E6%A0%AA%E5%BC%8F%E4%BC%9A%E7%A4%BE&areaword=%E6%9D%B1%E4%BA%AC%E9%83%BD&sort=01&sbmap=false
株式会社 SHIFT,北海道，東京都,https://www.green-japan.com/job/74514,https://itp.ne.jp/keyword/?keyword=%E6%A0%AA%E5%BC%8F%E4%BC%9A%E7%A4%BE%20SHIFT&areaword=%E5%8C%97%E6%B5%B7%E9%81%93%EF%BC%8C%E6%9D%B1%E4%BA%AC%E9%83%BD&sort=01&sbmap=false
株式会社 ピュアボックス,岡山県,https://www.green-japan.com/job/113434,https://itp.ne.jp/keyword/?keyword=%E6%A0%AA%E5%BC%8F%E4%BC%9A%E7%A4%BE%20%E3%83%94%E3%83%A5%E3%82%A2%E3%83%9C%E3%83%83%E3%82%AF%E3%82%B9&areaword=%E5%B2%A1%E5%B1%B1%E7%9C%8C&sort=01&sbmap=false
株式会社 プレックス,東京都,https://www.green-japan.com/job/101608,https://itp.ne.jp/keyword/?keyword=%E6%A0%AA%E5%BC%8F%E4%BC%9A%E7%A4%BE%20%E3%83%97%E3%83%AC%E3%83%83%E3%82%AF%E3%82%B9&areaword=%E6%9D%B1%E4%BA%AC%E9%83%BD&sort=01&sbmap=false
株式会社 コンコードエグゼクティブグループ,東京都,https://www.green-japan.com/job/17828,https://itp.ne.jp/keyword/?keyword=%E6%A0%AA%E5%BC%8F%E4%BC%9A%E7%A4%BE%20%E3%82%B3%E3%83%B3%E3%82%B3%E3%83%BC%E3%83%89%E3%82%A8%E3%82%B0%E3%82%BC%E3%82%AF%E3%83%86%E3%82%A3%E3%83%96%E3%82%B0%E3%83%AB%E3%83%BC%E3%83%97&areaword=%E6%9D%B1%E4%BA%AC%E9%83%BD&sort=01&sbmap=false
株式会社 KMS,東京都,https://www.green-japan.com/job/105280,https://itp.ne.jp/keyword/?keyword=%E6%A0%AA%E5%BC%8F%E4%BC%9A%E7%A4%BE%20KMS&areaword=%E6%9D%B1%E4%BA%AC%E9%83%BD&sort=01&sbmap=false
株式会社 ウェルクス,東京都,https://www.green-japan.com/job/112636,https://itp.ne.jp/keyword/?keyword=%E6%A0%AA%E5%BC%8F%E4%BC%9A%E7%A4%BE%20%E3%82%A6%E3%82%A7%E3%83%AB%E3%82%AF%E3%82%B9&areaword=%E6%9D%B1%E4%BA%AC%E9%83%BD&sort=01&sbmap=false
株式会社 ストロボライト,東京都,https://www.green-japan.com/job/109778,https://itp.ne.jp/keyword/?keyword=%E6%A0%AA%E5%BC%8F%E4%BC%9A%E7%A4%BE%20%E3%82%B9%E3%83%88%E3%83%AD%E3%83%9C%E3%83%A9%E3%82%A4%E3%83%88&areaword=%E6%9D%B1%E4%BA%AC%E9%83%BD&sort=01&sbmap=false
株式会社 WARC,東京都,https://www.green-japan.com/job/81409,https://itp.ne.jp/keyword/?keyword=%E6%A0%AA%E5%BC%8F%E4%BC%9A%E7%A4%BE%20WARC&areaword=%E6%9D%B1%E4%BA%AC%E9%83%BD&sort=01&sbmap=false
株式会社 Elaly,東京都,https://www.green-japan.com/job/92224,https://itp.ne.jp/keyword/?keyword=%E6%A0%AA%E5%BC%8F%E4%BC%9A%E7%A4%BE%20Elaly&areaword=%E6%9D%B1%E4%BA%AC%E9%83%BD&sort=01&sbmap=false
株式会社 ホールハート,東京都,https://www.green-japan.com/job/61398,https://itp.ne.jp/keyword/?keyword=%E6%A0%AA%E5%BC%8F%E4%BC%9A%E7%A4%BE%20%E3%83%9B%E3%83%BC%E3%83%AB%E3%83%8F%E3%83%BC%E3%83%88&areaword=%E6%9D%B1%E4%BA%AC%E9%83%BD&sort=01&sbmap=false
株式会社 クロス・コミュニケーション,東京都,https://www.green-japan.com/job/41545,https://itp.ne.jp/keyword/?keyword=%E6%A0%AA%E5%BC%8F%E4%BC%9A%E7%A4%BE%20%E3%82%AF%E3%83%AD%E3%82%B9%E3%83%BB%E3%82%B3%E3%83%9F%E3%83%A5%E3%83%8B%E3%82%B1%E3%83%BC%E3%82%B7%E3%83%A7%E3%83%B3&areaword=%E6%9D%B1%E4%BA%AC%E9%83%BD&sort=01&sbmap=false
ギークス 株式会社,東京都,https://www.green-japan.com/job/42692,https://itp.ne.jp/keyword/?keyword=%E3%82%AE%E3%83%BC%E3%82%AF%E3%82%B9%20%E6%A0%AA%E5%BC%8F%E4%BC%9A%E7%A4%BE&areaword=%E6%9D%B1%E4%BA%AC%E9%83%BD&sort=01&sbmap=false
株式会社 ビジネクスト,東京都,https://www.green-japan.com/job/62386,https://itp.ne.jp/keyword/?keyword=%E6%A0%AA%E5%BC%8F%E4%BC%9A%E7%A4%BE%20%E3%83%93%E3%82%B8%E3%83%8D%E3%82%AF%E3%82%B9%E3%83%88&areaword=%E6%9D%B1%E4%BA%AC%E9%83%BD&sort=01&sbmap=false
株式会社 リンクトブレイン,東京都,https://www.green-japan.com/job/103404,https://itp.ne.jp/keyword/?keyword=%E6%A0%AA%E5%BC%8F%E4%BC%9A%E7%A4%BE%20%E3%83%AA%E3%83%B3%E3%82%AF%E3%83%88%E3%83%96%E3%83%AC%E3%82%A4%E3%83%B3&areaword=%E6%9D%B1%E4%BA%AC%E9%83%BD&sort=01&sbmap=false
株式会社 オトラビスタ,東京都,https://www.green-japan.com/job/80717,https://itp.ne.jp/keyword/?keyword=%E6%A0%AA%E5%BC%8F%E4%BC%9A%E7%A4%BE%20%E3%82%AA%E3%83%88%E3%83%A9%E3%83%93%E3%82%B9%E3%82%BF&areaword=%E6%9D%B1%E4%BA%AC%E9%83%BD&sort=01&sbmap=false
株式会社 グッピーズ,東京都,https://www.green-japan.com/job/99715,https://itp.ne.jp/keyword/?keyword=%E6%A0%AA%E5%BC%8F%E4%BC%9A%E7%A4%BE%20%E3%82%B0%E3%83%83%E3%83%94%E3%83%BC%E3%82%BA&areaword=%E6%9D%B1%E4%BA%AC%E9%83%BD&sort=01&sbmap=false
PHC 株式会社,愛媛県,https://www.green-japan.com/job/105659,https://itp.ne.jp/keyword/?keyword=PHC%20%E6%A0%AA%E5%BC%8F%E4%BC%9A%E7%A4%BE&areaword=%E6%84%9B%E5%AA%9B%E7%9C%8C&sort=01&sbmap=false
株式会社 アーキベース,東京都,https://www.green-japan.com/job/67201,https://itp.ne.jp/keyword/?keyword=%E6%A0%AA%E5%BC%8F%E4%BC%9A%E7%A4%BE%20%E3%82%A2%E3%83%BC%E3%82%AD%E3%83%99%E3%83%BC%E3%82%B9&areaword=%E6%9D%B1%E4%BA%AC%E9%83%BD&sort=01&sbmap=false
株式会社 ゼロすむ,新潟県,https://www.green-japan.com/job/113488,https://itp.ne.jp/keyword/?keyword=%E6%A0%AA%E5%BC%8F%E4%BC%9A%E7%A4%BE%20%E3%82%BC%E3%83%AD%E3%81%99%E3%82%80&areaword=%E6%96%B0%E6%BD%9F%E7%9C%8C&sort=01&sbmap=false
株式会社 ミクセンス,東京都,https://www.green-japan.com/job/36899,https://itp.ne.jp/keyword/?keyword=%E6%A0%AA%E5%BC%8F%E4%BC%9A%E7%A4%BE%20%E3%83%9F%E3%82%AF%E3%82%BB%E3%83%B3%E3%82%B9&areaword=%E6%9D%B1%E4%BA%AC%E9%83%BD&sort=01&sbmap=false
株式会社 QVC ジャパン,千葉県,https://www.green-japan.com/job/109465,https://itp.ne.jp/keyword/?keyword=%E6%A0%AA%E5%BC%8F%E4%BC%9A%E7%A4%BE%20QVC%20%E3%82%B8%E3%83%A3%E3%83%91%E3%83%B3&areaword=%E5%8D%83%E8%91%89%E7%9C%8C&sort=01&sbmap=false
株式会社 MOA,東京都,https://www.green-japan.com/job/95169,https://itp.ne.jp/keyword/?keyword=%E6%A0%AA%E5%BC%8F%E4%BC%9A%E7%A4%BE%20MOA&areaword=%E6%9D%B1%E4%BA%AC%E9%83%BD&sort=01&sbmap=false
株式会社 キャピタルメディカ,大阪府，兵庫県,https://www.green-japan.com/job/109870,https://itp.ne.jp/keyword/?keyword=%E6%A0%AA%E5%BC%8F%E4%BC%9A%E7%A4%BE%20%E3%82%AD%E3%83%A3%E3%83%94%E3%82%BF%E3%83%AB%E3%83%A1%E3%83%87%E3%82%A3%E3%82%AB&areaword=%E5%A4%A7%E9%98%AA%E5%BA%9C%EF%BC%8C%E5%85%B5%E5%BA%AB%E7%9C%8C&sort=01&sbmap=false
オンサイト 株式会社,福岡県,https://www.green-japan.com/job/73452,https://itp.ne.jp/keyword/?keyword=%E3%82%AA%E3%83%B3%E3%82%B5%E3%82%A4%E3%83%88%20%E6%A0%AA%E5%BC%8F%E4%BC%9A%E7%A4%BE&areaword=%E7%A6%8F%E5%B2%A1%E7%9C%8C&sort=01&sbmap=false
株式会社 紀乃屋,山口県,https://www.green-japan.com/job/109108,https://itp.ne.jp/keyword/?keyword=%E6%A0%AA%E5%BC%8F%E4%BC%9A%E7%A4%BE%20%E7%B4%80%E4%B9%83%E5%B1%8B&areaword=%E5%B1%B1%E5%8F%A3%E7%9C%8C&sort=01&sbmap=false
株式会社 メグラス ,愛知県,https://www.green-japan.com/job/52778,https://itp.ne.jp/keyword/?keyword=%E6%A0%AA%E5%BC%8F%E4%BC%9A%E7%A4%BE%20%E3%83%A1%E3%82%B0%E3%83%A9%E3%82%B9%20&areaword=%E6%84%9B%E7%9F%A5%E7%9C%8C&sort=01&sbmap=false
Matcher 株式会社,東京都,https://www.green-japan.com/job/88871,https://itp.ne.jp/keyword/?keyword=Matcher%20%E6%A0%AA%E5%BC%8F%E4%BC%9A%E7%A4%BE&areaword=%E6%9D%B1%E4%BA%AC%E9%83%BD&sort=01&sbmap=false
アンファー 株式会社,東京都,https://www.green-japan.com/job/105763,https://itp.ne.jp/keyword/?keyword=%E3%82%A2%E3%83%B3%E3%83%95%E3%82%A1%E3%83%BC%20%E6%A0%AA%E5%BC%8F%E4%BC%9A%E7%A4%BE&areaword=%E6%9D%B1%E4%BA%AC%E9%83%BD&sort=01&sbmap=false
バリュエンスホールディングス(旧SOU),東京都,https://www.green-japan.com/job/59788,https://itp.ne.jp/keyword/?keyword=%E3%83%90%E3%83%AA%E3%83%A5%E3%82%A8%E3%83%B3%E3%82%B9%E3%83%9B%E3%83%BC%E3%83%AB%E3%83%87%E3%82%A3%E3%83%B3%E3%82%B0%E3%82%B9%28%E6%97%A7SOU%29&areaword=%E6%9D%B1%E4%BA%AC%E9%83%BD&sort=01&sbmap=false
株式会社 SPICE SERVE,東京都，神奈川県,https://www.green-japan.com/job/46994,https://itp.ne.jp/keyword/?keyword=%E6%A0%AA%E5%BC%8F%E4%BC%9A%E7%A4%BE%20SPICE%20SERVE&areaword=%E6%9D%B1%E4%BA%AC%E9%83%BD%EF%BC%8C%E7%A5%9E%E5%A5%88%E5%B7%9D%E7%9C%8C&sort=01&sbmap=false
株式会社 グローバルヘルスコンサルティング・ジャパン,東京都,https://www.green-japan.com/job/31617,https://itp.ne.jp/keyword/?keyword=%E6%A0%AA%E5%BC%8F%E4%BC%9A%E7%A4%BE%20%E3%82%B0%E3%83%AD%E3%83%BC%E3%83%90%E3%83%AB%E3%83%98%E3%83%AB%E3%82%B9%E3%82%B3%E3%83%B3%E3%82%B5%E3%83%AB%E3%83%86%E3%82%A3%E3%83%B3%E3%82%B0%E3%83%BB%E3%82%B8%E3%83%A3%E3%83%91%E3%83%B3&areaword=%E6%9D%B1%E4%BA%AC%E9%83%BD&sort=01&sbmap=false
コネクトハブ 株式会社,沖縄県,https://www.green-japan.com/job/97859,https://itp.ne.jp/keyword/?keyword=%E3%82%B3%E3%83%8D%E3%82%AF%E3%83%88%E3%83%8F%E3%83%96%20%E6%A0%AA%E5%BC%8F%E4%BC%9A%E7%A4%BE&areaword=%E6%B2%96%E7%B8%84%E7%9C%8C&sort=01&sbmap=false
株式会社 シーユーシー,東京都，全国,https://www.green-japan.com/job/76399,https://itp.ne.jp/keyword/?keyword=%E6%A0%AA%E5%BC%8F%E4%BC%9A%E7%A4%BE%20%E3%82%B7%E3%83%BC%E3%83%A6%E3%83%BC%E3%82%B7%E3%83%BC&areaword=%E6%9D%B1%E4%BA%AC%E9%83%BD%EF%BC%8C%E5%85%A8%E5%9B%BD&sort=01&sbmap=false
株式会社 タイムチケット,東京都,https://www.green-japan.com/job/106575,https://itp.ne.jp/keyword/?keyword=%E6%A0%AA%E5%BC%8F%E4%BC%9A%E7%A4%BE%20%E3%82%BF%E3%82%A4%E3%83%A0%E3%83%81%E3%82%B1%E3%83%83%E3%83%88&areaword=%E6%9D%B1%E4%BA%AC%E9%83%BD&sort=01&sbmap=false
株式会社 ティーケーシステム,静岡県,https://www.green-japan.com/job/100428,https://itp.ne.jp/keyword/?keyword=%E6%A0%AA%E5%BC%8F%E4%BC%9A%E7%A4%BE%20%E3%83%86%E3%82%A3%E3%83%BC%E3%82%B1%E3%83%BC%E3%82%B7%E3%82%B9%E3%83%86%E3%83%A0&areaword=%E9%9D%99%E5%B2%A1%E7%9C%8C&sort=01&sbmap=false
株式会社 Gracia,東京都,https://www.green-japan.com/job/90773,https://itp.ne.jp/keyword/?keyword=%E6%A0%AA%E5%BC%8F%E4%BC%9A%E7%A4%BE%20Gracia&areaword=%E6%9D%B1%E4%BA%AC%E9%83%BD&sort=01&sbmap=false
株式会社 コトラ,東京都,https://www.green-japan.com/job/41511,https://itp.ne.jp/keyword/?keyword=%E6%A0%AA%E5%BC%8F%E4%BC%9A%E7%A4%BE%20%E3%82%B3%E3%83%88%E3%83%A9&areaword=%E6%9D%B1%E4%BA%AC%E9%83%BD&sort=01&sbmap=false
トリプル・ダブリュー・ジャパン 株式会社,東京都,https://www.green-japan.com/job/48077,https://itp.ne.jp/keyword/?keyword=%E3%83%88%E3%83%AA%E3%83%97%E3%83%AB%E3%83%BB%E3%83%80%E3%83%96%E3%83%AA%E3%83%A5%E3%83%BC%E3%83%BB%E3%82%B8%E3%83%A3%E3%83%91%E3%83%B3%20%E6%A0%AA%E5%BC%8F%E4%BC%9A%E7%A4%BE&areaword=%E6%9D%B1%E4%BA%AC%E9%83%BD&sort=01&sbmap=false
株式会社 アカリク,東京都,https://www.green-japan.com/job/87044,https://itp.ne.jp/keyword/?keyword=%E6%A0%AA%E5%BC%8F%E4%BC%9A%E7%A4%BE%20%E3%82%A2%E3%82%AB%E3%83%AA%E3%82%AF&areaword=%E6%9D%B1%E4%BA%AC%E9%83%BD&sort=01&sbmap=false
株式会社 ファンオブライフ,東京都,https://www.green-japan.com/job/100823,https://itp.ne.jp/keyword/?keyword=%E6%A0%AA%E5%BC%8F%E4%BC%9A%E7%A4%BE%20%E3%83%95%E3%82%A1%E3%83%B3%E3%82%AA%E3%83%96%E3%83%A9%E3%82%A4%E3%83%95&areaword=%E6%9D%B1%E4%BA%AC%E9%83%BD&sort=01&sbmap=false
株式会社 ベストブライダル,埼玉県，千葉県，神奈川県，大阪府,https://www.green-japan.com/job/20104,https://itp.ne.jp/keyword/?keyword=%E6%A0%AA%E5%BC%8F%E4%BC%9A%E7%A4%BE%20%E3%83%99%E3%82%B9%E3%83%88%E3%83%96%E3%83%A9%E3%82%A4%E3%83%80%E3%83%AB&areaword=%E5%9F%BC%E7%8E%89%E7%9C%8C%EF%BC%8C%E5%8D%83%E8%91%89%E7%9C%8C%EF%BC%8C%E7%A5%9E%E5%A5%88%E5%B7%9D%E7%9C%8C%EF%BC%8C%E5%A4%A7%E9%98%AA%E5%BA%9C&sort=01&sbmap=false
株式会社 レックス,兵庫県,https://www.green-japan.com/job/79916,https://itp.ne.jp/keyword/?keyword=%E6%A0%AA%E5%BC%8F%E4%BC%9A%E7%A4%BE%20%E3%83%AC%E3%83%83%E3%82%AF%E3%82%B9&areaword=%E5%85%B5%E5%BA%AB%E7%9C%8C&sort=01&sbmap=false
コグラフ 株式会社,東京都,https://www.green-japan.com/job/24005,https://itp.ne.jp/keyword/?keyword=%E3%82%B3%E3%82%B0%E3%83%A9%E3%83%95%20%E6%A0%AA%E5%BC%8F%E4%BC%9A%E7%A4%BE&areaword=%E6%9D%B1%E4%BA%AC%E9%83%BD&sort=01&sbmap=false
ハーバーハウス 株式会社,新潟県，長野県,https://www.green-japan.com/job/56559,https://itp.ne.jp/keyword/?keyword=%E3%83%8F%E3%83%BC%E3%83%90%E3%83%BC%E3%83%8F%E3%82%A6%E3%82%B9%20%E6%A0%AA%E5%BC%8F%E4%BC%9A%E7%A4%BE&areaword=%E6%96%B0%E6%BD%9F%E7%9C%8C%EF%BC%8C%E9%95%B7%E9%87%8E%E7%9C%8C&sort=01&sbmap=false
株式会社 アポロン,東京都,https://www.green-japan.com/job/10701,https://itp.ne.jp/keyword/?keyword=%E6%A0%AA%E5%BC%8F%E4%BC%9A%E7%A4%BE%20%E3%82%A2%E3%83%9D%E3%83%AD%E3%83%B3&areaword=%E6%9D%B1%E4%BA%AC%E9%83%BD&sort=01&sbmap=false
株式会社 アップ,京都府，大阪府，兵庫県，奈良県,https://www.green-japan.com/job/4554,https://itp.ne.jp/keyword/?keyword=%E6%A0%AA%E5%BC%8F%E4%BC%9A%E7%A4%BE%20%E3%82%A2%E3%83%83%E3%83%97&areaword=%E4%BA%AC%E9%83%BD%E5%BA%9C%EF%BC%8C%E5%A4%A7%E9%98%AA%E5%BA%9C%EF%BC%8C%E5%85%B5%E5%BA%AB%E7%9C%8C%EF%BC%8C%E5%A5%88%E8%89%AF%E7%9C%8C&sort=01&sbmap=false
