s1_name,s2_a_url,s3_location
グリーンモンスター 株式会社,https://www.green-japan.com/job/77512,東京都
Ascent Business Consulting 株式会社,https://www.green-japan.com/job/116234,東京都
パクテラ・テクノロジー・ジャパン 株式会社,https://www.green-japan.com/job/116288,東京都
株式会社 ユーティル,https://www.green-japan.com/job/114568,東京都
ソフトブレーン 株式会社,https://www.green-japan.com/job/115884,東京都
株式会社 エヌエルプラス,https://www.green-japan.com/job/109594,東京都
株式会社 ブレインパッド,https://www.green-japan.com/job/44895,東京都
株式会社 デジタルシフトウェーブ,https://www.green-japan.com/job/98085,東京都
株式会社 バリュレイト,https://www.green-japan.com/job/116070,東京都
FISM 株式会社,https://www.green-japan.com/job/96100,東京都
株式会社 ROXX（旧名：株式会社SCOUTER）,https://www.green-japan.com/job/99651,東京都
株式会社 BNGパートナーズ,https://www.green-japan.com/job/116024,東京都
株式会社 シャノン,https://www.green-japan.com/job/116098,東京都
学校法人 麻生塾,https://www.green-japan.com/job/116114,福岡県
株式会社 Liberaware,https://www.green-japan.com/job/115834,千葉県
株式会社 PIGNUS,https://www.green-japan.com/job/115703,東京都
株式会社 テクノモバイル,https://www.green-japan.com/job/86880,東京都
クービック 株式会社,https://www.green-japan.com/job/114615,東京都
株式会社 ネクストビート,https://www.green-japan.com/job/89290,東京都
株式会社 ランチェスター,https://www.green-japan.com/job/115272,東京都
株式会社 BTM,https://www.green-japan.com/job/103120,東京都
Supership 株式会社,https://www.green-japan.com/job/114287,東京都
株式会社 アトラエ,https://www.green-japan.com/job/90670,東京都
株式会社 キャンサースキャン,https://www.green-japan.com/job/111819,東京都
株式会社 Roseau Pensant,https://www.green-japan.com/job/30830,東京都
株式会社 サイトビジット,https://www.green-japan.com/job/115397,東京都
株式会社 グローマス,https://www.green-japan.com/job/113432,東京都
株式会社 チュートリアル,https://www.green-japan.com/job/115500,東京都
株式会社 識学,https://www.green-japan.com/job/105231,東京都
株式会社 MyRefer,https://www.green-japan.com/job/85297,東京都
株式会社 アズライト,https://www.green-japan.com/job/110669,東京都
株式会社 Regrit Partners,https://www.green-japan.com/job/106752,東京都
株式会社 サイバー・バズ,https://www.green-japan.com/job/41277,東京都
株式会社 チームスピリット,https://www.green-japan.com/job/85324,東京都，海外
ナイル 株式会社,https://www.green-japan.com/job/104402,東京都
株式会社 ベアーズ,https://www.green-japan.com/job/115392,東京都
アートトレーディング 株式会社,https://www.green-japan.com/job/114996,静岡県
株式会社 UPDATA（旧：ダイヤモンドメディア株式会社）,https://www.green-japan.com/job/114680,東京都，全国
株式会社 ファーストデジタル,https://www.green-japan.com/job/107147,東京都
コダワリ・ビジネス・コンサルティング 株式会社,https://www.green-japan.com/job/21752,東京都
株式会社 ビジネス アソシエイツ,https://www.green-japan.com/job/85485,東京都，大阪府
ミュージックセキュリティーズ 株式会社,https://www.green-japan.com/job/54751,東京都
株式会社 デンタルアシスト,https://www.green-japan.com/job/115370,東京都
株式会社 HR Force,https://www.green-japan.com/job/67923,東京都
株式会社 ロケーションバリュー,https://www.green-japan.com/job/103359,東京都
iYell 株式会社,https://www.green-japan.com/job/115240,東京都
株式会社 グラム,https://www.green-japan.com/job/109931,東京都
株式会社 フライウィール,https://www.green-japan.com/job/94405,東京都
ケイスリー 株式会社,https://www.green-japan.com/job/108600,東京都
株式会社 WAKUWAKU,https://www.green-japan.com/job/103845,東京都
AI CROSS 株式会社,https://www.green-japan.com/job/112537,東京都
BAMV 合同会社,https://www.green-japan.com/job/95112,東京都
アイムファクトリー 株式会社,https://www.green-japan.com/job/115405,埼玉県，千葉県，東京都，神奈川県，京都府，大阪府，兵庫県，奈良県
株式会社 日立製作所,https://www.green-japan.com/job/102809,東京都
株式会社 TAPP,https://www.green-japan.com/job/113264,大阪府
株式会社 エル・ティー・エス,https://www.green-japan.com/job/113890,埼玉県，千葉県，東京都，神奈川県
株式会社 リジョブ,https://www.green-japan.com/job/106232,東京都
株式会社 CryptoPie,https://www.green-japan.com/job/108356,東京都
INCLUSIVE 株式会社,https://www.green-japan.com/job/33757,東京都
電通アイソバー 株式会社,https://www.green-japan.com/job/82769,東京都
株式会社 ケップル,https://www.green-japan.com/job/114482,東京都
FANTAS technology 株式会社,https://www.green-japan.com/job/112573,東京都
株式会社 トラストリッジ,https://www.green-japan.com/job/115099,東京都
デジタルアーツコンサルティング 株式会社,https://www.green-japan.com/job/91693,東京都
株式会社 カイマデータ,https://www.green-japan.com/job/107220,東京都
株式会社 サイカ,https://www.green-japan.com/job/109921,東京都
ストロングポイント 株式会社,https://www.green-japan.com/job/111382,岡山県，香川県，高知県
株式会社 プロレド・パートナーズ,https://www.green-japan.com/job/60446,東京都
株式会社 クーリエ,https://www.green-japan.com/job/93273,東京都
株式会社 MILIZE,https://www.green-japan.com/job/81491,北海道，青森県，岩手県，宮城県，秋田県，山形県，福島県，茨城県，栃木県，群馬県，埼玉県，千葉県，東京都，神奈川県，新潟県，富山県，石川県，福井県，山梨県，長野県，岐阜県，静岡県，愛知県，三重県，滋賀県，京都府，大阪府，兵庫県，奈良県，和歌山県，鳥取県，島根県，岡山県，広島県，山口県，徳島県，香川県，愛媛県，高知県，佐賀県，長崎県，熊本県，大分県，宮崎県，鹿児島県，沖縄県，全国，海外
株式会社 神戸デジタル・ラボ,https://www.green-japan.com/job/109895,兵庫県
株式会社 メドレー,https://www.green-japan.com/job/106599,東京都
ファーストアカウンティング 株式会社,https://www.green-japan.com/job/106831,東京都
株式会社 ALL CONNECT,https://www.green-japan.com/job/114862,大阪府
株式会社 ジェネシスコミュニケーション,https://www.green-japan.com/job/109496,東京都
スターティアレイズ 株式会社,https://www.green-japan.com/job/93962,東京都
フリービット 株式会社,https://www.green-japan.com/job/108479,東京都
株式会社 スカイアーチネットワークス,https://www.green-japan.com/job/107905,東京都
ビーウィズ 株式会社,https://www.green-japan.com/job/113745,東京都
株式会社 アイデンティティー,https://www.green-japan.com/job/103112,東京都
株式会社 Trueone,https://www.green-japan.com/job/50126,埼玉県，千葉県，東京都，神奈川県，大阪府
株式会社 TMJ,https://www.green-japan.com/job/107351,東京都
ブライエッジ 株式会社,https://www.green-japan.com/job/58431,東京都
クラフトバンク 株式会社,https://www.green-japan.com/job/55380,東京都
株式会社 Branding Engineer,https://www.green-japan.com/job/113069,東京都
アクセンチュア 株式会社,https://www.green-japan.com/job/52992,東京都，京都府，大阪府，福岡県
株式会社 ミナジン,https://www.green-japan.com/job/92524,東京都
株式会社 プロジット,https://www.green-japan.com/job/30299,東京都，神奈川県
株式会社 WARC,https://www.green-japan.com/job/81405,東京都
Sansan 株式会社 ビジネス職採用,https://www.green-japan.com/job/113506,東京都
株式会社 テクロス,https://www.green-japan.com/job/80890,東京都
株式会社 トップゲート,https://www.green-japan.com/job/108147,東京都
ファウンダーズ 株式会社,https://www.green-japan.com/job/112820,東京都
株式会社 ROBOT PAYMENT (旧名：株式会社Cloud Payment) ,https://www.green-japan.com/job/59256,東京都
株式会社 ラクス,https://www.green-japan.com/job/111568,大阪府
株式会社 GameWith,https://www.green-japan.com/job/108977,東京都
株式会社 いい生活,https://www.green-japan.com/job/96776,大阪府
株式会社 マクロミル,https://www.green-japan.com/job/24944,東京都
株式会社 ライトワークス,https://www.green-japan.com/job/108262,東京都
株式会社 HERO innovation,https://www.green-japan.com/job/60007,東京都
株式会社 テクノロジーパートナー,https://www.green-japan.com/job/113085,東京都
株式会社 div,https://www.green-japan.com/job/105910,東京都
株式会社 ジーネクスト,https://www.green-japan.com/job/99518,東京都
株式会社 LIFULL senior,https://www.green-japan.com/job/100332,東京都
エクスチュア 株式会社,https://www.green-japan.com/job/34845,東京都
株式会社 フィエルテ,https://www.green-japan.com/job/107785,東京都
ルビー・グループ 株式会社,https://www.green-japan.com/job/85608,東京都
株式会社 ココナラ,https://www.green-japan.com/job/114542,東京都
株式会社 オープンロジ,https://www.green-japan.com/job/99560,東京都
株式会社 Ｄｏｎｕｔｓ,https://www.green-japan.com/job/101166,東京都
TVISION INSIGHTS 株式会社,https://www.green-japan.com/job/81235,東京都
株式会社 柴田ビジネス・コンサルティング,https://www.green-japan.com/job/102798,大阪府
DATUM STUDIO 株式会社,https://www.green-japan.com/job/110441,東京都
株式会社 ローカルフォリオ（旧リーチローカル・ジャパン株式会社）,https://www.green-japan.com/job/110873,大阪府
株式会社 ビザスク,https://www.green-japan.com/job/39769,東京都
凸版印刷 株式会社,https://www.green-japan.com/job/77427,東京都
株式会社 デジタルフォルン,https://www.green-japan.com/job/71179,東京都
パーソルプロセス＆テクノロジー株式会社（旧：株式会社インテリジェンス ビジネスソリューションズ）,https://www.green-japan.com/job/55089,大阪府
株式会社 システナ,https://www.green-japan.com/job/58467,東京都，神奈川県
株式会社 キャピタルメディカ,https://www.green-japan.com/job/110208,東京都
MOCAL 株式会社,https://www.green-japan.com/job/65090,埼玉県，千葉県，東京都，神奈川県
株式会社 ゴゴジャン,https://www.green-japan.com/job/66803,東京都
株式会社 asken,https://www.green-japan.com/job/112284,東京都
株式会社 リード・イノベーション,https://www.green-japan.com/job/103315,東京都
RELATIONS 株式会社,https://www.green-japan.com/job/107888,東京都
ビットバンク 株式会社,https://www.green-japan.com/job/102891,東京都
株式会社 フロムスクラッチ,https://www.green-japan.com/job/83510,東京都
イグニション・ポイント 株式会社,https://www.green-japan.com/job/59154,埼玉県，千葉県，東京都，神奈川県，大阪府，海外
株式会社 セレス,https://www.green-japan.com/job/108497,東京都
デマンドリンク 株式会社,https://www.green-japan.com/job/52546,東京都
リビン・テクノロジーズ 株式会社,https://www.green-japan.com/job/59097,東京都
株式会社 FORCE,https://www.green-japan.com/job/97491,大阪府
株式会社 ロゼッタ,https://www.green-japan.com/job/91682,東京都
株式会社 ウェブクルー,https://www.green-japan.com/job/108273,東京都
株式会社 ストレイナー,https://www.green-japan.com/job/110898,埼玉県，千葉県，東京都，神奈川県，全国
株式会社 HRBrain,https://www.green-japan.com/job/104921,全国
株式会社 リヴァンプ,https://www.green-japan.com/job/58404,東京都
株式会社 LIG,https://www.green-japan.com/job/113719,東京都
株式会社 ハロネット,https://www.green-japan.com/job/113129,東京都
株式会社 ラック,https://www.green-japan.com/job/83528,東京都
株式会社 アフレル,https://www.green-japan.com/job/76580,東京都
アタラ 合同会社,https://www.green-japan.com/job/22186,東京都
notari 株式会社,https://www.green-japan.com/job/88266,東京都
テテマーチ 株式会社,https://www.green-japan.com/job/78235,東京都
株式会社 サーキュレーション,https://www.green-japan.com/job/89489,福岡県
株式会社 ジャパネットホールディングス,https://www.green-japan.com/job/83409,東京都
株式会社 インタースペース,https://www.green-japan.com/job/92980,東京都
バーチャレクス・ホールディングス 株式会社,https://www.green-japan.com/job/84431,東京都
株式会社  Trys,https://www.green-japan.com/job/111465,東京都
バルテス 株式会社,https://www.green-japan.com/job/66828,東京都
株式会社 アイコニックジャパン,https://www.green-japan.com/job/80121,海外
株式会社 フォーサイト,https://www.green-japan.com/job/51856,東京都
株式会社 WACUL,https://www.green-japan.com/job/91362,東京都
ライフパートナーズ 株式会社,https://www.green-japan.com/job/84809,愛知県
株式会社 tenkai,https://www.green-japan.com/job/38227,東京都
アスタミューゼ 株式会社,https://www.green-japan.com/job/110066,東京都
株式会社 TRUSTDOCK,https://www.green-japan.com/job/108546,東京都
INTLOOP 株式会社,https://www.green-japan.com/job/83549,東京都
株式会社 STANDARD,https://www.green-japan.com/job/113493,東京都
BASE 株式会社,https://www.green-japan.com/job/109656,東京都
GPSSホールディングス 株式会社,https://www.green-japan.com/job/113460,東京都
Attack 株式会社,https://www.green-japan.com/job/112053,東京都
株式会社 NOKIOO,https://www.green-japan.com/job/113254,静岡県
エイムネクスト 株式会社,https://www.green-japan.com/job/93693,東京都，全国
株式会社 メイクス,https://www.green-japan.com/job/54891,東京都
BTCボックス 株式会社,https://www.green-japan.com/job/97911,東京都
株式会社 ねこじゃらし,https://www.green-japan.com/job/112896,東京都
株式会社 ゼロすむ,https://www.green-japan.com/job/113488,新潟県
トゥルーコンサルティング 株式会社,https://www.green-japan.com/job/56449,東京都
株式会社 アイティフォー,https://www.green-japan.com/job/16682,東京都
テコネット 株式会社,https://www.green-japan.com/job/93786,大阪府
Vogaro 株式会社,https://www.green-japan.com/job/56108,大阪府
株式会社 イードア,https://www.green-japan.com/job/47558,東京都
AESコンサルティング 株式会社,https://www.green-japan.com/job/77890,東京都
株式会社 スマートウィル,https://www.green-japan.com/job/48243,東京都
株式会社 ストリートスマート,https://www.green-japan.com/job/74660,東京都
株式会社 サンプロ,https://www.green-japan.com/job/59406,長野県
HEROZ 株式会社,https://www.green-japan.com/job/92232,東京都
株式会社 ソフィア,https://www.green-japan.com/job/45625,東京都
株式会社 鶴,https://www.green-japan.com/job/111939,東京都
ニュートン・コンサルティング 株式会社,https://www.green-japan.com/job/38176,東京都
株式会社 ヒューマンサイエンス,https://www.green-japan.com/job/84727,東京都
株式会社 コンコードエグゼクティブグループ,https://www.green-japan.com/job/17828,東京都
株式会社 Gracia,https://www.green-japan.com/job/84892,東京都
株式会社 ネオキャリア,https://www.green-japan.com/job/108776,東京都
株式会社 エフアイシーシー,https://www.green-japan.com/job/93444,東京都
コインチェック 株式会社,https://www.green-japan.com/job/112007,東京都
株式会社 ウェブレッジ,https://www.green-japan.com/job/67040,東京都
株式会社 データワイズ,https://www.green-japan.com/job/107231,東京都
Matcher 株式会社,https://www.green-japan.com/job/88871,東京都
株式会社 dotD,https://www.green-japan.com/job/96624,東京都
株式会社 BearTail,https://www.green-japan.com/job/112306,東京都
株式会社 新大陸,https://www.green-japan.com/job/56201,静岡県
株式会社 サクセスプラン,https://www.green-japan.com/job/102096,東京都
株式会社 GA technologies（GAテクノロジーズ） ,https://www.green-japan.com/job/109737,東京都
ココネ 株式会社,https://www.green-japan.com/job/94923,東京都
株式会社 ダイレクトマーケティングゼロ,https://www.green-japan.com/job/75426,東京都
株式会社 ビューティガレージ,https://www.green-japan.com/job/72392,東京都
株式会社 リゾーム,https://www.green-japan.com/job/74015,東京都
アンダーワークス 株式会社,https://www.green-japan.com/job/28857,東京都
ClipLine 株式会社,https://www.green-japan.com/job/88590,東京都
株式会社 KSK,https://www.green-japan.com/job/82265,茨城県
株式会社 NTTデータ・フィナンシャル・ソリューションズ,https://www.green-japan.com/job/75767,東京都
プライムナンバーズ 株式会社,https://www.green-japan.com/job/42591,東京都
株式会社 セントリーディング,https://www.green-japan.com/job/98799,東京都
株式会社 コーソル,https://www.green-japan.com/job/34720,東京都，神奈川県，愛知県，福岡県，海外
株式会社 POL,https://www.green-japan.com/job/91963,東京都
株式会社 シーユーシー,https://www.green-japan.com/job/76399,東京都，全国
株式会社 オーリーズ,https://www.green-japan.com/job/79616,東京都
SBIエクイティクラウド 株式会社,https://www.green-japan.com/job/81417,東京都
株式会社 ホールハート,https://www.green-japan.com/job/98436,東京都
トリニティ 株式会社,https://www.green-japan.com/job/30550,東京都
株式会社 コレリィアンドアトラクト,https://www.green-japan.com/job/51772,東京都
図研モデリンクス 株式会社,https://www.green-japan.com/job/103227,東京都，愛知県
サイジニア 株式会社,https://www.green-japan.com/job/25590,東京都
株式会社 エヌリンクス,https://www.green-japan.com/job/2414,東京都
株式会社 トマルバ,https://www.green-japan.com/job/51470,京都府
サイコス 株式会社,https://www.green-japan.com/job/33829,東京都
with Career 株式会社,https://www.green-japan.com/job/21529,東京都
ジェニシス社会保険労務士法人,https://www.green-japan.com/job/60255,大阪府
株式会社 イーアイアイ,https://www.green-japan.com/job/90949,東京都
キヤノンビズアテンダ 株式会社,https://www.green-japan.com/job/107575,東京都
株式会社 マネーパートナーズ,https://www.green-japan.com/job/48428,東京都
株式会社 スパイラル・アンド・カンパニー,https://www.green-japan.com/job/110471,東京都
株式会社 マウンティンITコンサル事業部,https://www.green-japan.com/job/89007,東京都
株式会社 ベイカレント・コンサルティング,https://www.green-japan.com/job/66814,東京都
株式会社 Legoliss,https://www.green-japan.com/job/101911,東京都
株式会社 アクアードコンサルティング,https://www.green-japan.com/job/17494,埼玉県，千葉県，東京都，神奈川県
